;;;;;;;;;;;;;;;;;;;;;;;;;;;;;;;;;;;;;;;;;;;;;;;;;;;;;;;;;;;;;;;;;;;;;;;;;;;;;;;;;;;;;;;;;;;;;;;;;;;;;;;;;;;;;;;;;;;;;;;;;;;;;;;;;;;;;;;;;;;;;;;;;;;;;;;;;;;;;;;;;;;;;;;;;;;;;;;;;;;;;;;;;;;;;;;;;;;;;;;;;;;;;;;;;;;;;;;;;;;;;;;;;;;;;;;;;;;;;;;;;;;;;;;;;;;;;;;
СОЦИАЛЬНО-ЭКОНОМИЧЕСКИЕ ПОКАЗАТЕЛИ РОССИЙСКОЙ ФЕДЕРАЦИИ В 1991-2024 гг.;;;;;;;;;;;;;;;;;;;;;;;;;;;;;;;;;;;;;;;;;;;;;;;;;;;;;;;;;;;;;;;;;;;;;;;;;;;;;;;;;;;;;;;;;;;;;;;;;;;;;;;;;;;;;;;;;;;;;;;;;;;;;;;;;;;;;;;;;;;;;;;;;;;;;;;;;;;;;;;;;;;;;;;;;;;;;;;;;;;;;;;;;;;;;;;;;;;;;;;;;;;;;;;;;;;;;;;;;;;;;;;;;;;;;;;;;;;;;;;;;;;;;;;;;;;;;;;
 ПОКАЗАТЕЛИ ;1991;1992;1993;1994;1995;1996;1997;1998;1999;2000;2001;2002;2003;2004;2005;2006;2007;2008;2009;2010;2011;2012;2013;2014;2015;2016;2017;2018;2019;2020;2021;2022;2023;2024;;;;;;;;;;;;;;;;;;;;;;;;;;;;;;;;;;;;;;;;;;;;;;;;;;;;;;;;;;;;;;;;;;;;;;;;;;;;;;;;;;;;;;;;;;;;;;;;;;;;;;;;;;;;;;;;;;;;;;;;;;;;;;;;;;;;;;;;;;;;;;;;;;;;;;;;;;;;;;;;;;;;;;;;;;;;;;;;;;;;;;;;;;;;;;;;;;;;;;;;;;;;;;;;;;;;;;;;;;;;;
22. ЦЕНЫ И ТАРИФЫ;;;;;;;;;;;;;;;;;;;;;;;;;;;;;;;;;;;;;;;;;;;;;;;;;;;;;;;;;;;;;;;;;;;;;;;;;;;;;;;;;;;;;;;;;;;;;;;;;;;;;;;;;;;;;;;;;;;;;;;;;;;;;;;;;;;;;;;;;;;;;;;;;;;;;;;;;;;;;;;;;;;;;;;;;;;;;;;;;;;;;;;;;;;;;;;;;;;;;;;;;;;;;;;;;;;;;;;;;;;;;;;;;;;;;;;;;;;;;;;;;;;;;;;;;;;;;;;
"Уровень и динамика цен 
на потребительском рынке*)";;;;;;;;;;;;;;;;;;;;;;;;;;;;;;;;;;;;;;;;;;;;;;;;;;;;;;;;;;;;;;;;;;;;;;;;;;;;;;;;;;;;;;;;;;;;;;;;;;;;;;;;;;;;;;;;;;;;;;;;;;;;;;;;;;;;;;;;;;;;;;;;;;;;;;;;;;;;;;;;;;;;;;;;;;;;;;;;;;;;;;;;;;;;;;;;;;;;;;;;;;;;;;;;;;;;;;;;;;;;;;;;;;;;;;;;;;;;;;;;;;;;;;;;;;;;;;;
Индексы потребительских цен на товары и услуги (декабрь к декабрю предыдущего года, в процентах);260,4;2608,8;939,9;315,1;231,3;121,8;111,0;184,4;136,5;120,2;118,6;115,1;112,0;111,7;110,9;109,0;111,9;113,3;108,8;108,8;106,1;106,6;106,5;111,4;112,9;105,4;102,5;104,3;103,0;104,9;108,4;111,9;107,4;109,5;;;;;;;;;;;;;;;;;;;;;;;;;;;;;;;;;;;;;;;;;;;;;;;;;;;;;;;;;;;;;;;;;;;;;;;;;;;;;;;;;;;;;;;;;;;;;;;;;;;;;;;;;;;;;;;;;;;;;;;;;;;;;;;;;;;;;;;;;;;;;;;;;;;;;;;;;;;;;;;;;;;;;;;;;;;;;;;;;;;;;;;;;;;;;;;;;;;;;;;;;;;;;;;;;;;;;;;;;;;;;
"Индексы потребительских цен 
на продовольственные товары  
(декабрь к декабрю предыдущего года, в процентах)";236,1;2626,2;904,9;314,1;223,4;117,7;109,1;196,0;135,9;117,9;117,1;111,0;110,2;112,3;109,6;108,7;115,6;116,5;106,1;112,9;103,9;107,5;107,3;115,4;114,0;104,6;101,1;104,7;102,6;106,7;110,6;110,3;108,2;111,1;;;;;;;;;;;;;;;;;;;;;;;;;;;;;;;;;;;;;;;;;;;;;;;;;;;;;;;;;;;;;;;;;;;;;;;;;;;;;;;;;;;;;;;;;;;;;;;;;;;;;;;;;;;;;;;;;;;;;;;;;;;;;;;;;;;;;;;;;;;;;;;;;;;;;;;;;;;;;;;;;;;;;;;;;;;;;;;;;;;;;;;;;;;;;;;;;;;;;;;;;;;;;;;;;;;;;;;;;;;;;
"Индексы потребительских цен 
на непродовольственные товары  (декабрь к декабрю предыдущего года, в процентах)";310,7;2673,4;741,8;269,0;216,3;117,8;108,1;199,5;139,2;118,5;112,7;110,9;109,2;107,4;106,4;106,0;106,5;108,0;109,7;105,0;106,7;105,2;104,5;108,1;113,7;106,5;102,8;104,1;103,0;104,8;108,6;112,7;106,0;106,1;;;;;;;;;;;;;;;;;;;;;;;;;;;;;;;;;;;;;;;;;;;;;;;;;;;;;;;;;;;;;;;;;;;;;;;;;;;;;;;;;;;;;;;;;;;;;;;;;;;;;;;;;;;;;;;;;;;;;;;;;;;;;;;;;;;;;;;;;;;;;;;;;;;;;;;;;;;;;;;;;;;;;;;;;;;;;;;;;;;;;;;;;;;;;;;;;;;;;;;;;;;;;;;;;;;;;;;;;;;;;
"Индексы потребительских цен на услуги  (декабрь к декабрю предыдущего года, 
в процентах)";178,8;2220,5;2411,2;622,4;332,2;148,4;122,5;118,3;134,0;133,7;136,9;136,2;122,3;117,7;121,0;113,9;113,3;115,9;111,6;108,1;108,7;107,3;108,0;110,5;110,2;104,9;104,4;103,9;103,8;102,7;105,0;113,2;108,3;111,5;;;;;;;;;;;;;;;;;;;;;;;;;;;;;;;;;;;;;;;;;;;;;;;;;;;;;;;;;;;;;;;;;;;;;;;;;;;;;;;;;;;;;;;;;;;;;;;;;;;;;;;;;;;;;;;;;;;;;;;;;;;;;;;;;;;;;;;;;;;;;;;;;;;;;;;;;;;;;;;;;;;;;;;;;;;;;;;;;;;;;;;;;;;;;;;;;;;;;;;;;;;;;;;;;;;;;;;;;;;;;
"Индексы потребительских цен 
на отдельные группы продовольственных товаров 
(декабрь к декабрю предыдущего года, 
в процентах)";;;;;;;;;;;;;;;;;;;;;;;;;;;;;;;;;;;;;;;;;;;;;;;;;;;;;;;;;;;;;;;;;;;;;;;;;;;;;;;;;;;;;;;;;;;;;;;;;;;;;;;;;;;;;;;;;;;;;;;;;;;;;;;;;;;;;;;;;;;;;;;;;;;;;;;;;;;;;;;;;;;;;;;;;;;;;;;;;;;;;;;;;;;;;;;;;;;;;;;;;;;;;;;;;;;;;;;;;;;;;;;;;;;;;;;;;;;;;;;;;;;;;;;;;;;;;;;
Мясо и птица;;;1185,9;276,4;225,2;115,7;111,3;205,8;133,5;128,3;128,5;102,7;108,9;119,6;118,6;105,9;108,4;122,2;105,0;105,3;109,2;108,3;97,0;120,1;104,3;101,6;97,7;109,7;100,2;102,7;117,5;104,0;116,2;106,0;;;;;;;;;;;;;;;;;;;;;;;;;;;;;;;;;;;;;;;;;;;;;;;;;;;;;;;;;;;;;;;;;;;;;;;;;;;;;;;;;;;;;;;;;;;;;;;;;;;;;;;;;;;;;;;;;;;;;;;;;;;;;;;;;;;;;;;;;;;;;;;;;;;;;;;;;;;;;;;;;;;;;;;;;;;;;;;;;;;;;;;;;;;;;;;;;;;;;;;;;;;;;;;;;;;;;;;;;;;;;
"Колбасные изделия и продукты 
из мяса и птицы";;;1216,1;295,9;223,4;114,2;108,3;169,7;141,6;123,8;122,4;106,0;107,0;119,4;110,1;107,7;109,1;124,2;108,3;105,5;108,7;107,0;104,4;118,0;110,9;103,9;102,4;106,3;103,4;103,8;111,2;108,4;107,5;105,5;;;;;;;;;;;;;;;;;;;;;;;;;;;;;;;;;;;;;;;;;;;;;;;;;;;;;;;;;;;;;;;;;;;;;;;;;;;;;;;;;;;;;;;;;;;;;;;;;;;;;;;;;;;;;;;;;;;;;;;;;;;;;;;;;;;;;;;;;;;;;;;;;;;;;;;;;;;;;;;;;;;;;;;;;;;;;;;;;;;;;;;;;;;;;;;;;;;;;;;;;;;;;;;;;;;;;;;;;;;;;
Консервы мясные;;;660,4;265,5;210,5;111,4;107,2;217,3;117,0;108,7;122,8;109,9;107,3;113,5;114,4;107,7;107,7;124,7;111,1;105,3;108,3;106,9;105,0;118,4;122,9;104,2;102,3;103,3;105,1;108,2;107,6;120,1;103,2;105,6;;;;;;;;;;;;;;;;;;;;;;;;;;;;;;;;;;;;;;;;;;;;;;;;;;;;;;;;;;;;;;;;;;;;;;;;;;;;;;;;;;;;;;;;;;;;;;;;;;;;;;;;;;;;;;;;;;;;;;;;;;;;;;;;;;;;;;;;;;;;;;;;;;;;;;;;;;;;;;;;;;;;;;;;;;;;;;;;;;;;;;;;;;;;;;;;;;;;;;;;;;;;;;;;;;;;;;;;;;;;;
Рыбопродукты;;;838,5;300,8;207,3;113,1;108,1;188,7;134,1;128,4;123,0;112,1;108,7;111,8;113,1;106,9;108,5;114,7;110,7;104,6;111,3;102,8;107,0;118,0;122,9;108,6;103,3;103,1;105,0;105,6;111,3;114,4;105,3;114,7;;;;;;;;;;;;;;;;;;;;;;;;;;;;;;;;;;;;;;;;;;;;;;;;;;;;;;;;;;;;;;;;;;;;;;;;;;;;;;;;;;;;;;;;;;;;;;;;;;;;;;;;;;;;;;;;;;;;;;;;;;;;;;;;;;;;;;;;;;;;;;;;;;;;;;;;;;;;;;;;;;;;;;;;;;;;;;;;;;;;;;;;;;;;;;;;;;;;;;;;;;;;;;;;;;;;;;;;;;;;;
Масло сливочное;;;705,1;507,8;150,8;116,1;102,3;303,3;103,6;104,1;104,0;112,0;111,4;106,8;108,2;106,8;140,3;110,5;107,9;123,3;106,6;103,0;118,6;114,5;110,6;120,5;109,6;103,6;110,0;104,2;112,3;114,7;103,5;136,2;;;;;;;;;;;;;;;;;;;;;;;;;;;;;;;;;;;;;;;;;;;;;;;;;;;;;;;;;;;;;;;;;;;;;;;;;;;;;;;;;;;;;;;;;;;;;;;;;;;;;;;;;;;;;;;;;;;;;;;;;;;;;;;;;;;;;;;;;;;;;;;;;;;;;;;;;;;;;;;;;;;;;;;;;;;;;;;;;;;;;;;;;;;;;;;;;;;;;;;;;;;;;;;;;;;;;;;;;;;;;
Масло подсолнечное;;;776,6;378,3;186,7;85,3;118,2;268,2;109,8;90,7;142,2;106,5;107,6;102,1;102,1;98,8;152,3;122,1;80,2;127,6;104,6;103,4;97,0;105,0;137,2;103,4;91,4;101,8;97,1;125,9;108,7;105,2;98,6;112,7;;;;;;;;;;;;;;;;;;;;;;;;;;;;;;;;;;;;;;;;;;;;;;;;;;;;;;;;;;;;;;;;;;;;;;;;;;;;;;;;;;;;;;;;;;;;;;;;;;;;;;;;;;;;;;;;;;;;;;;;;;;;;;;;;;;;;;;;;;;;;;;;;;;;;;;;;;;;;;;;;;;;;;;;;;;;;;;;;;;;;;;;;;;;;;;;;;;;;;;;;;;;;;;;;;;;;;;;;;;;;
Молоко и молочная продукция;;;1309,0;423,8;228,6;117,5;110,2;178,0;138,7;121,1;116,6;105,9;113,1;112,8;110,5;108,7;130,4;112,2;102,3;116,7;106,3;104,4;113,1;114,4;111,5;109,5;105,2;102,9;106,1;103,6;109,8;115,2;100,5;115,7;;;;;;;;;;;;;;;;;;;;;;;;;;;;;;;;;;;;;;;;;;;;;;;;;;;;;;;;;;;;;;;;;;;;;;;;;;;;;;;;;;;;;;;;;;;;;;;;;;;;;;;;;;;;;;;;;;;;;;;;;;;;;;;;;;;;;;;;;;;;;;;;;;;;;;;;;;;;;;;;;;;;;;;;;;;;;;;;;;;;;;;;;;;;;;;;;;;;;;;;;;;;;;;;;;;;;;;;;;;;;
Сыр;;;840,0;342,3;236,7;112,1;110,6;213,0;133,9;113,6;119,2;100,8;109,6;108,1;112,0;104,2;156,3;93,3;100,9;119,9;103,4;101,1;118,0;118,2;108,7;109,9;103,7;104,1;106,9;105,0;108,1;115,4;102,3;113,9;;;;;;;;;;;;;;;;;;;;;;;;;;;;;;;;;;;;;;;;;;;;;;;;;;;;;;;;;;;;;;;;;;;;;;;;;;;;;;;;;;;;;;;;;;;;;;;;;;;;;;;;;;;;;;;;;;;;;;;;;;;;;;;;;;;;;;;;;;;;;;;;;;;;;;;;;;;;;;;;;;;;;;;;;;;;;;;;;;;;;;;;;;;;;;;;;;;;;;;;;;;;;;;;;;;;;;;;;;;;;
Яйца;;;1149,0;384,4;210,8;112,8;97,4;282,4;100,6;111,7;114,0;106,3;110,5;128,7;86,1;110,4;128,7;113,8;85,5;113,2;106,2;105,1;128,8;104,6;109,8;99,3;85,8;125,9;95,0;115,1;116,0;93,5;161,4;88,8;;;;;;;;;;;;;;;;;;;;;;;;;;;;;;;;;;;;;;;;;;;;;;;;;;;;;;;;;;;;;;;;;;;;;;;;;;;;;;;;;;;;;;;;;;;;;;;;;;;;;;;;;;;;;;;;;;;;;;;;;;;;;;;;;;;;;;;;;;;;;;;;;;;;;;;;;;;;;;;;;;;;;;;;;;;;;;;;;;;;;;;;;;;;;;;;;;;;;;;;;;;;;;;;;;;;;;;;;;;;;
Сахар;;;596,8;317,0;197,6;85,3;122,8;330,3;73,2;170,7;95,5;130,8;94,4;107,5;99,9;114,9;95,7;107,0;142,7;122,5;74,5;106,0;102,6;140,0;112,9;94,0;76,3;128,3;69,2;164,5;112,3;113,5;110,8;103,6;;;;;;;;;;;;;;;;;;;;;;;;;;;;;;;;;;;;;;;;;;;;;;;;;;;;;;;;;;;;;;;;;;;;;;;;;;;;;;;;;;;;;;;;;;;;;;;;;;;;;;;;;;;;;;;;;;;;;;;;;;;;;;;;;;;;;;;;;;;;;;;;;;;;;;;;;;;;;;;;;;;;;;;;;;;;;;;;;;;;;;;;;;;;;;;;;;;;;;;;;;;;;;;;;;;;;;;;;;;;;
Кондитерские изделия;;;728,4;277,1;214,1;110,7;105,9;177,6;131,2;109,9;109,9;108,9;111,0;107,9;106,4;109,1;112,0;123,4;110,7;106,6;110,5;106,1;105,9;110,9;124,2;106,9;101,0;101,8;105,0;104,6;110,0;121,4;102,8;111,1;;;;;;;;;;;;;;;;;;;;;;;;;;;;;;;;;;;;;;;;;;;;;;;;;;;;;;;;;;;;;;;;;;;;;;;;;;;;;;;;;;;;;;;;;;;;;;;;;;;;;;;;;;;;;;;;;;;;;;;;;;;;;;;;;;;;;;;;;;;;;;;;;;;;;;;;;;;;;;;;;;;;;;;;;;;;;;;;;;;;;;;;;;;;;;;;;;;;;;;;;;;;;;;;;;;;;;;;;;;;;
Хлеб и хлебобулочные изделия;;;1056,6;408,8;317,8;121,8;104,9;117,5;170,2;116,5;112,4;104,9;130,4;116,7;103,0;111,1;122,4;125,9;102,4;107,6;108,9;112,0;108,0;107,5;113,2;105,9;102,7;105,2;106,3;107,3;110,3;113,0;105,2;113,2;;;;;;;;;;;;;;;;;;;;;;;;;;;;;;;;;;;;;;;;;;;;;;;;;;;;;;;;;;;;;;;;;;;;;;;;;;;;;;;;;;;;;;;;;;;;;;;;;;;;;;;;;;;;;;;;;;;;;;;;;;;;;;;;;;;;;;;;;;;;;;;;;;;;;;;;;;;;;;;;;;;;;;;;;;;;;;;;;;;;;;;;;;;;;;;;;;;;;;;;;;;;;;;;;;;;;;;;;;;;;
Крупа и бобовые;;;476,2;401,1;286,2;116,0;100,6;230,9;179,5;83,6;96,5;126,4;117,0;111,6;100,2;112,1;124,7;125,8;97,5;158,8;92,0;93,0;103,2;134,6;115,5;106,4;87,0;101,2;115,2;120,1;116,1;109,0;97,6;103,6;;;;;;;;;;;;;;;;;;;;;;;;;;;;;;;;;;;;;;;;;;;;;;;;;;;;;;;;;;;;;;;;;;;;;;;;;;;;;;;;;;;;;;;;;;;;;;;;;;;;;;;;;;;;;;;;;;;;;;;;;;;;;;;;;;;;;;;;;;;;;;;;;;;;;;;;;;;;;;;;;;;;;;;;;;;;;;;;;;;;;;;;;;;;;;;;;;;;;;;;;;;;;;;;;;;;;;;;;;;;;
Макаронные изделия;;;800,6;408,4;235,5;110,9;103,6;185,0;140,0;108,4;111,0;106,5;114,0;114,6;101,9;104,7;123,6;133,8;101,6;104,7;103,4;107,6;104,7;108,4;119,5;104,5;99,3;101,4;105,7;112,1;115,0;114,6;96,2;102,9;;;;;;;;;;;;;;;;;;;;;;;;;;;;;;;;;;;;;;;;;;;;;;;;;;;;;;;;;;;;;;;;;;;;;;;;;;;;;;;;;;;;;;;;;;;;;;;;;;;;;;;;;;;;;;;;;;;;;;;;;;;;;;;;;;;;;;;;;;;;;;;;;;;;;;;;;;;;;;;;;;;;;;;;;;;;;;;;;;;;;;;;;;;;;;;;;;;;;;;;;;;;;;;;;;;;;;;;;;;;;
Плодоовощная продукция, включая картофель;;;997,9;318,4;177,4;110,9;100,6;255,0;130,7;97,0;127,6;133,3;95,8;103,3;114,3;110,3;122,2;107,7;98,3;145,6;75,3;111,0;109,3;122,0;117,4;93,2;101,2;104,9;98,0;117,4;114,0;98,0;124,2;122,1;;;;;;;;;;;;;;;;;;;;;;;;;;;;;;;;;;;;;;;;;;;;;;;;;;;;;;;;;;;;;;;;;;;;;;;;;;;;;;;;;;;;;;;;;;;;;;;;;;;;;;;;;;;;;;;;;;;;;;;;;;;;;;;;;;;;;;;;;;;;;;;;;;;;;;;;;;;;;;;;;;;;;;;;;;;;;;;;;;;;;;;;;;;;;;;;;;;;;;;;;;;;;;;;;;;;;;;;;;;;;
Алкогольные напитки;;;754,9;230,6;227,2;152,8;118,0;150,8;143,2;125,0;112,6;108,9;109,9;108,7;107,6;110,1;107,7;110,9;108,9;108,3;108,4;112,1;114,6;113,7;110,7;106,4;102,9;101,3;101,2;102,8;102,6;108,1;102,5;108,3;;;;;;;;;;;;;;;;;;;;;;;;;;;;;;;;;;;;;;;;;;;;;;;;;;;;;;;;;;;;;;;;;;;;;;;;;;;;;;;;;;;;;;;;;;;;;;;;;;;;;;;;;;;;;;;;;;;;;;;;;;;;;;;;;;;;;;;;;;;;;;;;;;;;;;;;;;;;;;;;;;;;;;;;;;;;;;;;;;;;;;;;;;;;;;;;;;;;;;;;;;;;;;;;;;;;;;;;;;;;;
"Индексы потребительских цен 
на отдельные группы непродовольственных товаров
(декабрь к декабрю предыдущего года, 
в процентах)";;;;;;;;;;;;;;;;;;;;;;;;;;;;;;;;;;;;;;;;;;;;;;;;;;;;;;;;;;;;;;;;;;;;;;;;;;;;;;;;;;;;;;;;;;;;;;;;;;;;;;;;;;;;;;;;;;;;;;;;;;;;;;;;;;;;;;;;;;;;;;;;;;;;;;;;;;;;;;;;;;;;;;;;;;;;;;;;;;;;;;;;;;;;;;;;;;;;;;;;;;;;;;;;;;;;;;;;;;;;;;;;;;;;;;;;;;;;;;;;;;;;;;;;;;;;;;;
Хлопчатобумажные ткани;;;603,0;287,9;308,8;110,9;103,1;146,0;143,8;119,0;111,9;107,9;110,7;108,6;104,3;104,7;105,5;110,8;113,3;112,9;125,5;108,2;107,4;109,0;122,9;108,4;103,9;102,4;102,0;104,5;106,5;124,1;104,1;103,3;;;;;;;;;;;;;;;;;;;;;;;;;;;;;;;;;;;;;;;;;;;;;;;;;;;;;;;;;;;;;;;;;;;;;;;;;;;;;;;;;;;;;;;;;;;;;;;;;;;;;;;;;;;;;;;;;;;;;;;;;;;;;;;;;;;;;;;;;;;;;;;;;;;;;;;;;;;;;;;;;;;;;;;;;;;;;;;;;;;;;;;;;;;;;;;;;;;;;;;;;;;;;;;;;;;;;;;;;;;;;
Шерстяные ткани;;;563,8;254,1;260,6;126,7;108,1;143,9;155,2;125,1;113,6;108,5;107,1;106,5;105,9;105,3;105,0;104,9;107,0;104,2;105,6;103,8;105,3;108,1;123,7;107,4;104,5;101,4;102,0;102,1;102,8;110,8;102,5;102,3;;;;;;;;;;;;;;;;;;;;;;;;;;;;;;;;;;;;;;;;;;;;;;;;;;;;;;;;;;;;;;;;;;;;;;;;;;;;;;;;;;;;;;;;;;;;;;;;;;;;;;;;;;;;;;;;;;;;;;;;;;;;;;;;;;;;;;;;;;;;;;;;;;;;;;;;;;;;;;;;;;;;;;;;;;;;;;;;;;;;;;;;;;;;;;;;;;;;;;;;;;;;;;;;;;;;;;;;;;;;;
Шелковые ткани;;;521,1;238,9;272,5;119,5;105,8;137,1;171,4;119,8;112,3;106,9;106,8;105,9;105,2;107,9;105,1;106,0;107,9;103,4;103,6;104,1;104,8;107,3;119,1;107,6;103,6;101,7;101,3;101,9;102,5;109,8;104,6;102,8;;;;;;;;;;;;;;;;;;;;;;;;;;;;;;;;;;;;;;;;;;;;;;;;;;;;;;;;;;;;;;;;;;;;;;;;;;;;;;;;;;;;;;;;;;;;;;;;;;;;;;;;;;;;;;;;;;;;;;;;;;;;;;;;;;;;;;;;;;;;;;;;;;;;;;;;;;;;;;;;;;;;;;;;;;;;;;;;;;;;;;;;;;;;;;;;;;;;;;;;;;;;;;;;;;;;;;;;;;;;;
Одежда и белье;;;739,7;267,8;223,6;123,7;109,4;162,8;149,1;122,8;116,1;112,7;110,7;108,0;107,5;107,8;108,0;109,8;111,0;107,1;107,2;105,6;104,7;106,2;112,8;107,3;103,0;102,3;102,2;101,6;103,4;107,9;103,2;103,6;;;;;;;;;;;;;;;;;;;;;;;;;;;;;;;;;;;;;;;;;;;;;;;;;;;;;;;;;;;;;;;;;;;;;;;;;;;;;;;;;;;;;;;;;;;;;;;;;;;;;;;;;;;;;;;;;;;;;;;;;;;;;;;;;;;;;;;;;;;;;;;;;;;;;;;;;;;;;;;;;;;;;;;;;;;;;;;;;;;;;;;;;;;;;;;;;;;;;;;;;;;;;;;;;;;;;;;;;;;;;
Верхний трикотаж, прочие изделия верхнего трикотажа;;;575,3;231,4;190,4;120,6;108,7;161,6;149,2;123,0;117,5;115,1;111,1;108,8;108,3;107,8;107,9;109,3;111,1;107,2;105,9;104,9;104,3;105,5;111,2;106,7;103,0;102,3;102,1;101,3;103,3;106,9;102,9;103,7;;;;;;;;;;;;;;;;;;;;;;;;;;;;;;;;;;;;;;;;;;;;;;;;;;;;;;;;;;;;;;;;;;;;;;;;;;;;;;;;;;;;;;;;;;;;;;;;;;;;;;;;;;;;;;;;;;;;;;;;;;;;;;;;;;;;;;;;;;;;;;;;;;;;;;;;;;;;;;;;;;;;;;;;;;;;;;;;;;;;;;;;;;;;;;;;;;;;;;;;;;;;;;;;;;;;;;;;;;;;;
Бельевой трикотаж;;;900,7;270,1;248,0;120,5;108,9;158,2;160,0;122,2;116,0;112,5;111,9;110,0;109,4;108,5;109,1;113,2;113,9;109,0;110,0;106,2;104,8;107,9;117,2;109,2;103,9;103,0;102,9;103,4;105,8;114,8;104,6;105,0;;;;;;;;;;;;;;;;;;;;;;;;;;;;;;;;;;;;;;;;;;;;;;;;;;;;;;;;;;;;;;;;;;;;;;;;;;;;;;;;;;;;;;;;;;;;;;;;;;;;;;;;;;;;;;;;;;;;;;;;;;;;;;;;;;;;;;;;;;;;;;;;;;;;;;;;;;;;;;;;;;;;;;;;;;;;;;;;;;;;;;;;;;;;;;;;;;;;;;;;;;;;;;;;;;;;;;;;;;;;;
Чулочно-носочные изделия;;;902,0;325,3;227,6;118,2;107,6;195,6;141,7;115,1;112,2;109,1;109,5;107,9;107,0;106,8;108,3;110,2;114,3;105,5;106,9;105,2;103,9;106,8;114,2;107,3;102,0;102,0;102,9;103,8;105,4;111,6;104,5;105,1;;;;;;;;;;;;;;;;;;;;;;;;;;;;;;;;;;;;;;;;;;;;;;;;;;;;;;;;;;;;;;;;;;;;;;;;;;;;;;;;;;;;;;;;;;;;;;;;;;;;;;;;;;;;;;;;;;;;;;;;;;;;;;;;;;;;;;;;;;;;;;;;;;;;;;;;;;;;;;;;;;;;;;;;;;;;;;;;;;;;;;;;;;;;;;;;;;;;;;;;;;;;;;;;;;;;;;;;;;;;;
Кожаная, текстильная и комбинированная обувь;;;680,3;230,5;205,4;118,4;110,1;172,2;150,9;124,7;116,1;112,1;109,2;106,9;106,3;107,1;107,8;108,3;110,1;106,1;105,5;104,6;104,5;105,7;115,1;109,2;104,0;101,9;101,2;101,2;102,6;106,4;100,8;104,4;;;;;;;;;;;;;;;;;;;;;;;;;;;;;;;;;;;;;;;;;;;;;;;;;;;;;;;;;;;;;;;;;;;;;;;;;;;;;;;;;;;;;;;;;;;;;;;;;;;;;;;;;;;;;;;;;;;;;;;;;;;;;;;;;;;;;;;;;;;;;;;;;;;;;;;;;;;;;;;;;;;;;;;;;;;;;;;;;;;;;;;;;;;;;;;;;;;;;;;;;;;;;;;;;;;;;;;;;;;;;
Моющие и чистящие средства;;;995,3;464,6;205,1;109,6;104,0;247,6;132,5;102,0;104,3;107,6;106,0;104,2;106,4;105,7;108,0;117,5;112,6;104,0;108,9;107,3;104,6;109,2;122,4;106,3;100,6;103,1;104,9;106,0;107,4;129,8;102,2;101,6;;;;;;;;;;;;;;;;;;;;;;;;;;;;;;;;;;;;;;;;;;;;;;;;;;;;;;;;;;;;;;;;;;;;;;;;;;;;;;;;;;;;;;;;;;;;;;;;;;;;;;;;;;;;;;;;;;;;;;;;;;;;;;;;;;;;;;;;;;;;;;;;;;;;;;;;;;;;;;;;;;;;;;;;;;;;;;;;;;;;;;;;;;;;;;;;;;;;;;;;;;;;;;;;;;;;;;;;;;;;;
Парфюмерно-косметические товары;;;617,7;348,5;212,3;115,8;107,0;234,0;137,7;111,5;109,8;109,0;109,3;106,7;106,3;106,8;107,2;110,5;115,5;104,5;104,9;106,4;104,9;108,3;121,8;109,4;103,0;103,2;104,7;103,8;106,3;129,5;102,6;105,9;;;;;;;;;;;;;;;;;;;;;;;;;;;;;;;;;;;;;;;;;;;;;;;;;;;;;;;;;;;;;;;;;;;;;;;;;;;;;;;;;;;;;;;;;;;;;;;;;;;;;;;;;;;;;;;;;;;;;;;;;;;;;;;;;;;;;;;;;;;;;;;;;;;;;;;;;;;;;;;;;;;;;;;;;;;;;;;;;;;;;;;;;;;;;;;;;;;;;;;;;;;;;;;;;;;;;;;;;;;;;
Галантерея;;;914,5;251,5;209,7;123,5;109,1;175,1;151,7;120,8;114,3;110,6;109,8;107,2;106,3;106,7;108,8;110,9;113,1;106,3;106,2;105,6;105,2;107,3;116,6;108,8;103,7;102,2;103,0;102,8;104,2;112,9;102,7;104,1;;;;;;;;;;;;;;;;;;;;;;;;;;;;;;;;;;;;;;;;;;;;;;;;;;;;;;;;;;;;;;;;;;;;;;;;;;;;;;;;;;;;;;;;;;;;;;;;;;;;;;;;;;;;;;;;;;;;;;;;;;;;;;;;;;;;;;;;;;;;;;;;;;;;;;;;;;;;;;;;;;;;;;;;;;;;;;;;;;;;;;;;;;;;;;;;;;;;;;;;;;;;;;;;;;;;;;;;;;;;;
Табачные изделия;;;407,2;194,2;275,5;112,2;115,7;273,9;116,9;103,6;106,8;106,2;108,6;104,2;105,3;108,1;107,7;116,1;118,7;119,5;121,1;122,6;129,3;127,1;126,6;117,8;108,6;110,1;111,0;108,2;116,4;110,2;107,0;106,2;;;;;;;;;;;;;;;;;;;;;;;;;;;;;;;;;;;;;;;;;;;;;;;;;;;;;;;;;;;;;;;;;;;;;;;;;;;;;;;;;;;;;;;;;;;;;;;;;;;;;;;;;;;;;;;;;;;;;;;;;;;;;;;;;;;;;;;;;;;;;;;;;;;;;;;;;;;;;;;;;;;;;;;;;;;;;;;;;;;;;;;;;;;;;;;;;;;;;;;;;;;;;;;;;;;;;;;;;;;;;
Мебель;;;668,5;269,7;217,3;117,5;107,1;173,2;129,8;114,4;113,1;109,9;109,7;107,9;108,0;106,8;108,4;112,1;107,1;103,9;105,5;105,0;103,6;106,4;109,6;103,3;101,9;103,4;103,0;105,2;111,8;110,6;105,6;106,7;;;;;;;;;;;;;;;;;;;;;;;;;;;;;;;;;;;;;;;;;;;;;;;;;;;;;;;;;;;;;;;;;;;;;;;;;;;;;;;;;;;;;;;;;;;;;;;;;;;;;;;;;;;;;;;;;;;;;;;;;;;;;;;;;;;;;;;;;;;;;;;;;;;;;;;;;;;;;;;;;;;;;;;;;;;;;;;;;;;;;;;;;;;;;;;;;;;;;;;;;;;;;;;;;;;;;;;;;;;;;
Электротовары и другие бытовые приборы;;;544,8 ;237,1;201,2;113,0;106,8;243,4;123,4;112,6;110,2;107,7;108,0;102,6;103,0;102,1;103,0;105,5;109,2;101,2;102,0;102,3;102,1;117,9;116,8;105,7;99,4;103,7;100,4;106,4;104,3;115,3;101,0;105,1;;;;;;;;;;;;;;;;;;;;;;;;;;;;;;;;;;;;;;;;;;;;;;;;;;;;;;;;;;;;;;;;;;;;;;;;;;;;;;;;;;;;;;;;;;;;;;;;;;;;;;;;;;;;;;;;;;;;;;;;;;;;;;;;;;;;;;;;;;;;;;;;;;;;;;;;;;;;;;;;;;;;;;;;;;;;;;;;;;;;;;;;;;;;;;;;;;;;;;;;;;;;;;;;;;;;;;;;;;;;;
Телерадиотовары;;;457,4 ;236,5;167,5;108,2;104,1;285,3;117,6;109,2;113,6;104,0;100,0;98,5;99,2;98,8;98,8;101,4;105,4;98,2;99,6;98,9;99,8;115,8;109,8;100,2;97,7;99,4;94,3;99,4;112,7;95,8;93,8;102,2;;;;;;;;;;;;;;;;;;;;;;;;;;;;;;;;;;;;;;;;;;;;;;;;;;;;;;;;;;;;;;;;;;;;;;;;;;;;;;;;;;;;;;;;;;;;;;;;;;;;;;;;;;;;;;;;;;;;;;;;;;;;;;;;;;;;;;;;;;;;;;;;;;;;;;;;;;;;;;;;;;;;;;;;;;;;;;;;;;;;;;;;;;;;;;;;;;;;;;;;;;;;;;;;;;;;;;;;;;;;;
Строительные материалы;;;1 080,5 ;323,2;253,2;117,0;103,5;135,1;146,6;126,4;117,1;111,1;111,6;108,4;109,1;111,5;116,2;111,3;102,1;104,6;107,9;105,1;102,5;104,8;110,4;105,8;103,1;104,9;102,7;105,3;123,8;103,6;105,5;107,9;;;;;;;;;;;;;;;;;;;;;;;;;;;;;;;;;;;;;;;;;;;;;;;;;;;;;;;;;;;;;;;;;;;;;;;;;;;;;;;;;;;;;;;;;;;;;;;;;;;;;;;;;;;;;;;;;;;;;;;;;;;;;;;;;;;;;;;;;;;;;;;;;;;;;;;;;;;;;;;;;;;;;;;;;;;;;;;;;;;;;;;;;;;;;;;;;;;;;;;;;;;;;;;;;;;;;;;;;;;;;
Бензин автомобильный;;;685,0 ;361,8;293,3;108,1;118,4;118,1;269,0;125,7;91,4;120,4;116,8;131,3;115,8;110,9;108,5;101,2;108,0;106,5;114,9;106,8;105,7;108,9;104,8;103,8;107,3;109,4;101,9;102,5;108,8;100,9;107,2;111,1;;;;;;;;;;;;;;;;;;;;;;;;;;;;;;;;;;;;;;;;;;;;;;;;;;;;;;;;;;;;;;;;;;;;;;;;;;;;;;;;;;;;;;;;;;;;;;;;;;;;;;;;;;;;;;;;;;;;;;;;;;;;;;;;;;;;;;;;;;;;;;;;;;;;;;;;;;;;;;;;;;;;;;;;;;;;;;;;;;;;;;;;;;;;;;;;;;;;;;;;;;;;;;;;;;;;;;;;;;;;;
Медикаменты;;;4 003,7 ;435,3;268,4;133,6;108,9;208,5;141,9;116,5;102,1;115,1;107,2;102,3;103,2;102,9;105,5;116,4;117,6;98,1;106,3;106,3;108,6;113,1;119,6;104,9;96,6;104,6;106,9;109,8;104,6;110,8;107,9;110,6;;;;;;;;;;;;;;;;;;;;;;;;;;;;;;;;;;;;;;;;;;;;;;;;;;;;;;;;;;;;;;;;;;;;;;;;;;;;;;;;;;;;;;;;;;;;;;;;;;;;;;;;;;;;;;;;;;;;;;;;;;;;;;;;;;;;;;;;;;;;;;;;;;;;;;;;;;;;;;;;;;;;;;;;;;;;;;;;;;;;;;;;;;;;;;;;;;;;;;;;;;;;;;;;;;;;;;;;;;;;;
Ювелирные изделия;;;691,0 ;268,5;185,5;105,4;103,3;173,0;141,8;112,0;107,1;107,4;108,6;105,1;107,0;120,9;114,8;123,6;128,0;116,9;124,3;109,7;103,1;105,3;122,9;109,0;99,8;102,9;106,5;127,5;109,5;114,2;122,2;133,8;;;;;;;;;;;;;;;;;;;;;;;;;;;;;;;;;;;;;;;;;;;;;;;;;;;;;;;;;;;;;;;;;;;;;;;;;;;;;;;;;;;;;;;;;;;;;;;;;;;;;;;;;;;;;;;;;;;;;;;;;;;;;;;;;;;;;;;;;;;;;;;;;;;;;;;;;;;;;;;;;;;;;;;;;;;;;;;;;;;;;;;;;;;;;;;;;;;;;;;;;;;;;;;;;;;;;;;;;;;;;
Часы;;;568,6 ;242,8;225,9;117,9;110,2;161,9;144,5;120,7;114,8;109,0;107,5;106,4;106,6;106,2;108,5;109,6;112,8;106,1;105,4;106,8;104,8;109,4;115,1;107,3;103,1;102,3;102,1;102,3;104,4;109,6;107,5;107,8;;;;;;;;;;;;;;;;;;;;;;;;;;;;;;;;;;;;;;;;;;;;;;;;;;;;;;;;;;;;;;;;;;;;;;;;;;;;;;;;;;;;;;;;;;;;;;;;;;;;;;;;;;;;;;;;;;;;;;;;;;;;;;;;;;;;;;;;;;;;;;;;;;;;;;;;;;;;;;;;;;;;;;;;;;;;;;;;;;;;;;;;;;;;;;;;;;;;;;;;;;;;;;;;;;;;;;;;;;;;;
"Индексы потребительских цен 
на отдельные группы услуг
(декабрь к декабрю предыдущего года, 
в процентах)";;;;;;;;;;;;;;;;;;;;;;;;;;;;;;;;;;;;;;;;;;;;;;;;;;;;;;;;;;;;;;;;;;;;;;;;;;;;;;;;;;;;;;;;;;;;;;;;;;;;;;;;;;;;;;;;;;;;;;;;;;;;;;;;;;;;;;;;;;;;;;;;;;;;;;;;;;;;;;;;;;;;;;;;;;;;;;;;;;;;;;;;;;;;;;;;;;;;;;;;;;;;;;;;;;;;;;;;;;;;;;;;;;;;;;;;;;;;;;;;;;;;;;;;;;;;;;;
Бытовые услуги;;;2 010,7 ;332,0;221,2;133,3;112,4;122,0;126,2;121,8;125,1;121,7;118,7;114,0;115,3;113,2;114,4;118,7;109,9;106,0;109,3;107,4;107,6;106,1;107,9;105,1;102,9;102,8;103,0;103,3;106,9;111,0;108,5;110,6;;;;;;;;;;;;;;;;;;;;;;;;;;;;;;;;;;;;;;;;;;;;;;;;;;;;;;;;;;;;;;;;;;;;;;;;;;;;;;;;;;;;;;;;;;;;;;;;;;;;;;;;;;;;;;;;;;;;;;;;;;;;;;;;;;;;;;;;;;;;;;;;;;;;;;;;;;;;;;;;;;;;;;;;;;;;;;;;;;;;;;;;;;;;;;;;;;;;;;;;;;;;;;;;;;;;;;;;;;;;;
Услуги пассажирского транспорта;;;2 027,1 ;794,8;300,1;153,2;118,5;114,1;143,1;134,8;125,3;126,0;113,7;118,0;115,8;114,2;113,6;122,5;106,5;108,7;109,1;106,9;108,9;107,3;110,7;106,6;106,8;104,3;106,1;101,1;109,6;110,7;115,7;110,8;;;;;;;;;;;;;;;;;;;;;;;;;;;;;;;;;;;;;;;;;;;;;;;;;;;;;;;;;;;;;;;;;;;;;;;;;;;;;;;;;;;;;;;;;;;;;;;;;;;;;;;;;;;;;;;;;;;;;;;;;;;;;;;;;;;;;;;;;;;;;;;;;;;;;;;;;;;;;;;;;;;;;;;;;;;;;;;;;;;;;;;;;;;;;;;;;;;;;;;;;;;;;;;;;;;;;;;;;;;;;
Услуги связи**);;;1 290,0 ;752,4;318,0;149,0;123,9;115,9;135,2;130,7;123,3;137,6;118,7;109,9;109,1;102,1;110,8;102,0;102,9;102,2;103,1;101,7;102,2;101,3;102,9;103,7;104,7;102,4;104,2;103,1;103,4;109,1;106,0;114,0;;;;;;;;;;;;;;;;;;;;;;;;;;;;;;;;;;;;;;;;;;;;;;;;;;;;;;;;;;;;;;;;;;;;;;;;;;;;;;;;;;;;;;;;;;;;;;;;;;;;;;;;;;;;;;;;;;;;;;;;;;;;;;;;;;;;;;;;;;;;;;;;;;;;;;;;;;;;;;;;;;;;;;;;;;;;;;;;;;;;;;;;;;;;;;;;;;;;;;;;;;;;;;;;;;;;;;;;;;;;;
Жилищно-коммунальные услуги;;;1 533,8 ;1 044,3 ;491,8;150,9;131,4;119,1;132,3;142,6;156,8;148,8;128,7;123,5;132,7;117,9;114,0;116,4;119,6;113,0;111,7;109,4;109,8;109,4;110,1;105,4;104,6;103,7;104,3;103,6;104,1;110,7;104,8;110,8;;;;;;;;;;;;;;;;;;;;;;;;;;;;;;;;;;;;;;;;;;;;;;;;;;;;;;;;;;;;;;;;;;;;;;;;;;;;;;;;;;;;;;;;;;;;;;;;;;;;;;;;;;;;;;;;;;;;;;;;;;;;;;;;;;;;;;;;;;;;;;;;;;;;;;;;;;;;;;;;;;;;;;;;;;;;;;;;;;;;;;;;;;;;;;;;;;;;;;;;;;;;;;;;;;;;;;;;;;;;;
Жилищные услуги;;;2 104,9 ;1 328,4 ;379,4;149,8;134,2;129,2;135,1;138,6;166,7;151,1;131,4;129,1;136,1;117,7;112,4;114,9;113,1;107,9;110,0;107,5;105,4;119,0;112,1;105,5;104,8;103,2;103,1;103,3;104,5;106,4;112,4;112,0;;;;;;;;;;;;;;;;;;;;;;;;;;;;;;;;;;;;;;;;;;;;;;;;;;;;;;;;;;;;;;;;;;;;;;;;;;;;;;;;;;;;;;;;;;;;;;;;;;;;;;;;;;;;;;;;;;;;;;;;;;;;;;;;;;;;;;;;;;;;;;;;;;;;;;;;;;;;;;;;;;;;;;;;;;;;;;;;;;;;;;;;;;;;;;;;;;;;;;;;;;;;;;;;;;;;;;;;;;;;;
Коммунальные услуги;;;1 269,7 ;985,7;516,2;151,3;126,2;112,6;131,7;144,7;153,8;148,3;127,7;120,9;131,5;118,0;114,7;117,1;123,0;115,3;112,5;110,4;111,2;105,3;109,1;105,3;104,6;104,1;105,1;103,7;103,6;113,5;100,0;109,9;;;;;;;;;;;;;;;;;;;;;;;;;;;;;;;;;;;;;;;;;;;;;;;;;;;;;;;;;;;;;;;;;;;;;;;;;;;;;;;;;;;;;;;;;;;;;;;;;;;;;;;;;;;;;;;;;;;;;;;;;;;;;;;;;;;;;;;;;;;;;;;;;;;;;;;;;;;;;;;;;;;;;;;;;;;;;;;;;;;;;;;;;;;;;;;;;;;;;;;;;;;;;;;;;;;;;;;;;;;;;
Услуги дошкольного воспитания;;;1 640,0 ;403,8;270,3;147,4;118,9;113,2;130,8;116,7;124,2;133,6;115,1;121,6;132,1;128,5;111,8;120,7;116,2;107,7;111,3;106,4;109,9;115,6;116,8;109,3;105,2;103,8;103,8;102,2;104,4;106,8;107,7;106,6;;;;;;;;;;;;;;;;;;;;;;;;;;;;;;;;;;;;;;;;;;;;;;;;;;;;;;;;;;;;;;;;;;;;;;;;;;;;;;;;;;;;;;;;;;;;;;;;;;;;;;;;;;;;;;;;;;;;;;;;;;;;;;;;;;;;;;;;;;;;;;;;;;;;;;;;;;;;;;;;;;;;;;;;;;;;;;;;;;;;;;;;;;;;;;;;;;;;;;;;;;;;;;;;;;;;;;;;;;;;;
Услуги образования;;;;;;;115,7;126,0;129,2;119,2;118,7;125,8;118,8;113,5;115,0;115,5;115,4;115,8;108,3;104,3;106,0;110,6;107,7;113,8;108,7;104,9;107,5;108,4;105,6;101,9;105,5;106,1;108,2;110,6;;;;;;;;;;;;;;;;;;;;;;;;;;;;;;;;;;;;;;;;;;;;;;;;;;;;;;;;;;;;;;;;;;;;;;;;;;;;;;;;;;;;;;;;;;;;;;;;;;;;;;;;;;;;;;;;;;;;;;;;;;;;;;;;;;;;;;;;;;;;;;;;;;;;;;;;;;;;;;;;;;;;;;;;;;;;;;;;;;;;;;;;;;;;;;;;;;;;;;;;;;;;;;;;;;;;;;;;;;;;;
Услуги организаций культуры;;;2 602,0 ;463,7;210,6;135,3;132,3;133,5;151,4;140,2;132,7;132,8;121,8;119,9;117,7;115,6;114,5;115,5;111,3;108,6;111,3;108,8;110,5;109,9;107,2;105,8;104,5;102,7;104,4;102,0;108,6;103,2;108,7;113,2;;;;;;;;;;;;;;;;;;;;;;;;;;;;;;;;;;;;;;;;;;;;;;;;;;;;;;;;;;;;;;;;;;;;;;;;;;;;;;;;;;;;;;;;;;;;;;;;;;;;;;;;;;;;;;;;;;;;;;;;;;;;;;;;;;;;;;;;;;;;;;;;;;;;;;;;;;;;;;;;;;;;;;;;;;;;;;;;;;;;;;;;;;;;;;;;;;;;;;;;;;;;;;;;;;;;;;;;;;;;;
Экскурсионные услуги;;;3 091,0 ;262,4;219,4;134,1;111,5;114,8;138,6;126,0;124,1;118,2;116,7;124,7;115,5;107,1;115,6;122,3;110,1;104,8;106,5;108,8;115,0;113,4;107,1;107,6;102,3;109,3;103,4;101,9;105,3;108,3;119,4;113,7;;;;;;;;;;;;;;;;;;;;;;;;;;;;;;;;;;;;;;;;;;;;;;;;;;;;;;;;;;;;;;;;;;;;;;;;;;;;;;;;;;;;;;;;;;;;;;;;;;;;;;;;;;;;;;;;;;;;;;;;;;;;;;;;;;;;;;;;;;;;;;;;;;;;;;;;;;;;;;;;;;;;;;;;;;;;;;;;;;;;;;;;;;;;;;;;;;;;;;;;;;;;;;;;;;;;;;;;;;;;;
Санаторно-оздоровительные услуги;;;2 292,3 ;345,8;259,4;155,7;115,0;117,9;141,5;134,7;126,1;122,1;119,0;112,8;111,2;115,2;115,6;121,2;109,5;105,4;109,0;105,9;105,7;107,6;114,4;107,3;102,4;104,0;103,1;103,8;105,9;110,8;109,3;112,1;;;;;;;;;;;;;;;;;;;;;;;;;;;;;;;;;;;;;;;;;;;;;;;;;;;;;;;;;;;;;;;;;;;;;;;;;;;;;;;;;;;;;;;;;;;;;;;;;;;;;;;;;;;;;;;;;;;;;;;;;;;;;;;;;;;;;;;;;;;;;;;;;;;;;;;;;;;;;;;;;;;;;;;;;;;;;;;;;;;;;;;;;;;;;;;;;;;;;;;;;;;;;;;;;;;;;;;;;;;;;
Медицинские услуги;;;2 652,9 ;392,5;263,4;137,6;120,7;127,8;135,0;122,9;122,5;130,7;122,1;115,0;118,7;113,6;113,9;116,3;113,9;108,4;110,0;108,6;109,0;109,2;111,1;107,8;105,0;104,3;103,8;104,3;105,8;111,7;107,8;110,5;;;;;;;;;;;;;;;;;;;;;;;;;;;;;;;;;;;;;;;;;;;;;;;;;;;;;;;;;;;;;;;;;;;;;;;;;;;;;;;;;;;;;;;;;;;;;;;;;;;;;;;;;;;;;;;;;;;;;;;;;;;;;;;;;;;;;;;;;;;;;;;;;;;;;;;;;;;;;;;;;;;;;;;;;;;;;;;;;;;;;;;;;;;;;;;;;;;;;;;;;;;;;;;;;;;;;;;;;;;;;
"Услуги физической культуры 
и спорта";;;;369,5;262,4;154,8;119,9;121,2;131,8;131,9;130,4;132,0;123,5;119,4;118,6;116,3;117,5;121,0;111,5;107,2;107,7;107,4;106,0;105,1;104,8;104,7;103,9;102,7;102,8;101,6;103,6;104,7;106,4;108,5;;;;;;;;;;;;;;;;;;;;;;;;;;;;;;;;;;;;;;;;;;;;;;;;;;;;;;;;;;;;;;;;;;;;;;;;;;;;;;;;;;;;;;;;;;;;;;;;;;;;;;;;;;;;;;;;;;;;;;;;;;;;;;;;;;;;;;;;;;;;;;;;;;;;;;;;;;;;;;;;;;;;;;;;;;;;;;;;;;;;;;;;;;;;;;;;;;;;;;;;;;;;;;;;;;;;;;;;;;;;;
Услуги правового характера;;;;152,2;298,0;125,8;111,2;100,7;100,6;103,8;117,9;101,6;100,9;101,1;100,1;121,6;111,7;134,5;117,4;112,0;119,1;108,9;107,8;110,5;116,0;111,4;104,3;105,9;108,1;102,8;104,7;113,8;108,2;103,8;;;;;;;;;;;;;;;;;;;;;;;;;;;;;;;;;;;;;;;;;;;;;;;;;;;;;;;;;;;;;;;;;;;;;;;;;;;;;;;;;;;;;;;;;;;;;;;;;;;;;;;;;;;;;;;;;;;;;;;;;;;;;;;;;;;;;;;;;;;;;;;;;;;;;;;;;;;;;;;;;;;;;;;;;;;;;;;;;;;;;;;;;;;;;;;;;;;;;;;;;;;;;;;;;;;;;;;;;;;;;
"Индексы потребительских цен на товары и услуги по группам населения 
с различным уровнем располагаемых ресурсов (декабрь к декабрю предыдущего года, в процентах)";;;;;;;;;;;;;;;;;;;;;;;;;;;;;;;;;;;;;;;;;;;;;;;;;;;;;;;;;;;;;;;;;;;;;;;;;;;;;;;;;;;;;;;;;;;;;;;;;;;;;;;;;;;;;;;;;;;;;;;;;;;;;;;;;;;;;;;;;;;;;;;;;;;;;;;;;;;;;;;;;;;;;;;;;;;;;;;;;;;;;;;;;;;;;;;;;;;;;;;;;;;;;;;;;;;;;;;;;;;;;;;;;;;;;;;;;;;;;;;;;;;;;;;;;;;;;;;
Все товары и услуги;;;;;;;;;;;;;;;;;;;;;;;;;;;;;;;;;;;;;;;;;;;;;;;;;;;;;;;;;;;;;;;;;;;;;;;;;;;;;;;;;;;;;;;;;;;;;;;;;;;;;;;;;;;;;;;;;;;;;;;;;;;;;;;;;;;;;;;;;;;;;;;;;;;;;;;;;;;;;;;;;;;;;;;;;;;;;;;;;;;;;;;;;;;;;;;;;;;;;;;;;;;;;;;;;;;;;;;;;;;;;;;;;;;;;;;;;;;;;;;;;;;;;;;;;;;;;;;
"Первая группа 
(с наименьшими располагаемыми ресурсами)";;;;;238,8;121,1;111,3;179,5;137,9;119,1;120,2;116,6;113,9;113,3;112,3;109,8;115,1;115,8;109,3;111,8;106,0;107,3;107,3;112,0;113,1;105,5;102,4;104,6;103,4;105,9;109,0;110,7;106,7;110,1;;;;;;;;;;;;;;;;;;;;;;;;;;;;;;;;;;;;;;;;;;;;;;;;;;;;;;;;;;;;;;;;;;;;;;;;;;;;;;;;;;;;;;;;;;;;;;;;;;;;;;;;;;;;;;;;;;;;;;;;;;;;;;;;;;;;;;;;;;;;;;;;;;;;;;;;;;;;;;;;;;;;;;;;;;;;;;;;;;;;;;;;;;;;;;;;;;;;;;;;;;;;;;;;;;;;;;;;;;;;;
"Десятая группа
(с наибольшими располагаемыми ресурсами)";;;;;225,9;122,0;110,6;185,3;135,9;120,3;117,8;114,4;111,2;110,6;109,8;108,3;110,0;111,4;108,4;107,1;105,8;105,9;105,5;110,6;112,8;105,5;102,6;104,2;103,0;104,9;108,7;115,0;108,6;108,9;;;;;;;;;;;;;;;;;;;;;;;;;;;;;;;;;;;;;;;;;;;;;;;;;;;;;;;;;;;;;;;;;;;;;;;;;;;;;;;;;;;;;;;;;;;;;;;;;;;;;;;;;;;;;;;;;;;;;;;;;;;;;;;;;;;;;;;;;;;;;;;;;;;;;;;;;;;;;;;;;;;;;;;;;;;;;;;;;;;;;;;;;;;;;;;;;;;;;;;;;;;;;;;;;;;;;;;;;;;;;
Продовольственные товары ;;;;;;;;;;;;;;;;;;;;;;;;;;;;;;;;;;;;;;;;;;;;;;;;;;;;;;;;;;;;;;;;;;;;;;;;;;;;;;;;;;;;;;;;;;;;;;;;;;;;;;;;;;;;;;;;;;;;;;;;;;;;;;;;;;;;;;;;;;;;;;;;;;;;;;;;;;;;;;;;;;;;;;;;;;;;;;;;;;;;;;;;;;;;;;;;;;;;;;;;;;;;;;;;;;;;;;;;;;;;;;;;;;;;;;;;;;;;;;;;;;;;;;;;;;;;;;;
Первая группа ;;;;;226,4;116,3;108,7;193,1;138,6;114,9;116,5;110,9;112,1;112,6;108,6;108,2;118,0;117,7;105,0;114,7;103,1;107,5;107,1;115,9;114,2;104,6;100,7;105,3;102,7;107,9;112,2;110,1;108,5;111,4;;;;;;;;;;;;;;;;;;;;;;;;;;;;;;;;;;;;;;;;;;;;;;;;;;;;;;;;;;;;;;;;;;;;;;;;;;;;;;;;;;;;;;;;;;;;;;;;;;;;;;;;;;;;;;;;;;;;;;;;;;;;;;;;;;;;;;;;;;;;;;;;;;;;;;;;;;;;;;;;;;;;;;;;;;;;;;;;;;;;;;;;;;;;;;;;;;;;;;;;;;;;;;;;;;;;;;;;;;;;;
Десятая группа;;;;;222,1;119,1;109,4;196,3;135,7;118,7;117,1;111,3;109,8;112,1;109,7;109,2;114,4;115,8;106,6;111,7;104,2;107,6;107,6;115,0;113,8;104,6;101,3;104,1;102,6;105,8;109,3;110,7;107,7;111,0;;;;;;;;;;;;;;;;;;;;;;;;;;;;;;;;;;;;;;;;;;;;;;;;;;;;;;;;;;;;;;;;;;;;;;;;;;;;;;;;;;;;;;;;;;;;;;;;;;;;;;;;;;;;;;;;;;;;;;;;;;;;;;;;;;;;;;;;;;;;;;;;;;;;;;;;;;;;;;;;;;;;;;;;;;;;;;;;;;;;;;;;;;;;;;;;;;;;;;;;;;;;;;;;;;;;;;;;;;;;;
Непродовольственные товары;;;;;;;;;;;;;;;;;;;;;;;;;;;;;;;;;;;;;;;;;;;;;;;;;;;;;;;;;;;;;;;;;;;;;;;;;;;;;;;;;;;;;;;;;;;;;;;;;;;;;;;;;;;;;;;;;;;;;;;;;;;;;;;;;;;;;;;;;;;;;;;;;;;;;;;;;;;;;;;;;;;;;;;;;;;;;;;;;;;;;;;;;;;;;;;;;;;;;;;;;;;;;;;;;;;;;;;;;;;;;;;;;;;;;;;;;;;;;;;;;;;;;;;;;;;;;;;
Первая группа ;;;;;223,3;118,8;108,4;182,8;140,1;116,7;112,3;111,6;109,9;107,8;107,1;107,1;107,8;111,0;112,6;106,1;108,2;106,5;106,3;109,0;115,5;107,7;103,1;104,2;103,6;104,2;107,4;111,5;104,7;106,5;;;;;;;;;;;;;;;;;;;;;;;;;;;;;;;;;;;;;;;;;;;;;;;;;;;;;;;;;;;;;;;;;;;;;;;;;;;;;;;;;;;;;;;;;;;;;;;;;;;;;;;;;;;;;;;;;;;;;;;;;;;;;;;;;;;;;;;;;;;;;;;;;;;;;;;;;;;;;;;;;;;;;;;;;;;;;;;;;;;;;;;;;;;;;;;;;;;;;;;;;;;;;;;;;;;;;;;;;;;;;
Десятая группа;;;;;213,8;116,7;107,6;202,7;136,4;118,7;112,9;110,1;108,8;107,1;105,9;105,5;105,8;106,5;108,6;104,7;105,6;104,5;103,5;107,7;113,2;106,5;102,8;104,3;103,1;106,0;110,4;116,5;108,0;105,5;;;;;;;;;;;;;;;;;;;;;;;;;;;;;;;;;;;;;;;;;;;;;;;;;;;;;;;;;;;;;;;;;;;;;;;;;;;;;;;;;;;;;;;;;;;;;;;;;;;;;;;;;;;;;;;;;;;;;;;;;;;;;;;;;;;;;;;;;;;;;;;;;;;;;;;;;;;;;;;;;;;;;;;;;;;;;;;;;;;;;;;;;;;;;;;;;;;;;;;;;;;;;;;;;;;;;;;;;;;;;
Услуги;;;;;;;;;;;;;;;;;;;;;;;;;;;;;;;;;;;;;;;;;;;;;;;;;;;;;;;;;;;;;;;;;;;;;;;;;;;;;;;;;;;;;;;;;;;;;;;;;;;;;;;;;;;;;;;;;;;;;;;;;;;;;;;;;;;;;;;;;;;;;;;;;;;;;;;;;;;;;;;;;;;;;;;;;;;;;;;;;;;;;;;;;;;;;;;;;;;;;;;;;;;;;;;;;;;;;;;;;;;;;;;;;;;;;;;;;;;;;;;;;;;;;;;;;;;;;;;
Первая группа ;;;;;358,5;149,3;125,8;118,3;133,3;139,5;143,4;140,8;123,8;120,4;126,2;115,5;114,2;115,4;115,8;110,7;109,9;107,9;108,7;107,5;109,1;105,5;105,0;103,6;104,5;103,6;104,2;111,0;105,1;111,0;;;;;;;;;;;;;;;;;;;;;;;;;;;;;;;;;;;;;;;;;;;;;;;;;;;;;;;;;;;;;;;;;;;;;;;;;;;;;;;;;;;;;;;;;;;;;;;;;;;;;;;;;;;;;;;;;;;;;;;;;;;;;;;;;;;;;;;;;;;;;;;;;;;;;;;;;;;;;;;;;;;;;;;;;;;;;;;;;;;;;;;;;;;;;;;;;;;;;;;;;;;;;;;;;;;;;;;;;;;;;
Десятая группа;;;;;304,9;147,3;120,2;118,0;135,4;131,1;133,1;133,6;120,9;116,0;118,7;113,2;112,9;116,6;109,9;106,7;108,2;106,8;107,7;112,8;111,0;104,3;103,7;104,0;103,2;102,2;105,4;116,6;110,4;111,9;;;;;;;;;;;;;;;;;;;;;;;;;;;;;;;;;;;;;;;;;;;;;;;;;;;;;;;;;;;;;;;;;;;;;;;;;;;;;;;;;;;;;;;;;;;;;;;;;;;;;;;;;;;;;;;;;;;;;;;;;;;;;;;;;;;;;;;;;;;;;;;;;;;;;;;;;;;;;;;;;;;;;;;;;;;;;;;;;;;;;;;;;;;;;;;;;;;;;;;;;;;;;;;;;;;;;;;;;;;;;
"Средние потребительские цены на отдельные виды продовольственных товаров (на конец года, рублей за кг, 
в масштабе цен соответствующих лет)";;;;;;;;;;;;;;;;;;;;;;;;;;;;;;;;;;;;;;;;;;;;;;;;;;;;;;;;;;;;;;;;;;;;;;;;;;;;;;;;;;;;;;;;;;;;;;;;;;;;;;;;;;;;;;;;;;;;;;;;;;;;;;;;;;;;;;;;;;;;;;;;;;;;;;;;;;;;;;;;;;;;;;;;;;;;;;;;;;;;;;;;;;;;;;;;;;;;;;;;;;;;;;;;;;;;;;;;;;;;;;;;;;;;;;;;;;;;;;;;;;;;;;;;;;;;;;;
Говядина (кроме бескостного мяса);15,54;221,50;2 201,27 ;5 186,28 ;12 547 ;14 137 ;15 787 ;30,04;42,01;52,72;70,33;72,56;73,90;93,41;115,77;131,67;139,49;174,86;185,60;197,64;234,49;248,47;244,55;272,28;314,94;315,02;320,34;330,58;350,05;361,04;416,46;484,17;519,83;593,30;;;;;;;;;;;;;;;;;;;;;;;;;;;;;;;;;;;;;;;;;;;;;;;;;;;;;;;;;;;;;;;;;;;;;;;;;;;;;;;;;;;;;;;;;;;;;;;;;;;;;;;;;;;;;;;;;;;;;;;;;;;;;;;;;;;;;;;;;;;;;;;;;;;;;;;;;;;;;;;;;;;;;;;;;;;;;;;;;;;;;;;;;;;;;;;;;;;;;;;;;;;;;;;;;;;;;;;;;;;;;
Свинина (кроме бескостного мяса);14,38;260,00;2 672,81 ;6 579,38 ;15 053 ;16 810 ;19 055 ;33,99;43,37;58,45;79,22;80,98;82,42;110,47;131,64;142,00;149,02;189,42;193,66;198,35;210,89;220,09;214,18;272,36;271,08;264,32;255,87;275,26;264,55;269,14;311,84;307,92;344,82;365,68;;;;;;;;;;;;;;;;;;;;;;;;;;;;;;;;;;;;;;;;;;;;;;;;;;;;;;;;;;;;;;;;;;;;;;;;;;;;;;;;;;;;;;;;;;;;;;;;;;;;;;;;;;;;;;;;;;;;;;;;;;;;;;;;;;;;;;;;;;;;;;;;;;;;;;;;;;;;;;;;;;;;;;;;;;;;;;;;;;;;;;;;;;;;;;;;;;;;;;;;;;;;;;;;;;;;;;;;;;;;;
Куры охлажденные и мороженые1);13,57;194,76;2 238,98 ;5 677,09 ;11 587 ;13 815 ;16 061 ;30,74;39,28;48,80;56,92;58,38;69,32;69,94;81,35;78,37;88,20;99,94;103,01;105,14;103,57;117,26;107,03;136,14;133,73;138,49;126,29;151,27;143,13;145,55;183,54;178,22;227,58;225,10;;;;;;;;;;;;;;;;;;;;;;;;;;;;;;;;;;;;;;;;;;;;;;;;;;;;;;;;;;;;;;;;;;;;;;;;;;;;;;;;;;;;;;;;;;;;;;;;;;;;;;;;;;;;;;;;;;;;;;;;;;;;;;;;;;;;;;;;;;;;;;;;;;;;;;;;;;;;;;;;;;;;;;;;;;;;;;;;;;;;;;;;;;;;;;;;;;;;;;;;;;;;;;;;;;;;;;;;;;;;;
Колбаса вареная2);17,00;271,00;3 351,30 ;8 984,10 ;20 016 ;22 859 ;26 767 ;43,81;61,56;77,97;96,01;101,57;106,66;129,94;142,85;153,94;166,96;207,81;223,64;235,96;270,28;288,23;302,94;310,54;344,81;351,27;360,88;382,98;399,37;406,84;450,57;480,16;513,77;551,18;;;;;;;;;;;;;;;;;;;;;;;;;;;;;;;;;;;;;;;;;;;;;;;;;;;;;;;;;;;;;;;;;;;;;;;;;;;;;;;;;;;;;;;;;;;;;;;;;;;;;;;;;;;;;;;;;;;;;;;;;;;;;;;;;;;;;;;;;;;;;;;;;;;;;;;;;;;;;;;;;;;;;;;;;;;;;;;;;;;;;;;;;;;;;;;;;;;;;;;;;;;;;;;;;;;;;;;;;;;;;
Консервы мясные3);8,87;163,90;1 165,48 ;2 991,46 ;6 692 ;7 375 ;7 811 ;15,50;18,16;19,52;24,07;26,55;28,18;32,04;37,01;40,10;43,13;54,03;60,29;63,79;70,35;75,22;79,33;94,42;117,04;121,37;125,21;130,13;139,47;153,50;167,04;580,06;603,15;642,61;;;;;;;;;;;;;;;;;;;;;;;;;;;;;;;;;;;;;;;;;;;;;;;;;;;;;;;;;;;;;;;;;;;;;;;;;;;;;;;;;;;;;;;;;;;;;;;;;;;;;;;;;;;;;;;;;;;;;;;;;;;;;;;;;;;;;;;;;;;;;;;;;;;;;;;;;;;;;;;;;;;;;;;;;;;;;;;;;;;;;;;;;;;;;;;;;;;;;;;;;;;;;;;;;;;;;;;;;;;;;
Рыба мороженая неразделанная4);2,32;129,50;1 088,73 ;3 675,17 ;8 325 ;9 398 ;9 912 ;18,93;23,83;29,54;36,57;40,39;42,99;48,68;55,76;58,69;62,82;71,88;78,66;79,22;86,79;85,67;90,79;110,65;138,16;147,68;153,03;152,14;170,13;181,08;192,61;207,56;227,37;276,90;;;;;;;;;;;;;;;;;;;;;;;;;;;;;;;;;;;;;;;;;;;;;;;;;;;;;;;;;;;;;;;;;;;;;;;;;;;;;;;;;;;;;;;;;;;;;;;;;;;;;;;;;;;;;;;;;;;;;;;;;;;;;;;;;;;;;;;;;;;;;;;;;;;;;;;;;;;;;;;;;;;;;;;;;;;;;;;;;;;;;;;;;;;;;;;;;;;;;;;;;;;;;;;;;;;;;;;;;;;;;
Рыба соленая, маринованная, копченая ;5,72;272,60;2 598,96 ;7 495,95 ;17 488 ;19 912 ;21 402 ;32,13;47,89;61,22;75,98;87,99;93,15;107,99;130,65;144,92;154,98;181,35;203,35;215,55;247,73;247,61;252,52;292,21;352,58;382,54;388,83;398,24;424,54;453,54;525,66;597,77;629,34;765,30;;;;;;;;;;;;;;;;;;;;;;;;;;;;;;;;;;;;;;;;;;;;;;;;;;;;;;;;;;;;;;;;;;;;;;;;;;;;;;;;;;;;;;;;;;;;;;;;;;;;;;;;;;;;;;;;;;;;;;;;;;;;;;;;;;;;;;;;;;;;;;;;;;;;;;;;;;;;;;;;;;;;;;;;;;;;;;;;;;;;;;;;;;;;;;;;;;;;;;;;;;;;;;;;;;;;;;;;;;;;;
"Консервы рыбные натуральные 
и с добавлением масла5)";3,91;120,00;1 040,71 ;3 211,18 ;8 050 ;8 540 ;8 468 ;13,85;19,96;21,15;25,08;25,11;25,67;27,61;30,79;32,28;35,20;41,29;48,15;51,46;53,95;57,76;60,50;70,12;91,94;103,94;109,09;113,71;119,69;135,03;156,01;534,69;548,64;609,59;;;;;;;;;;;;;;;;;;;;;;;;;;;;;;;;;;;;;;;;;;;;;;;;;;;;;;;;;;;;;;;;;;;;;;;;;;;;;;;;;;;;;;;;;;;;;;;;;;;;;;;;;;;;;;;;;;;;;;;;;;;;;;;;;;;;;;;;;;;;;;;;;;;;;;;;;;;;;;;;;;;;;;;;;;;;;;;;;;;;;;;;;;;;;;;;;;;;;;;;;;;;;;;;;;;;;;;;;;;;;
Масло сливочное 6) ;12,24;413,00;2 912,58 ;12 984,99 ;20 075 ;22 968 ;23 238 ;64,44;66,83;69,12;71,73;80,08;87,96;93,96;102,42;109,71;155,10;175,54;191,68;239,55;256,48;260,84;308,92;357,54;397,75;477,13;528,83;553,02;613,39;638,69;719,21;835,77;862,87;1198,05;;;;;;;;;;;;;;;;;;;;;;;;;;;;;;;;;;;;;;;;;;;;;;;;;;;;;;;;;;;;;;;;;;;;;;;;;;;;;;;;;;;;;;;;;;;;;;;;;;;;;;;;;;;;;;;;;;;;;;;;;;;;;;;;;;;;;;;;;;;;;;;;;;;;;;;;;;;;;;;;;;;;;;;;;;;;;;;;;;;;;;;;;;;;;;;;;;;;;;;;;;;;;;;;;;;;;;;;;;;;;
Масло подсолнечное, за л7) ;5,48;190,00;1 364,90 ;5 306,54 ;10 460 ;8 412 ;  ;23,43;25,74;23,20;33,07;35,76;38,16;39,10;40,06;39,41;60,26;74,32;58,06;72,60;76,79;78,51;75,47;78,09;107,62;110,10;100,16;101,51;98,57;124,94;136,33;132,94;129,59;146,37;;;;;;;;;;;;;;;;;;;;;;;;;;;;;;;;;;;;;;;;;;;;;;;;;;;;;;;;;;;;;;;;;;;;;;;;;;;;;;;;;;;;;;;;;;;;;;;;;;;;;;;;;;;;;;;;;;;;;;;;;;;;;;;;;;;;;;;;;;;;;;;;;;;;;;;;;;;;;;;;;;;;;;;;;;;;;;;;;;;;;;;;;;;;;;;;;;;;;;;;;;;;;;;;;;;;;;;;;;;;;
Молоко питьевое цельное  пастеризованное 2,5-3,2% жирности8), за л;0,60;22,40;315,21 ;1 222,18 ;2 812 ;3 187 ;3 627 ;5,82;8,00;9,70;11,37;11,96;13,48;15,52;17,35;18,76;25,39;28,09;26,75;31,99;32,52;33,88;38,64;43,81;47,61;51,44;53,45;54,04;57,70;59,32;64,89;73,37;75,26;89,81;;;;;;;;;;;;;;;;;;;;;;;;;;;;;;;;;;;;;;;;;;;;;;;;;;;;;;;;;;;;;;;;;;;;;;;;;;;;;;;;;;;;;;;;;;;;;;;;;;;;;;;;;;;;;;;;;;;;;;;;;;;;;;;;;;;;;;;;;;;;;;;;;;;;;;;;;;;;;;;;;;;;;;;;;;;;;;;;;;;;;;;;;;;;;;;;;;;;;;;;;;;;;;;;;;;;;;;;;;;;;
Сыры твердые, полутвердые и мягкие9);13,20;415,00;2 756,82 ;8 583,13 ;22 514 ;24 828 ;27 025 ;56,33;74,32;85,17;103,06;102,67;111,95;122,30;138,72;144,26;233,93;212,92;213,11;263,20;273,43;272,57;326,89;388,81;418,61;461,71;478,88;502,55;552,03;590,39;641,22;756,74;780,06;896,96;;;;;;;;;;;;;;;;;;;;;;;;;;;;;;;;;;;;;;;;;;;;;;;;;;;;;;;;;;;;;;;;;;;;;;;;;;;;;;;;;;;;;;;;;;;;;;;;;;;;;;;;;;;;;;;;;;;;;;;;;;;;;;;;;;;;;;;;;;;;;;;;;;;;;;;;;;;;;;;;;;;;;;;;;;;;;;;;;;;;;;;;;;;;;;;;;;;;;;;;;;;;;;;;;;;;;;;;;;;;;
Яйца куриные, за 10 шт.;4,47;87,10;827,07 ;2 657,27 ;5 345 ;5 879 ;5 687 ;14,94;14,94;16,57;18,84;20,06;22,08;28,44;24,50;27,06;34,89;40,02;34,16;38,56;41,25;43,34;56,01;58,76;65,02;64,17;54,63;68,97;65,37;75,78;87,77;81,70;132,45;116,71;;;;;;;;;;;;;;;;;;;;;;;;;;;;;;;;;;;;;;;;;;;;;;;;;;;;;;;;;;;;;;;;;;;;;;;;;;;;;;;;;;;;;;;;;;;;;;;;;;;;;;;;;;;;;;;;;;;;;;;;;;;;;;;;;;;;;;;;;;;;;;;;;;;;;;;;;;;;;;;;;;;;;;;;;;;;;;;;;;;;;;;;;;;;;;;;;;;;;;;;;;;;;;;;;;;;;;;;;;;;;
Сахар-песок;2,45;135,50;754,98 ;2 241,39 ;4 486 ;3 681 ;4 326 ;12,69;9,20;15,62;14,88;19,47;18,34;19,69;19,69;22,71;21,63;23,07;33,02;40,62;30,22;31,58;32,32;44,97;52,14;48,78;36,75;46,23;31,59;50,23;55,82;64,03;70,94;73,17;;;;;;;;;;;;;;;;;;;;;;;;;;;;;;;;;;;;;;;;;;;;;;;;;;;;;;;;;;;;;;;;;;;;;;;;;;;;;;;;;;;;;;;;;;;;;;;;;;;;;;;;;;;;;;;;;;;;;;;;;;;;;;;;;;;;;;;;;;;;;;;;;;;;;;;;;;;;;;;;;;;;;;;;;;;;;;;;;;;;;;;;;;;;;;;;;;;;;;;;;;;;;;;;;;;;;;;;;;;;;
Чай черный байховый;21,21;1136,60;4 864,96 ;12 741,62 ;25 747 ;28 443 ;33 527 ;122,00;140,45;144,19;155,92;167,83;173,18;183,01;193,61;204,25;224,65;269,53;339,81;348,21;367,68;391,06;422,62;496,40;685,73;759,21;765,93;780,19;828,94;911,10;983,49;1 200,34 ;1 229,10;1 284,69;;;;;;;;;;;;;;;;;;;;;;;;;;;;;;;;;;;;;;;;;;;;;;;;;;;;;;;;;;;;;;;;;;;;;;;;;;;;;;;;;;;;;;;;;;;;;;;;;;;;;;;;;;;;;;;;;;;;;;;;;;;;;;;;;;;;;;;;;;;;;;;;;;;;;;;;;;;;;;;;;;;;;;;;;;;;;;;;;;;;;;;;;;;;;;;;;;;;;;;;;;;;;;;;;;;;;;;;;;;;;
Мука пшеничная;1,60;45,60;296,32 ;973,31 ;3 115 ;3 325 ;3 209 ;3,73;8,04;8,08;8,48;8,04;11,40;13,06;11,91;12,83;17,35;21,45;19,49;21,45;19,76;25,19;26,83;29,46;32,78;33,27;32,11;33,47;36,36;41,60;47,58;51,84;49,96;53,96;;;;;;;;;;;;;;;;;;;;;;;;;;;;;;;;;;;;;;;;;;;;;;;;;;;;;;;;;;;;;;;;;;;;;;;;;;;;;;;;;;;;;;;;;;;;;;;;;;;;;;;;;;;;;;;;;;;;;;;;;;;;;;;;;;;;;;;;;;;;;;;;;;;;;;;;;;;;;;;;;;;;;;;;;;;;;;;;;;;;;;;;;;;;;;;;;;;;;;;;;;;;;;;;;;;;;;;;;;;;;
Хлеб и булочные изделия из пшеничной муки высшего сортов10);0,99;43,30;465,97;1 674,07 ;4 811 ;5 648 ;5 686 ;6,42;10,96;12,19;13,69;14,35;18,69;21,61;22,24;24,92;30,68;39,32;39,65;42,60;45,36;50,51;55,11;58,75;64,80;67,61;68,92;72,98;77,42;84,12;92,67;85,21;90,76;105,60;;;;;;;;;;;;;;;;;;;;;;;;;;;;;;;;;;;;;;;;;;;;;;;;;;;;;;;;;;;;;;;;;;;;;;;;;;;;;;;;;;;;;;;;;;;;;;;;;;;;;;;;;;;;;;;;;;;;;;;;;;;;;;;;;;;;;;;;;;;;;;;;;;;;;;;;;;;;;;;;;;;;;;;;;;;;;;;;;;;;;;;;;;;;;;;;;;;;;;;;;;;;;;;;;;;;;;;;;;;;;
Рис шлифованный;2,63;85,60;283,51;1 566,97 ;4 592 ;5 087 ;4 785 ;12,30;17,61;13,03;13,55;15,69;16,30;21,04;21,36;23,45;31,54;44,28;44,09;42,14;40,65;39,80;43,51;53,03;67,87;63,98;62,83;64,90;70,16;80,34;89,81;111,09;123,65;132,72;;;;;;;;;;;;;;;;;;;;;;;;;;;;;;;;;;;;;;;;;;;;;;;;;;;;;;;;;;;;;;;;;;;;;;;;;;;;;;;;;;;;;;;;;;;;;;;;;;;;;;;;;;;;;;;;;;;;;;;;;;;;;;;;;;;;;;;;;;;;;;;;;;;;;;;;;;;;;;;;;;;;;;;;;;;;;;;;;;;;;;;;;;;;;;;;;;;;;;;;;;;;;;;;;;;;;;;;;;;;;
Макаронные изделия из пшеничной муки высшего сорта11);1,71;74,50;565,42;2 402,66 ;6 511 ;7 135 ;7 073 ;12,17;16,30;17,52;19,43;20,83;21,68;24,91;25,68;26,95;33,48;45,57;46,11;47,77;46,18;48,87;50,67;55,18;66,01;68,41;67,61;68,07;74,23;83,07;96,49;110,44;109,07;111,77;;;;;;;;;;;;;;;;;;;;;;;;;;;;;;;;;;;;;;;;;;;;;;;;;;;;;;;;;;;;;;;;;;;;;;;;;;;;;;;;;;;;;;;;;;;;;;;;;;;;;;;;;;;;;;;;;;;;;;;;;;;;;;;;;;;;;;;;;;;;;;;;;;;;;;;;;;;;;;;;;;;;;;;;;;;;;;;;;;;;;;;;;;;;;;;;;;;;;;;;;;;;;;;;;;;;;;;;;;;;;
Картофель;2,26;34,90;240,95;918,10 ;1 882 ;1 778 ;1 871 ;3,52;5,60;5,19;6,33;9,51;7,89;8,12;9,72;10,94;14,30;16,67;14,03;28,94;14,26;16,07;23,18;26,66;19,91;20,25;22,25;23,84;21,38;29,15;46,57;31,91;28,04;56,86;;;;;;;;;;;;;;;;;;;;;;;;;;;;;;;;;;;;;;;;;;;;;;;;;;;;;;;;;;;;;;;;;;;;;;;;;;;;;;;;;;;;;;;;;;;;;;;;;;;;;;;;;;;;;;;;;;;;;;;;;;;;;;;;;;;;;;;;;;;;;;;;;;;;;;;;;;;;;;;;;;;;;;;;;;;;;;;;;;;;;;;;;;;;;;;;;;;;;;;;;;;;;;;;;;;;;;;;;;;;;
Капуста белокочанная свежая;2,40;27,00;363,48;1 087,84 ;2 094 ;2 344 ;1 917 ;4,81;3,97;4,75;5,99;9,75;7,02;7,84;10,21;9,48;16,32;11,92;13,27;28,22;10,61;15,65;17,30;25,55;22,68;17,96;16,14;28,07;20,63;20,88;52,59;24,12;33,09;47,88;;;;;;;;;;;;;;;;;;;;;;;;;;;;;;;;;;;;;;;;;;;;;;;;;;;;;;;;;;;;;;;;;;;;;;;;;;;;;;;;;;;;;;;;;;;;;;;;;;;;;;;;;;;;;;;;;;;;;;;;;;;;;;;;;;;;;;;;;;;;;;;;;;;;;;;;;;;;;;;;;;;;;;;;;;;;;;;;;;;;;;;;;;;;;;;;;;;;;;;;;;;;;;;;;;;;;;;;;;;;;
Лук репчатый;5,45;34,40;561,84;1 584,63 ;2 340 ;2 395 ;2 832 ;7,56;6,72;6,11;8,34;11,99;12,52;11,20;12,77;16,13;17,88;16,50;17,86;27,41;16,03;16,70;21,36;26,47;24,64;21,28;21,22;26,41;24,31;26,41;30,95;32,15;34,44;51,72;;;;;;;;;;;;;;;;;;;;;;;;;;;;;;;;;;;;;;;;;;;;;;;;;;;;;;;;;;;;;;;;;;;;;;;;;;;;;;;;;;;;;;;;;;;;;;;;;;;;;;;;;;;;;;;;;;;;;;;;;;;;;;;;;;;;;;;;;;;;;;;;;;;;;;;;;;;;;;;;;;;;;;;;;;;;;;;;;;;;;;;;;;;;;;;;;;;;;;;;;;;;;;;;;;;;;;;;;;;;;
Яблоки;7,00;105,60;941,21;3 122,06 ;6 038 ;6 601 ;6 985 ;16,61;23,28;22,02;27,59;31,48;31,72;34,09;36,87;44,09;48,62;56,33;53,51;62,37;63,59;62,54;63,26;76,70;87,43;81,92;88,57;85,66;90,29;106,28;100,63;101,60;122,06;147,20;;;;;;;;;;;;;;;;;;;;;;;;;;;;;;;;;;;;;;;;;;;;;;;;;;;;;;;;;;;;;;;;;;;;;;;;;;;;;;;;;;;;;;;;;;;;;;;;;;;;;;;;;;;;;;;;;;;;;;;;;;;;;;;;;;;;;;;;;;;;;;;;;;;;;;;;;;;;;;;;;;;;;;;;;;;;;;;;;;;;;;;;;;;;;;;;;;;;;;;;;;;;;;;;;;;;;;;;;;;;;
Водка12), за л;22,61;499,60;4 277,85 ;8 466,72 ;20 230 ;35 365 ;38 113 ;46,97;64,84;84,05;94,76;102,54;116,45;134,94;148,89;166,04;181,66;203,02;213,84;230,22;256,21;315,45;406,51;547,02;559,21;583,00;600,59;604,26;615,57;631,08;643,07;678,26;699,25;747,33;;;;;;;;;;;;;;;;;;;;;;;;;;;;;;;;;;;;;;;;;;;;;;;;;;;;;;;;;;;;;;;;;;;;;;;;;;;;;;;;;;;;;;;;;;;;;;;;;;;;;;;;;;;;;;;;;;;;;;;;;;;;;;;;;;;;;;;;;;;;;;;;;;;;;;;;;;;;;;;;;;;;;;;;;;;;;;;;;;;;;;;;;;;;;;;;;;;;;;;;;;;;;;;;;;;;;;;;;;;;;
Коньяк ординарный отечественный13), за  л;70,00;1 425,60 ;7 912,29 ;15 686,88 ;37 590 ;58 029 ;82 868 ;160,34;248,33;308,51;368,08;427,68;471,65;512,78;557,90;647,21;700,06;761,58;803,14;817,02;868,80;920,54;1 012,29 ;1 139,95 ;1 261,25 ;1 321,94 ;1 303,04 ;1 278,75 ;1 275,92 ;1 282,98 ;1 287,13 ;1 339,35 ;1 369,25;1 487,22;;;;;;;;;;;;;;;;;;;;;;;;;;;;;;;;;;;;;;;;;;;;;;;;;;;;;;;;;;;;;;;;;;;;;;;;;;;;;;;;;;;;;;;;;;;;;;;;;;;;;;;;;;;;;;;;;;;;;;;;;;;;;;;;;;;;;;;;;;;;;;;;;;;;;;;;;;;;;;;;;;;;;;;;;;;;;;;;;;;;;;;;;;;;;;;;;;;;;;;;;;;;;;;;;;;;;;;;;;;;;
Вино игристое отечественное14), за  л;27,92;1 155,00 ;5 801,90 ;11 785,53 ;22 937 ;29 628 ;32 014 ;60,39;84,52;93,38;105,28;109,49;113,13;118,16;124,39;135,76;145,98;160,87;173,29;183,93;201,74;221,88;235,28;253,64;283,72;306,22;320,63;333,28;346,20;367,35;390,90;434,14;463,90;518,22;;;;;;;;;;;;;;;;;;;;;;;;;;;;;;;;;;;;;;;;;;;;;;;;;;;;;;;;;;;;;;;;;;;;;;;;;;;;;;;;;;;;;;;;;;;;;;;;;;;;;;;;;;;;;;;;;;;;;;;;;;;;;;;;;;;;;;;;;;;;;;;;;;;;;;;;;;;;;;;;;;;;;;;;;;;;;;;;;;;;;;;;;;;;;;;;;;;;;;;;;;;;;;;;;;;;;;;;;;;;;
Пиво15), за л;1,58;62,74 ;599,64;1 887,22 ;5 154 ;6 972 ;7 963 ;10,56;16,01;20,06;22,91;25,50;27,05;28,79;31,00;33,12;36,26;42,25;47,14;56,14;62,13;69,00;77,18;87,37;98,36;105,68;110,22;112,60;114,09;116,05;119,27;163,83;162,41;172,62;;;;;;;;;;;;;;;;;;;;;;;;;;;;;;;;;;;;;;;;;;;;;;;;;;;;;;;;;;;;;;;;;;;;;;;;;;;;;;;;;;;;;;;;;;;;;;;;;;;;;;;;;;;;;;;;;;;;;;;;;;;;;;;;;;;;;;;;;;;;;;;;;;;;;;;;;;;;;;;;;;;;;;;;;;;;;;;;;;;;;;;;;;;;;;;;;;;;;;;;;;;;;;;;;;;;;;;;;;;;;
"Средние потребительские цены 
на отдельные виды непродовольственных товаров
(на конец года, рублей за штуку, в масштабе цен соответствующих лет)";;;;;;;;;;;;;;;;;;;;;;;;;;;;;;;;;;;;;;;;;;;;;;;;;;;;;;;;;;;;;;;;;;;;;;;;;;;;;;;;;;;;;;;;;;;;;;;;;;;;;;;;;;;;;;;;;;;;;;;;;;;;;;;;;;;;;;;;;;;;;;;;;;;;;;;;;;;;;;;;;;;;;;;;;;;;;;;;;;;;;;;;;;;;;;;;;;;;;;;;;;;;;;;;;;;;;;;;;;;;;;;;;;;;;;;;;;;;;;;;;;;;;;;;;;;;;;;
"Пальто (полупальто) женское 
с верхом из плащевых тканей";545,96;8 500,00 ;44 333,78 ;109 259,43 ;283 799 ;362 629 ;400 103 ;610,65 ;1 011,43 ;1 368,59 ;1 632,26 ;1 829,52 ;1 960,04 ;2 172,11 ;2 435,26 ;2 701,32 ;3 053,52 ;3 400,80 ;3 918,92 ;4 298,34 ;4 788,25 ;4 941,49 ;5 181,32 ;6 004,43 ;6 759,14 ;7 271,31 ;7 526,88 ;7 691,87 ;7 874,03 ;8 048,18 ;8 391,49 ;8 800,29 ;9 038,93 ;9 326,54 ;;;;;;;;;;;;;;;;;;;;;;;;;;;;;;;;;;;;;;;;;;;;;;;;;;;;;;;;;;;;;;;;;;;;;;;;;;;;;;;;;;;;;;;;;;;;;;;;;;;;;;;;;;;;;;;;;;;;;;;;;;;;;;;;;;;;;;;;;;;;;;;;;;;;;;;;;;;;;;;;;;;;;;;;;;;;;;;;;;;;;;;;;;;;;;;;;;;;;;;;;;;;;;;;;;;;;;;;;;;;;
"Костюм-двойка мужской 
из шерстяных, полушерстяных 
или смесовых тканей";632,80;6 582,90 ;49 764,06 ;136 307,60 ;403 808 ;527 424 ;601 076 ;891,19;1 411,26;1 824,78;2 245,35;2 565,41;2 708,21;2 939,32;3 281,77;3 605,84;3 998,79;4 405,86 ;4 849,00 ;5 143,97 ;5 642,05 ;5 923,32 ;6 319,67 ;6 772,70 ;7 837,68 ;8 402,89 ;8 760,36 ;9 281,69 ;9 660,37 ;9 579,04 ;10 359,90 ;11 606,48 ;12 269,27 ;13 172,74 ;;;;;;;;;;;;;;;;;;;;;;;;;;;;;;;;;;;;;;;;;;;;;;;;;;;;;;;;;;;;;;;;;;;;;;;;;;;;;;;;;;;;;;;;;;;;;;;;;;;;;;;;;;;;;;;;;;;;;;;;;;;;;;;;;;;;;;;;;;;;;;;;;;;;;;;;;;;;;;;;;;;;;;;;;;;;;;;;;;;;;;;;;;;;;;;;;;;;;;;;;;;;;;;;;;;;;;;;;;;;;
"Сорочка верхняя мужская 
из хлопчатобумажных или смесовых тканей";46,22;804,70 ;7 296,04 ;19 615,55 ;42 662 ;51 231 ;58 537 ;96,96;170,59;226,76;270,48;312,44;329,37;357,33;392,86;430,04;471,63;528,43 ;618,29 ;674,80 ;741,48 ;818,21 ;868,39 ;942,07 ;1 116,85 ;1 252,04 ;1 329,22 ;1 379,67 ;1 472,17 ;1 527,88 ;1 614,83 ;1 867,09 ;2 078,39 ;2 257,74 ;;;;;;;;;;;;;;;;;;;;;;;;;;;;;;;;;;;;;;;;;;;;;;;;;;;;;;;;;;;;;;;;;;;;;;;;;;;;;;;;;;;;;;;;;;;;;;;;;;;;;;;;;;;;;;;;;;;;;;;;;;;;;;;;;;;;;;;;;;;;;;;;;;;;;;;;;;;;;;;;;;;;;;;;;;;;;;;;;;;;;;;;;;;;;;;;;;;;;;;;;;;;;;;;;;;;;;;;;;;;;
Джемпер мужской16);268,16;4 557,20 ;24 371,24 ;51 036,39 ;102 497 ;127 197 ;137 783 ;236,17;368,30;448,48;543,59;641,56;686,54;753,57;855,39;941,36;1022,86;1 129,86 ;1 267,62 ;1 373,95 ;1 493,41 ;1 559,68 ;1 630,21 ;1 722,50 ;1 885,11 ;1 996,16 ;2 066,34 ;2 082,95 ;2 130,50 ;2 159,80 ;2 239,04 ;2 414,42 ;2 601,37 ;2 757,24 ;;;;;;;;;;;;;;;;;;;;;;;;;;;;;;;;;;;;;;;;;;;;;;;;;;;;;;;;;;;;;;;;;;;;;;;;;;;;;;;;;;;;;;;;;;;;;;;;;;;;;;;;;;;;;;;;;;;;;;;;;;;;;;;;;;;;;;;;;;;;;;;;;;;;;;;;;;;;;;;;;;;;;;;;;;;;;;;;;;;;;;;;;;;;;;;;;;;;;;;;;;;;;;;;;;;;;;;;;;;;;
Носки мужские17), за пару ;5,39;67,30 ;819,52 ;2 344,15 ;5 548 ;6 553 ;7 278 ;10,88;16,85;20,24;23,72;26,54;28,12;30,83;33,99;36,70;40,01;43,40 ;48,98 ;52,04 ;54,96 ;57,94 ;60,92 ;63,94 ;72,28 ;78,24 ;80,07 ;81,84 ;88,60 ;90,79 ;97,56 ;113,93 ;123,55 ;131,75;;;;;;;;;;;;;;;;;;;;;;;;;;;;;;;;;;;;;;;;;;;;;;;;;;;;;;;;;;;;;;;;;;;;;;;;;;;;;;;;;;;;;;;;;;;;;;;;;;;;;;;;;;;;;;;;;;;;;;;;;;;;;;;;;;;;;;;;;;;;;;;;;;;;;;;;;;;;;;;;;;;;;;;;;;;;;;;;;;;;;;;;;;;;;;;;;;;;;;;;;;;;;;;;;;;;;;;;;;;;;
Колготки женские эластичные18);8,65;150,70;1 069,90 ;3 973,16 ;9 703 ;11 525 ;9 700 ;19,60;28,78;32,52;35,37;38,29;40,28;45,88;51,25;56,58;63,85;72,66 ;89,66 ;98,62 ;107,45 ;118,01 ;124,03 ;133,39 ;154,82 ;167,44 ;171,28 ;205,53 ;211,77 ;223,73 ;234,58 ;259,47 ;279,05 ;296,29;;;;;;;;;;;;;;;;;;;;;;;;;;;;;;;;;;;;;;;;;;;;;;;;;;;;;;;;;;;;;;;;;;;;;;;;;;;;;;;;;;;;;;;;;;;;;;;;;;;;;;;;;;;;;;;;;;;;;;;;;;;;;;;;;;;;;;;;;;;;;;;;;;;;;;;;;;;;;;;;;;;;;;;;;;;;;;;;;;;;;;;;;;;;;;;;;;;;;;;;;;;;;;;;;;;;;;;;;;;;;
"Полуботинки, туфли мужские 
с верхом из натуральной кожи, 
за пару ";88,39;4 876,10 ;32 604,23 ;74 991,63 ;181 706 ;222 348 ;260 471 ;434,61 ;704,73 ;914,62 ;1 093,47 ;1 237,10 ;1 316,11 ;1 428,56 ;1 559,48 ;1 679,72 ;1 807,08 ;1 934,76 ;2 125,36 ;2 250,88 ;2 376,43 ;2 507,68 ;2 643,30 ;2 818,99 ;3 344,92 ;3 708,35 ;3 900,82 ;4 026,25 ;4 146,28 ;4 179,07 ;4 380,60 ;4 849,04 ;4 778,47 ;5 235,86 ;;;;;;;;;;;;;;;;;;;;;;;;;;;;;;;;;;;;;;;;;;;;;;;;;;;;;;;;;;;;;;;;;;;;;;;;;;;;;;;;;;;;;;;;;;;;;;;;;;;;;;;;;;;;;;;;;;;;;;;;;;;;;;;;;;;;;;;;;;;;;;;;;;;;;;;;;;;;;;;;;;;;;;;;;;;;;;;;;;;;;;;;;;;;;;;;;;;;;;;;;;;;;;;;;;;;;;;;;;;;;
"Сапоги женские зимние с верхом 
из натуральной кожи, за пару ";412,21;10 829,20 ;86 742,29 ;181 283,56 ;352 061 ;387 473 ;445 391 ;1 021,72 ;1 486,86 ;1 838,87 ;2 098,80 ;2 274,84 ;2 338,61 ;2 490,72 ;2 685,49 ;2 931,90 ;3 195,31 ;3 502,05 ;3 809,53 ;4 091,76 ;4 386,52 ;4 646,59 ;4 922,32 ;5 327,88 ;6 272,06 ;6 923,50 ;7 271,08 ;7 454,53 ;7 512,17 ;7 570,11 ;7 798,77 ;8 077,04 ;8 393,10 ;8 959,19 ;;;;;;;;;;;;;;;;;;;;;;;;;;;;;;;;;;;;;;;;;;;;;;;;;;;;;;;;;;;;;;;;;;;;;;;;;;;;;;;;;;;;;;;;;;;;;;;;;;;;;;;;;;;;;;;;;;;;;;;;;;;;;;;;;;;;;;;;;;;;;;;;;;;;;;;;;;;;;;;;;;;;;;;;;;;;;;;;;;;;;;;;;;;;;;;;;;;;;;;;;;;;;;;;;;;;;;;;;;;;;
Туфли женские модельные с верхом из натуральной кожи, за пару ;187,92;5 000,00 ;24 437,23 ;52 195,64 ;119 280 ;149 050 ;252 229 ;468,51;804,51;1040,89;1 246,97 ;1 438,51 ;1 488,77 ;1 602,77 ;1 700,81 ;1 788,36 ;1 927,82 ;2 089,20 ;2 340,73 ;2 483,88 ;2 645,83 ;2 792,61 ;2 939,16 ;3 092,50 ;3 600,24 ;3 970,59 ;4 166,36 ;4 157,34 ;4 264,21 ;4 289,55 ;4 401,28 ;4 838,68 ;4 759,10 ;4 968,85 ;;;;;;;;;;;;;;;;;;;;;;;;;;;;;;;;;;;;;;;;;;;;;;;;;;;;;;;;;;;;;;;;;;;;;;;;;;;;;;;;;;;;;;;;;;;;;;;;;;;;;;;;;;;;;;;;;;;;;;;;;;;;;;;;;;;;;;;;;;;;;;;;;;;;;;;;;;;;;;;;;;;;;;;;;;;;;;;;;;;;;;;;;;;;;;;;;;;;;;;;;;;;;;;;;;;;;;;;;;;;;
Мыло туалетное, за 100 г;1,73;22,60 ;217,43 ;802,10 ;2 221 ;2 436 ;2 594 ;5,86;8,19;8,23;8,44;9,06;8,73;9,06;9,52;10,02;11,23;13,85 ;16,36 ;17,03 ;18,32 ;19,44 ;20,69 ;22,47 ;27,61 ;30,35 ;31,62 ;32,73 ;34,78 ;37,54 ;41,37 ;59,04 ;59,88 ;61,74;;;;;;;;;;;;;;;;;;;;;;;;;;;;;;;;;;;;;;;;;;;;;;;;;;;;;;;;;;;;;;;;;;;;;;;;;;;;;;;;;;;;;;;;;;;;;;;;;;;;;;;;;;;;;;;;;;;;;;;;;;;;;;;;;;;;;;;;;;;;;;;;;;;;;;;;;;;;;;;;;;;;;;;;;;;;;;;;;;;;;;;;;;;;;;;;;;;;;;;;;;;;;;;;;;;;;;;;;;;;;
Шампунь, за 250 мл;7,78;111,30;650,20 ;2 772,05 ;8 858 ;10 451 ;11 860 ;26,10;35,91;38,67;42,65;45,86;43,59;48,08;53,01;56,67;60,92;67,57 ;79,36 ;82,17 ;87,84 ;94,15 ;96,36 ;104,73 ;125,66 ;132,74 ;132,97 ;136,58 ;144,03 ;148,17 ;159,67 ;212,29 ;212,94 ;216,07;;;;;;;;;;;;;;;;;;;;;;;;;;;;;;;;;;;;;;;;;;;;;;;;;;;;;;;;;;;;;;;;;;;;;;;;;;;;;;;;;;;;;;;;;;;;;;;;;;;;;;;;;;;;;;;;;;;;;;;;;;;;;;;;;;;;;;;;;;;;;;;;;;;;;;;;;;;;;;;;;;;;;;;;;;;;;;;;;;;;;;;;;;;;;;;;;;;;;;;;;;;;;;;;;;;;;;;;;;;;;
Сигареты с фильтром, за пачку19);2,76;84,50;299,35;542,87 ;1 488 ;1 627 ;1 920 ;5,18;6,18;6,48;6,78;7,15;7,57;7,95;8,45;9,15;10,00;11,87 ;14,50 ;17,74 ;22,13 ;27,98 ;37,39 ;48,69 ;63,13 ;74,89 ;80,46 ;88,72 ;98,34 ;107,51 ;127,74 ;164,81 ;176,84 ;189,88;;;;;;;;;;;;;;;;;;;;;;;;;;;;;;;;;;;;;;;;;;;;;;;;;;;;;;;;;;;;;;;;;;;;;;;;;;;;;;;;;;;;;;;;;;;;;;;;;;;;;;;;;;;;;;;;;;;;;;;;;;;;;;;;;;;;;;;;;;;;;;;;;;;;;;;;;;;;;;;;;;;;;;;;;;;;;;;;;;;;;;;;;;;;;;;;;;;;;;;;;;;;;;;;;;;;;;;;;;;;;
Ковер, ковровое покрытие (палас) синтетический, за м2;757,34 ;3 889,10 ;18 597,71 ;28 626,45 ;53 019 ;60 340 ;59 292 ;128,26;184,56;216,69;247,95;269,03;274,71;297,15;317,00;351,18;382,34;431,41 ;507,35 ;569,46 ;547,25 ;602,46 ;636,52 ;722,28 ;891,32 ;872,60 ;891,54 ;816,87 ;884,34 ;896,30 ;966,29 ;1 061,71 ;1 106,94 ;1 183,15 ;;;;;;;;;;;;;;;;;;;;;;;;;;;;;;;;;;;;;;;;;;;;;;;;;;;;;;;;;;;;;;;;;;;;;;;;;;;;;;;;;;;;;;;;;;;;;;;;;;;;;;;;;;;;;;;;;;;;;;;;;;;;;;;;;;;;;;;;;;;;;;;;;;;;;;;;;;;;;;;;;;;;;;;;;;;;;;;;;;;;;;;;;;;;;;;;;;;;;;;;;;;;;;;;;;;;;;;;;;;;;
Электропылесос напольный;328,53 ;9 490,10 ;50 675,81 ;130 837,59 ;396 560 ;558 486 ;674 852 ;1 768,79 ;2 161,36 ;2 304,05 ;2 439,66 ;2 565,11 ;2 492,75 ;2 521,73 ;2 633,16 ;2 768,99 ;2 854,43 ;3 085,34 ;3 556,75 ;3 586,80 ;3 801,80 ;3 978,07 ;4 069,52 ;5 140,87 ;6 189,70 ;6 461,50 ;6 733,06 ;7 125,07 ;7 335,22 ;7 894,39 ;8 264,29 ;9 520,72 ;9 676,64 ;9 695,81 ;;;;;;;;;;;;;;;;;;;;;;;;;;;;;;;;;;;;;;;;;;;;;;;;;;;;;;;;;;;;;;;;;;;;;;;;;;;;;;;;;;;;;;;;;;;;;;;;;;;;;;;;;;;;;;;;;;;;;;;;;;;;;;;;;;;;;;;;;;;;;;;;;;;;;;;;;;;;;;;;;;;;;;;;;;;;;;;;;;;;;;;;;;;;;;;;;;;;;;;;;;;;;;;;;;;;;;;;;;;;;
Велосипед дорожный для взрослых;378,00 ;8 593,50 ;63 986,81 ;168 862,01 ;469 798 ;647 535 ;759 546 ;927,87 ;1 631,98 ;2 044,32 ;2 295,39 ;2 433,53 ;2 440,99 ;2 524,27 ;2 808,98 ;3 129,57 ;3 380,09 ;3 777,47 ;4 739,90 ;5 211,11 ;5 723,32 ;6 212,41 ;6 516,04 ;7 412,22 ;9 516,18 ;9 948,55 ;10 975,67 ;11 606,55 ;11 845,78 ;12 438,39 ;14 392,37 ;16 825,46 ;17 239,04 ;18 424,37 ;;;;;;;;;;;;;;;;;;;;;;;;;;;;;;;;;;;;;;;;;;;;;;;;;;;;;;;;;;;;;;;;;;;;;;;;;;;;;;;;;;;;;;;;;;;;;;;;;;;;;;;;;;;;;;;;;;;;;;;;;;;;;;;;;;;;;;;;;;;;;;;;;;;;;;;;;;;;;;;;;;;;;;;;;;;;;;;;;;;;;;;;;;;;;;;;;;;;;;;;;;;;;;;;;;;;;;;;;;;;;
Телевизор ;2 161,00 ;75 721,20 ;401 573,97 ;998 803,75 ;1 808 916 ;1 990 745 ;2 148 881 ;5 622,84 ;6 148,16 ;6 656,92 ;7 811,84 ;8 166,64 ;7 914,32 ;7 728,89 ;7 601,63 ;7 794,71 ;7 667,66 ;8 049,80 ;10 563,54 ;11 400,39 ;13 554,47 ;14 189,09 ;15 144,74 ;19 047,78 ;22 529,29 ;22 999,51 ;22 570,80 ;22 958,88 ;22 134,51 ;27 357,88 ;31 879,43 ;32 017,40 ;33 012,78 ;34 894,26 ;;;;;;;;;;;;;;;;;;;;;;;;;;;;;;;;;;;;;;;;;;;;;;;;;;;;;;;;;;;;;;;;;;;;;;;;;;;;;;;;;;;;;;;;;;;;;;;;;;;;;;;;;;;;;;;;;;;;;;;;;;;;;;;;;;;;;;;;;;;;;;;;;;;;;;;;;;;;;;;;;;;;;;;;;;;;;;;;;;;;;;;;;;;;;;;;;;;;;;;;;;;;;;;;;;;;;;;;;;;;;
Еврошифер20), за 10 м2;…;...;...;31 986,77 ;99 732 ;118 529 ;126 831 ;139,32 ;213,93 ;269,50 ;335,63 ;398,32 ;460,27 ;508,15 ;646,24 ;734,86 ;913,71 ;1 142,04 ;1 144,83 ;1 154,66 ;1 232,19 ;1 289,04 ;1 368,75 ;1 425,95 ;1 494,21 ;1 535,18 ;2 717,70 ;2 752,78 ;2 949,49 ;3 109,30 ;4 151,10 ;4 460,36 ;4 586,80 ;4 832,19 ;;;;;;;;;;;;;;;;;;;;;;;;;;;;;;;;;;;;;;;;;;;;;;;;;;;;;;;;;;;;;;;;;;;;;;;;;;;;;;;;;;;;;;;;;;;;;;;;;;;;;;;;;;;;;;;;;;;;;;;;;;;;;;;;;;;;;;;;;;;;;;;;;;;;;;;;;;;;;;;;;;;;;;;;;;;;;;;;;;;;;;;;;;;;;;;;;;;;;;;;;;;;;;;;;;;;;;;;;;;;;
Кирпич красный, за 1000 шт.;224,25;7 491,10 ;94 244,00 ;280 547,25 ;738 304 ;897 599 ;1 004 603 ;1 100,67 ;1 515,78 ;2 196,75 ;2 876,98 ;3 583,47 ;3 919,92 ;4 437,67 ;4 944,73 ;5 998,60 ;8 292,20 ;9 853,44 ;8 910,11 ;9 050,07 ;9 646,75 ;10 796,17 ;11 627,90 ;12 458,63 ;13 157,38 ;12 763,89 ;12 708,44 ;12 607,68 ;13 859,25 ;14 432,86 ;18 701,51 ;21 228,05 ;23 441,58 ;25 041,72 ;;;;;;;;;;;;;;;;;;;;;;;;;;;;;;;;;;;;;;;;;;;;;;;;;;;;;;;;;;;;;;;;;;;;;;;;;;;;;;;;;;;;;;;;;;;;;;;;;;;;;;;;;;;;;;;;;;;;;;;;;;;;;;;;;;;;;;;;;;;;;;;;;;;;;;;;;;;;;;;;;;;;;;;;;;;;;;;;;;;;;;;;;;;;;;;;;;;;;;;;;;;;;;;;;;;;;;;;;;;;;
Линолеум, за м2;…;...;...;17 314,14 ;45 899 ;50 153 ;50 943 ;94,84 ;121,82 ;136,02 ;147,03 ;156,94 ;164,09 ;173,89 ;188,47 ;198,66 ;211,64 ;242,56 ;289,31 ;299,74 ;327,47 ;350,36 ;366,51 ;409,58 ;474,68 ;507,99 ;506,83 ;528,57 ;541,81 ;545,77 ;576,82 ;686,29 ;727,18 ;758,03;;;;;;;;;;;;;;;;;;;;;;;;;;;;;;;;;;;;;;;;;;;;;;;;;;;;;;;;;;;;;;;;;;;;;;;;;;;;;;;;;;;;;;;;;;;;;;;;;;;;;;;;;;;;;;;;;;;;;;;;;;;;;;;;;;;;;;;;;;;;;;;;;;;;;;;;;;;;;;;;;;;;;;;;;;;;;;;;;;;;;;;;;;;;;;;;;;;;;;;;;;;;;;;;;;;;;;;;;;;;;
"Кольцо обручальное золотое21), 
за грамм";…;...;...;77 646,27 ;142 340 ;147 568 ;146 804 ;242,66;348,28;389,92;417,61;446,92;484,73;509,79;545,42;663,28;769,63;965,29 ;1 262,50 ;1 483,66 ;1 914,56 ;2 120,64 ;2 210,85 ;2 307,75 ;2 890,42 ;3 158,80 ;3 132,60 ;3 268,49 ;3 507,84 ;4 547,47 ;5 127,35 ;6 158,78 ;7 497,94 ;10 433,45 ;;;;;;;;;;;;;;;;;;;;;;;;;;;;;;;;;;;;;;;;;;;;;;;;;;;;;;;;;;;;;;;;;;;;;;;;;;;;;;;;;;;;;;;;;;;;;;;;;;;;;;;;;;;;;;;;;;;;;;;;;;;;;;;;;;;;;;;;;;;;;;;;;;;;;;;;;;;;;;;;;;;;;;;;;;;;;;;;;;;;;;;;;;;;;;;;;;;;;;;;;;;;;;;;;;;;;;;;;;;;;
Бензин автомобильный марки А-76 (АИ-80)22), за л;0,51;27,80;175,59;595,76;1 681 ;1 805 ;1 827 ;1,96;5,75;7,35;6,52;7,58;9,06;12,46;14,32;15,75;17,01;17,41;19,16;20,09;24,65;26,56;27,91;30,41;32,23;33,59;35,22;-;-;-;-;-;-;-;;;;;;;;;;;;;;;;;;;;;;;;;;;;;;;;;;;;;;;;;;;;;;;;;;;;;;;;;;;;;;;;;;;;;;;;;;;;;;;;;;;;;;;;;;;;;;;;;;;;;;;;;;;;;;;;;;;;;;;;;;;;;;;;;;;;;;;;;;;;;;;;;;;;;;;;;;;;;;;;;;;;;;;;;;;;;;;;;;;;;;;;;;;;;;;;;;;;;;;;;;;;;;;;;;;;;;;;;;;;;
Бензин автомобильный марки АИ-92, за л;…;...;...;...;...;...;2 329;2,68;6,85;8,60;7,88;9,80;11,29;14,41;16,79;18,68;20,31;20,11;21,84;23,42;26,49;28,06;29,58;32,44;34,04;35,28;37,95;41,58;42,27;43,32;47,13;47,21;50,26;55,18 ;;;;;;;;;;;;;;;;;;;;;;;;;;;;;;;;;;;;;;;;;;;;;;;;;;;;;;;;;;;;;;;;;;;;;;;;;;;;;;;;;;;;;;;;;;;;;;;;;;;;;;;;;;;;;;;;;;;;;;;;;;;;;;;;;;;;;;;;;;;;;;;;;;;;;;;;;;;;;;;;;;;;;;;;;;;;;;;;;;;;;;;;;;;;;;;;;;;;;;;;;;;;;;;;;;;;;;;;;;;;;
Корвалол, за 25 мл;…;...;...;...;...;...;2 623;3,63;4,08;5,42;5,17;5,45;5,49;7,63;7,61;7,68;7,52;10,56;9,40;8,72;9,04;10,11;10,45;11,23;15,31;17,97;17,59;19,03;21,61;24,62;29,78;37,52;42,94;49,05 ;;;;;;;;;;;;;;;;;;;;;;;;;;;;;;;;;;;;;;;;;;;;;;;;;;;;;;;;;;;;;;;;;;;;;;;;;;;;;;;;;;;;;;;;;;;;;;;;;;;;;;;;;;;;;;;;;;;;;;;;;;;;;;;;;;;;;;;;;;;;;;;;;;;;;;;;;;;;;;;;;;;;;;;;;;;;;;;;;;;;;;;;;;;;;;;;;;;;;;;;;;;;;;;;;;;;;;;;;;;;;
Метамизол натрия (Анальгин отечественный), 500 мг, за 10 таблеток;…;...;...;549,84;1 037;1 209;1 204;1,72;2,55;2,57;2,35;2,41;2,50;2,38;2,82;2,96;2,83;3,51;5,25;5,00;5,14;5,94;6,27;6,59;10,75;13,06;12,33;12,74;14,54;18,52;20,82;28,16;31,98;36,75 ;;;;;;;;;;;;;;;;;;;;;;;;;;;;;;;;;;;;;;;;;;;;;;;;;;;;;;;;;;;;;;;;;;;;;;;;;;;;;;;;;;;;;;;;;;;;;;;;;;;;;;;;;;;;;;;;;;;;;;;;;;;;;;;;;;;;;;;;;;;;;;;;;;;;;;;;;;;;;;;;;;;;;;;;;;;;;;;;;;;;;;;;;;;;;;;;;;;;;;;;;;;;;;;;;;;;;;;;;;;;;
"Ацетилсалициловая кислота 
(Аспирин отечественный), 500 мг, 
за 10 таблеток";0,50;0,85;112,00;437,21;864;996;991;1,30;1,62;1,58;1,47;1,48;1,56;1,52;1,81;2,00;2,02;2,51;4,38;4,54;3,57;3,55;3,81;3,91;6,07;6,43;6,04;5,95;6,39;8,34;10,02;12,58;16,39;17,95 ;;;;;;;;;;;;;;;;;;;;;;;;;;;;;;;;;;;;;;;;;;;;;;;;;;;;;;;;;;;;;;;;;;;;;;;;;;;;;;;;;;;;;;;;;;;;;;;;;;;;;;;;;;;;;;;;;;;;;;;;;;;;;;;;;;;;;;;;;;;;;;;;;;;;;;;;;;;;;;;;;;;;;;;;;;;;;;;;;;;;;;;;;;;;;;;;;;;;;;;;;;;;;;;;;;;;;;;;;;;;;
"Средние потребительские цены 
на отдельные виды услуг
(на конец года, рублей за один вид услуг, в масштабе цен соответствующих лет)";;;;;;;;;;;;;;;;;;;;;;;;;;;;;;;;;;;;;;;;;;;;;;;;;;;;;;;;;;;;;;;;;;;;;;;;;;;;;;;;;;;;;;;;;;;;;;;;;;;;;;;;;;;;;;;;;;;;;;;;;;;;;;;;;;;;;;;;;;;;;;;;;;;;;;;;;;;;;;;;;;;;;;;;;;;;;;;;;;;;;;;;;;;;;;;;;;;;;;;;;;;;;;;;;;;;;;;;;;;;;;;;;;;;;;;;;;;;;;;;;;;;;;;;;;;;;;;
Постановка набоек, за пару;4,75;92,17;1 683,00 ;5 498,27 ;11 532 ;15 024 ;17 168 ;21,15;28,70;36,42;45,10;56,28;66,96;79,60;93,12;105,53;121,67;145,52;166,34;180,16;212,25;228,73;241,94;260,75;290,62;318,79;325,66;330,22;342,90;351,59;390,92;408,82;447,44;503,55;;;;;;;;;;;;;;;;;;;;;;;;;;;;;;;;;;;;;;;;;;;;;;;;;;;;;;;;;;;;;;;;;;;;;;;;;;;;;;;;;;;;;;;;;;;;;;;;;;;;;;;;;;;;;;;;;;;;;;;;;;;;;;;;;;;;;;;;;;;;;;;;;;;;;;;;;;;;;;;;;;;;;;;;;;;;;;;;;;;;;;;;;;;;;;;;;;;;;;;;;;;;;;;;;;;;;;;;;;;;;
Ремонт телевизоров 23)  ;49,91;999,10;13 486,00 ;37 205,48 ;68 702 ;85 158 ;73 740 ;84,07;112,80;137,11;179,32;223,72;259,22;300,38;339,30;377,33;538,54;614,37;699,50;760,80;804,07 ;906,76 ;979,12 ;1 153,52 ;1 303,79 ;1 328,98 ;1 435,92 ;1 479,78 ;1 569,62 ;1 700,33 ;1 856,93 ;2 078,28 ;2 269,47 ;2 374,64 ;;;;;;;;;;;;;;;;;;;;;;;;;;;;;;;;;;;;;;;;;;;;;;;;;;;;;;;;;;;;;;;;;;;;;;;;;;;;;;;;;;;;;;;;;;;;;;;;;;;;;;;;;;;;;;;;;;;;;;;;;;;;;;;;;;;;;;;;;;;;;;;;;;;;;;;;;;;;;;;;;;;;;;;;;;;;;;;;;;;;;;;;;;;;;;;;;;;;;;;;;;;;;;;;;;;;;;;;;;;;;
Ремонт холодильников всех марок24);106,92;3 333,00 ;43 594,00 ;96 296,85 ;211 722 ;258 477 ;88 855 ;109,52;139,36;167,26;196,33;233,97;264,68;304,06;372,70;412,73;499,80;599,53;917,52;1 037,78 ;1 124,14 ;1 263,20 ;1 160,98 ;1 231,78 ;1 366,13 ;1 388,27 ;1 428,14 ;1 486,65 ;1 562,07 ;1 566,65 ;1 674,35 ;1 949,78 ;2 104,65 ;2 207,54 ;;;;;;;;;;;;;;;;;;;;;;;;;;;;;;;;;;;;;;;;;;;;;;;;;;;;;;;;;;;;;;;;;;;;;;;;;;;;;;;;;;;;;;;;;;;;;;;;;;;;;;;;;;;;;;;;;;;;;;;;;;;;;;;;;;;;;;;;;;;;;;;;;;;;;;;;;;;;;;;;;;;;;;;;;;;;;;;;;;;;;;;;;;;;;;;;;;;;;;;;;;;;;;;;;;;;;;;;;;;;;
Химчистка мужского костюма25);9,85;213,20 ;3 964,00 ;13 122,51 ;31 882 ;45 357 ;53 480 ;67,93;95,49;121,20;148,50;183,16;219,77;254,94;292,67;337,72;386,81;459,56;520,34;561,07;692,40 ;746,04 ;818,54 ;850,88 ;925,02 ;998,46 ;1 012,64 ;1 052,41 ;1 130,92 ;1 206,14 ;1 322,54 ;1 526,20 ;1 684,25 ;1 937,90 ;;;;;;;;;;;;;;;;;;;;;;;;;;;;;;;;;;;;;;;;;;;;;;;;;;;;;;;;;;;;;;;;;;;;;;;;;;;;;;;;;;;;;;;;;;;;;;;;;;;;;;;;;;;;;;;;;;;;;;;;;;;;;;;;;;;;;;;;;;;;;;;;;;;;;;;;;;;;;;;;;;;;;;;;;;;;;;;;;;;;;;;;;;;;;;;;;;;;;;;;;;;;;;;;;;;;;;;;;;;;;
Стирка и глажение белья прямого26), за кг;0,84;22,62 ;308,00 ;1 344,91 ;3 320 ;4 995 ;5 725 ;6,76;8,25;10,32;13,13;16,53;19,30;22,59;26,95;31,50;38,15;47,29;54,18;56,94;68,47;66,02;70,14;90,70;98,24;107,32;112,84;120,99;124,60;128,28;156,28;185,61;200,40 ;237,52;;;;;;;;;;;;;;;;;;;;;;;;;;;;;;;;;;;;;;;;;;;;;;;;;;;;;;;;;;;;;;;;;;;;;;;;;;;;;;;;;;;;;;;;;;;;;;;;;;;;;;;;;;;;;;;;;;;;;;;;;;;;;;;;;;;;;;;;;;;;;;;;;;;;;;;;;;;;;;;;;;;;;;;;;;;;;;;;;;;;;;;;;;;;;;;;;;;;;;;;;;;;;;;;;;;;;;;;;;;;;
Стрижка модельная в женском зале27);10,21;137,21 ;2 684,00 ;11 169,70 ;29 269 ;41 229 ;28 764 ;33,48;40,95;51,72;68,17;84,83;100,01;120,12;143,91;167,10;195,22;228,59;251,40;269,11;313,90;341,06;365,18;384,66;412,35;476,56;494,86;520,19;538,51;576,36;611,97;684,86;772,68 ;852,22;;;;;;;;;;;;;;;;;;;;;;;;;;;;;;;;;;;;;;;;;;;;;;;;;;;;;;;;;;;;;;;;;;;;;;;;;;;;;;;;;;;;;;;;;;;;;;;;;;;;;;;;;;;;;;;;;;;;;;;;;;;;;;;;;;;;;;;;;;;;;;;;;;;;;;;;;;;;;;;;;;;;;;;;;;;;;;;;;;;;;;;;;;;;;;;;;;;;;;;;;;;;;;;;;;;;;;;;;;;;;
Стрижка модельная в мужском зале;6,85;95,02 ;1 746,00 ;7 616,46 ;18 519 ;26 927 ;25 810 ;30,11;37,53;45,98;59,83;75,32;87,45;103,27;122,19;140,29;164,15;190,12;211,03;224,10;278,80;299,35;314,57;343,07;356,97;374,41;403,15;413,91;422,18;443,71;475,74;512,07;569,67 ;631,59;;;;;;;;;;;;;;;;;;;;;;;;;;;;;;;;;;;;;;;;;;;;;;;;;;;;;;;;;;;;;;;;;;;;;;;;;;;;;;;;;;;;;;;;;;;;;;;;;;;;;;;;;;;;;;;;;;;;;;;;;;;;;;;;;;;;;;;;;;;;;;;;;;;;;;;;;;;;;;;;;;;;;;;;;;;;;;;;;;;;;;;;;;;;;;;;;;;;;;;;;;;;;;;;;;;;;;;;;;;;;
Рытье могилы28);75,15;1355,20;19 573,00 ;91 088,12 ;229 588 ;319 436 ;403 599 ;464,06;491,43;569,3;705,62;844,84;1 020,05 ;1 226,46 ;1 527,92 ;1 881,21 ;2 207,46 ;2 689,38 ;3 385,70 ;3 581,53 ;3 787,66 ;4 565,04 ;4 672,60 ;4 868,29 ;5 232,19 ;5 737,36 ;6 023,78 ;6 334,50 ;6 791,59 ;7 087,80 ;8 054,43 ;8 103,27 ;9 689,42 ;11 098,32 ;;;;;;;;;;;;;;;;;;;;;;;;;;;;;;;;;;;;;;;;;;;;;;;;;;;;;;;;;;;;;;;;;;;;;;;;;;;;;;;;;;;;;;;;;;;;;;;;;;;;;;;;;;;;;;;;;;;;;;;;;;;;;;;;;;;;;;;;;;;;;;;;;;;;;;;;;;;;;;;;;;;;;;;;;;;;;;;;;;;;;;;;;;;;;;;;;;;;;;;;;;;;;;;;;;;;;;;;;;;;;
Изготовление гроба;134,97;2 303,94 ;25 555,00 ;90 539,15 ;232 382 ;311 847 ;335 968 ;363,29;435,50;525,58;626,94;727,05;829,89 ;947,61 ;1 112,81 ;1 298,21 ;1 476,71 ;1 730,78 ;2 054,33 ;2 204,25 ;2 382,18 ;2 598,73 ;2 794,56 ;3 028,53 ;3 400,84 ;3 538,26 ;3 701,92 ;3 732,66 ;3 842,61 ;3 975,38 ;4 491,70 ;5 106,29 ;7 010,08 ;7 830,60 ;;;;;;;;;;;;;;;;;;;;;;;;;;;;;;;;;;;;;;;;;;;;;;;;;;;;;;;;;;;;;;;;;;;;;;;;;;;;;;;;;;;;;;;;;;;;;;;;;;;;;;;;;;;;;;;;;;;;;;;;;;;;;;;;;;;;;;;;;;;;;;;;;;;;;;;;;;;;;;;;;;;;;;;;;;;;;;;;;;;;;;;;;;;;;;;;;;;;;;;;;;;;;;;;;;;;;;;;;;;;;
"Проезд в городском автобусе29), 
за поездку";0,15;1,66;30,00;216,50;656 ;1 031 ;1 260 ;1,43;1,98;2,62;3,21;4,24;4,76;5,68;6,58;7,65;8,65;10,55;11,55;12,90;14,73;15,88;17,20;17,50;19,76;21,03;24,87;23,71;25,59;27,78;29,39;31,49;33,62;37,71;;;;;;;;;;;;;;;;;;;;;;;;;;;;;;;;;;;;;;;;;;;;;;;;;;;;;;;;;;;;;;;;;;;;;;;;;;;;;;;;;;;;;;;;;;;;;;;;;;;;;;;;;;;;;;;;;;;;;;;;;;;;;;;;;;;;;;;;;;;;;;;;;;;;;;;;;;;;;;;;;;;;;;;;;;;;;;;;;;;;;;;;;;;;;;;;;;;;;;;;;;;;;;;;;;;;;;;;;;;;;
Проезд в трамвае, за поездку;0,14;1,49;15,00;213,68;681 ;1 057 ;1 248 ;1,43;1,88;2,70;3,29;4,51;4,72;5,61;6,40;7,54;8,48;9,96;11,54;13,01;14,38;16,45;17,45;17,67;19,76;20,86;26,14;26,67;29,67;33,13;34,58;39,30;40,73;44,95;;;;;;;;;;;;;;;;;;;;;;;;;;;;;;;;;;;;;;;;;;;;;;;;;;;;;;;;;;;;;;;;;;;;;;;;;;;;;;;;;;;;;;;;;;;;;;;;;;;;;;;;;;;;;;;;;;;;;;;;;;;;;;;;;;;;;;;;;;;;;;;;;;;;;;;;;;;;;;;;;;;;;;;;;;;;;;;;;;;;;;;;;;;;;;;;;;;;;;;;;;;;;;;;;;;;;;;;;;;;;
Проезд в троллейбусе, за поездку;0,14;1,62;14,00;202,90;692 ;1 038 ;1 258 ;1,37;1,82;2,58;3,16;4,27;4,63;5,42;6,20;7,24;8,23;9,66;10,97;12,36;13,49;14,65;16,45;16,55;18,30;19,01;23,94;26,02;28,61;31,04;32,74;30,58;31,54;34,83;;;;;;;;;;;;;;;;;;;;;;;;;;;;;;;;;;;;;;;;;;;;;;;;;;;;;;;;;;;;;;;;;;;;;;;;;;;;;;;;;;;;;;;;;;;;;;;;;;;;;;;;;;;;;;;;;;;;;;;;;;;;;;;;;;;;;;;;;;;;;;;;;;;;;;;;;;;;;;;;;;;;;;;;;;;;;;;;;;;;;;;;;;;;;;;;;;;;;;;;;;;;;;;;;;;;;;;;;;;;;
Проезд в метро, за поездку;0,14;2,74;31,00;303,29;1 136 ;1 445 ;1 652 ;2,20;3,08;4,31;4,56;6,09;6,13;7,97;10,33;11,57;13,05;14,82;17,43;20,50;24,37;25,86;25,58;27,65;31,04;32,77;36,92;36,44;38,36;40,54;42,71;46,35;52,19;55,50;;;;;;;;;;;;;;;;;;;;;;;;;;;;;;;;;;;;;;;;;;;;;;;;;;;;;;;;;;;;;;;;;;;;;;;;;;;;;;;;;;;;;;;;;;;;;;;;;;;;;;;;;;;;;;;;;;;;;;;;;;;;;;;;;;;;;;;;;;;;;;;;;;;;;;;;;;;;;;;;;;;;;;;;;;;;;;;;;;;;;;;;;;;;;;;;;;;;;;;;;;;;;;;;;;;;;;;;;;;;;
Пересылка простого письма внутри России30), массой до 20 г ;0,09;1,53;27,00;249,36;792;1 001 ;1075;1,09;1,49;2,18;3,11;4,13;4,72;5,07;5,60;6,48;6,49;7,49;8,96;10,52;11,94;13,18;14,27;15,11;17,18;19,13;22,13;22,14;23,16;23,16;24,14;27,02;29,04;31,12;;;;;;;;;;;;;;;;;;;;;;;;;;;;;;;;;;;;;;;;;;;;;;;;;;;;;;;;;;;;;;;;;;;;;;;;;;;;;;;;;;;;;;;;;;;;;;;;;;;;;;;;;;;;;;;;;;;;;;;;;;;;;;;;;;;;;;;;;;;;;;;;;;;;;;;;;;;;;;;;;;;;;;;;;;;;;;;;;;;;;;;;;;;;;;;;;;;;;;;;;;;;;;;;;;;;;;;;;;;;;
Отправка телеграммы обыкновенной внутренней31), за 15 слов;1,23;12,66;184,00;1 453,89 ;3496;4 398 ;4 457 ;7,15;8,79;10,35;13,55;18,49;18,45;21,11;21,67;26,55;27,85;33,92;41,08;52,29;64,96;71,82;74,28;76,86;82,94;99,12;-;-;-;-;-;-;-;-;;;;;;;;;;;;;;;;;;;;;;;;;;;;;;;;;;;;;;;;;;;;;;;;;;;;;;;;;;;;;;;;;;;;;;;;;;;;;;;;;;;;;;;;;;;;;;;;;;;;;;;;;;;;;;;;;;;;;;;;;;;;;;;;;;;;;;;;;;;;;;;;;;;;;;;;;;;;;;;;;;;;;;;;;;;;;;;;;;;;;;;;;;;;;;;;;;;;;;;;;;;;;;;;;;;;;;;;;;;;;
Плата за пересылку простой посылки внутри России массой 1-2 кг, за шт.;…;…;…;…;…;…;…;…;…;…;…;…;…;…;…;…;…;…;…;…;…;…;…;…;…;…;…;293,17;318,47;319,41;342,48;375,32;405,16;480,59;;;;;;;;;;;;;;;;;;;;;;;;;;;;;;;;;;;;;;;;;;;;;;;;;;;;;;;;;;;;;;;;;;;;;;;;;;;;;;;;;;;;;;;;;;;;;;;;;;;;;;;;;;;;;;;;;;;;;;;;;;;;;;;;;;;;;;;;;;;;;;;;;;;;;;;;;;;;;;;;;;;;;;;;;;;;;;;;;;;;;;;;;;;;;;;;;;;;;;;;;;;;;;;;;;;;;;;;;;;;;
"Абонентская плата 
за неограниченный объем местных телефонных соединений, за месяц";4,75;76,71;816,00;3 868,08 ;11 422 ;16 888 ;23 541 ;28,24;38,83;52,63;66,92;100,74;129,75;160,39;189,15;191,81;277,45;304,12;323,35;348,76;377,38;397,02;417,01;422,98;430,75;434,85;446,64;452,13;466,17;464,97;469,92;498,28;500,89;526,38;;;;;;;;;;;;;;;;;;;;;;;;;;;;;;;;;;;;;;;;;;;;;;;;;;;;;;;;;;;;;;;;;;;;;;;;;;;;;;;;;;;;;;;;;;;;;;;;;;;;;;;;;;;;;;;;;;;;;;;;;;;;;;;;;;;;;;;;;;;;;;;;;;;;;;;;;;;;;;;;;;;;;;;;;;;;;;;;;;;;;;;;;;;;;;;;;;;;;;;;;;;;;;;;;;;;;;;;;;;;;
Плата за жилье в домах государственного и муниципального жилищных фондов32), за м2 общей площади;0,13;0,36;3,98;75,41;267;404;542;0,66;1,00;1,30;2,15;3,24;4,22;5,50;7,50;8,87;10,06;11,49;13,14;14,28;16,57;17,83;19,34;21,98;24,84;25,92;28,87;31,10;30,48;31,64;32,52;33,23;36,12;39,70;;;;;;;;;;;;;;;;;;;;;;;;;;;;;;;;;;;;;;;;;;;;;;;;;;;;;;;;;;;;;;;;;;;;;;;;;;;;;;;;;;;;;;;;;;;;;;;;;;;;;;;;;;;;;;;;;;;;;;;;;;;;;;;;;;;;;;;;;;;;;;;;;;;;;;;;;;;;;;;;;;;;;;;;;;;;;;;;;;;;;;;;;;;;;;;;;;;;;;;;;;;;;;;;;;;;;;;;;;;;;
"Водоснабжение холодное 
и водоотведение, за месяц с человека";0,66;9,10;48,00;801,91;3 584 ;6 052 ;7 169 ;8,27;10,87;15,86;25,94;39,04;52,32;69,00;94,11;112,29;130,01;150,62;181,09;212,98;238,59;261,29;271,00;-;-;-;-;-;-;-;-;-;-;-;;;;;;;;;;;;;;;;;;;;;;;;;;;;;;;;;;;;;;;;;;;;;;;;;;;;;;;;;;;;;;;;;;;;;;;;;;;;;;;;;;;;;;;;;;;;;;;;;;;;;;;;;;;;;;;;;;;;;;;;;;;;;;;;;;;;;;;;;;;;;;;;;;;;;;;;;;;;;;;;;;;;;;;;;;;;;;;;;;;;;;;;;;;;;;;;;;;;;;;;;;;;;;;;;;;;;;;;;;;;;
Водоснабжение холодное, за м3;…;…;…;…;…;…;…;…;…;…;…;…;…;…;…;…;…;…;…;…;…;19,39;21,02;21,42;23,64;25,04;26,64;28,08;29,47;30,50;31,63;36,29;36,31;40,36;;;;;;;;;;;;;;;;;;;;;;;;;;;;;;;;;;;;;;;;;;;;;;;;;;;;;;;;;;;;;;;;;;;;;;;;;;;;;;;;;;;;;;;;;;;;;;;;;;;;;;;;;;;;;;;;;;;;;;;;;;;;;;;;;;;;;;;;;;;;;;;;;;;;;;;;;;;;;;;;;;;;;;;;;;;;;;;;;;;;;;;;;;;;;;;;;;;;;;;;;;;;;;;;;;;;;;;;;;;;;
Водоотведение, за м3;…;…;…;…;…;…;…;…;…;…;…;…;…;…;…;…;…;…;…;…;…;14,51;16,25;17,01;18,90;20,24;21,80;23,23;25,17;26,28;27,01;31,39;31,30;34,64;;;;;;;;;;;;;;;;;;;;;;;;;;;;;;;;;;;;;;;;;;;;;;;;;;;;;;;;;;;;;;;;;;;;;;;;;;;;;;;;;;;;;;;;;;;;;;;;;;;;;;;;;;;;;;;;;;;;;;;;;;;;;;;;;;;;;;;;;;;;;;;;;;;;;;;;;;;;;;;;;;;;;;;;;;;;;;;;;;;;;;;;;;;;;;;;;;;;;;;;;;;;;;;;;;;;;;;;;;;;;
"Горячее водоснабжение, за месяц 
с человека";0,72;6,90;45,00;1060,30;5073;7392;9064;9,87;12,12;18,00;30,91;48,87;64,90;80,01;110,08;129,37;149,91;178,47;228,44;267,84;310,20;351,72;379,48;-;-;-;-;-;-;-;-;-;-;-;;;;;;;;;;;;;;;;;;;;;;;;;;;;;;;;;;;;;;;;;;;;;;;;;;;;;;;;;;;;;;;;;;;;;;;;;;;;;;;;;;;;;;;;;;;;;;;;;;;;;;;;;;;;;;;;;;;;;;;;;;;;;;;;;;;;;;;;;;;;;;;;;;;;;;;;;;;;;;;;;;;;;;;;;;;;;;;;;;;;;;;;;;;;;;;;;;;;;;;;;;;;;;;;;;;;;;;;;;;;;
Горячее водоснабжение, за м3;…;…;…;…;…;…;…;…;…;…;…;…;…;…;…;…;…;…;60,70;71,10;77,42;92,18;103,00;109,85;121,66;128,67;135,70;143,96;151,33;156,81;161,94;185,8;185,33;206,04;;;;;;;;;;;;;;;;;;;;;;;;;;;;;;;;;;;;;;;;;;;;;;;;;;;;;;;;;;;;;;;;;;;;;;;;;;;;;;;;;;;;;;;;;;;;;;;;;;;;;;;;;;;;;;;;;;;;;;;;;;;;;;;;;;;;;;;;;;;;;;;;;;;;;;;;;;;;;;;;;;;;;;;;;;;;;;;;;;;;;;;;;;;;;;;;;;;;;;;;;;;;;;;;;;;;;;;;;;;;;
Отопление33), за м2 общей площади;0,21;1,20;8,00;124,79;471;703;861;0,92;1,13;1,61;2,87;4,55;6,13;7,32;9,77;11,39;13,03;15,13;18,24;21,03;22,61;24,86;27,98;-;-;-;-;-;-;-;-;-;-;-;;;;;;;;;;;;;;;;;;;;;;;;;;;;;;;;;;;;;;;;;;;;;;;;;;;;;;;;;;;;;;;;;;;;;;;;;;;;;;;;;;;;;;;;;;;;;;;;;;;;;;;;;;;;;;;;;;;;;;;;;;;;;;;;;;;;;;;;;;;;;;;;;;;;;;;;;;;;;;;;;;;;;;;;;;;;;;;;;;;;;;;;;;;;;;;;;;;;;;;;;;;;;;;;;;;;;;;;;;;;;
Отопление, за Гкал;…;…;…;…;…;…;…;…;…;…;…;…;…;…;…;…;…;…;…;…;…;…;1 398,66 ;1 490,71 ;1 649,18 ;1 735,87 ;1 771,19 ;1 818,60 ;1 895,33 ;1 930,54 ;2 083,48 ;2 377,36 ;2 403,13 ;2 653,39 ;;;;;;;;;;;;;;;;;;;;;;;;;;;;;;;;;;;;;;;;;;;;;;;;;;;;;;;;;;;;;;;;;;;;;;;;;;;;;;;;;;;;;;;;;;;;;;;;;;;;;;;;;;;;;;;;;;;;;;;;;;;;;;;;;;;;;;;;;;;;;;;;;;;;;;;;;;;;;;;;;;;;;;;;;;;;;;;;;;;;;;;;;;;;;;;;;;;;;;;;;;;;;;;;;;;;;;;;;;;;;
Газ сетевой, за месяц с человека;0,51;3,40;29,00;64,66;951;1184;2449;3,18;4,31;5,66;6,89;9,47;12,34;14,36;18,08;20,63;24,30;30,20;37,04;43,81;48,32;55,36;63,63 ;63,89 ;67,56 ;68,24 ;73,04 ;75,59 ;77,94 ;80,58 ;83,87 ;93,45 ;92,96 ;102,33 ;;;;;;;;;;;;;;;;;;;;;;;;;;;;;;;;;;;;;;;;;;;;;;;;;;;;;;;;;;;;;;;;;;;;;;;;;;;;;;;;;;;;;;;;;;;;;;;;;;;;;;;;;;;;;;;;;;;;;;;;;;;;;;;;;;;;;;;;;;;;;;;;;;;;;;;;;;;;;;;;;;;;;;;;;;;;;;;;;;;;;;;;;;;;;;;;;;;;;;;;;;;;;;;;;;;;;;;;;;;;;
"Электроэнергия в квартирах  
без электроплит за минимальный объем потребления34), за 100 кВт·ч";3,92;35,10;595,00;2 682,71 ;8 077 ;12 083 ;15 661 ;17,09;25,40;39,16;52,31;70,85;81,07;93,15;110,62;129,87;145,15;165,39;206,46;232,03;249,69;269,02;302,64 ;314,95 ;333,42 ;359,02 ;371,44 ;387,16 ;400,64 ;415,72 ;425,42 ;481,45 ;479,10 ;521,71;;;;;;;;;;;;;;;;;;;;;;;;;;;;;;;;;;;;;;;;;;;;;;;;;;;;;;;;;;;;;;;;;;;;;;;;;;;;;;;;;;;;;;;;;;;;;;;;;;;;;;;;;;;;;;;;;;;;;;;;;;;;;;;;;;;;;;;;;;;;;;;;;;;;;;;;;;;;;;;;;;;;;;;;;;;;;;;;;;;;;;;;;;;;;;;;;;;;;;;;;;;;;;;;;;;;;;;;;;;;;
Кинотеатры, за билет;1,89;23,82;498,00;1 972,56 ;3 886 ;4 617 ;4 948 ;7,36;13,09;23,11;34,39;48,66;58,52;74,73;88,63;103,34;114,32;134,86;151,79 ;167,19;202,04 ;215,67 ;228,78 ;240,57 ;256,53 ;259,63 ;260,50 ;263,13 ;266,02 ;272,87 ;303,09 ;316,52 ;332,26 ;393,91;;;;;;;;;;;;;;;;;;;;;;;;;;;;;;;;;;;;;;;;;;;;;;;;;;;;;;;;;;;;;;;;;;;;;;;;;;;;;;;;;;;;;;;;;;;;;;;;;;;;;;;;;;;;;;;;;;;;;;;;;;;;;;;;;;;;;;;;;;;;;;;;;;;;;;;;;;;;;;;;;;;;;;;;;;;;;;;;;;;;;;;;;;;;;;;;;;;;;;;;;;;;;;;;;;;;;;;;;;;;;
Театры, за билет;2,87;18,92;498,00;3 186,69 ;6 185 ;9 106 ;12 996 ;17,32;25,12;33,60;45,08;61,77;72,06;89,70;111,43;134,44;162,11;208,26;243,09 ;278,17;343,80 ;397,22 ;446,94 ;536,64 ;573,81 ;617,53 ;659,41 ;673,13 ;726,22 ;709,38 ;744,86 ;878,05 ;942,34 ;1 041,81 ;;;;;;;;;;;;;;;;;;;;;;;;;;;;;;;;;;;;;;;;;;;;;;;;;;;;;;;;;;;;;;;;;;;;;;;;;;;;;;;;;;;;;;;;;;;;;;;;;;;;;;;;;;;;;;;;;;;;;;;;;;;;;;;;;;;;;;;;;;;;;;;;;;;;;;;;;;;;;;;;;;;;;;;;;;;;;;;;;;;;;;;;;;;;;;;;;;;;;;;;;;;;;;;;;;;;;;;;;;;;;
"Посещение детского ясли-сада, 
за день35)";0,59;17,34;249,00;955,52 ;2 638 ;3 805 ;4 581 ;5,12;7,90;9,19;11,57;15,50;16,39;19,95;26,53;33,87;37,24;45,20;53,44 ;54,86;56,97 ;61,66 ;67,30 ;76,55 ;85,19 ;93,12 ;97,94 ;101,56 ;105,12 ;104,88 ;111,85 ;132,51 ;136,25 ;141,62 ;;;;;;;;;;;;;;;;;;;;;;;;;;;;;;;;;;;;;;;;;;;;;;;;;;;;;;;;;;;;;;;;;;;;;;;;;;;;;;;;;;;;;;;;;;;;;;;;;;;;;;;;;;;;;;;;;;;;;;;;;;;;;;;;;;;;;;;;;;;;;;;;;;;;;;;;;;;;;;;;;;;;;;;;;;;;;;;;;;;;;;;;;;;;;;;;;;;;;;;;;;;;;;;;;;;;;;;;;;;;;
Санаторий33), за день ;30,17;618,53;10 304,00;35 615,39 ;90 428 ;134 568 ;168 016 ;201,84;264,25;351,35;444,06;551,39;631,81;724,84;822,07;940,57;1 100,52 ;1 328,61 ;1 490,27 ;1 561,61 ;1 726,50 ;1 876,58 ;1 990,25 ;2 205,20 ;2 521,46 ;2 689,09 ;2 782,90 ;2 890,99 ;3 118,21 ;3 018,63 ;3 155,47 ;3 729,98 ;3 966,38 ;4 555,31 ;;;;;;;;;;;;;;;;;;;;;;;;;;;;;;;;;;;;;;;;;;;;;;;;;;;;;;;;;;;;;;;;;;;;;;;;;;;;;;;;;;;;;;;;;;;;;;;;;;;;;;;;;;;;;;;;;;;;;;;;;;;;;;;;;;;;;;;;;;;;;;;;;;;;;;;;;;;;;;;;;;;;;;;;;;;;;;;;;;;;;;;;;;;;;;;;;;;;;;;;;;;;;;;;;;;;;;;;;;;;;
Дом отдыха, пансионат37), за день;19,64;360,03;6 664,00;25 380,81 ;60 847 ;83 494 ;118 718 ;135,41;197,90;279,76;352,04;426,89;488,84;548,62;608,58;714,24;844,67;1057,35;1 150,05 ;1 168,45 ;1 365,20 ;1 410,67 ;1 499,03 ;1 614,10 ;1 789,74 ;1 838,78 ;1 869,65 ;1 869,54 ;1 937,53 ;2 000,21 ;1 960,71 ;2 375,25 ;2 515,01 ;2 859,61 ;;;;;;;;;;;;;;;;;;;;;;;;;;;;;;;;;;;;;;;;;;;;;;;;;;;;;;;;;;;;;;;;;;;;;;;;;;;;;;;;;;;;;;;;;;;;;;;;;;;;;;;;;;;;;;;;;;;;;;;;;;;;;;;;;;;;;;;;;;;;;;;;;;;;;;;;;;;;;;;;;;;;;;;;;;;;;;;;;;;;;;;;;;;;;;;;;;;;;;;;;;;;;;;;;;;;;;;;;;;;;
"Первичный консультативный прием 
у врача-специалиста";10,50;122,61;1 614,00 ;7016,21;20 704 ;29 400 ;35 055 ;41,90;52,67;62,97;76,60;99,77;116,43;138,84;171,36;197,08;223,27;249,31;304,37;341,30;381,03;422,52;494,47;555,94;610,84;668,09;683,90;724,61;780,86;810,75;889,91 ;1 028,49 ;1 111,04 ;1 324,69 ;;;;;;;;;;;;;;;;;;;;;;;;;;;;;;;;;;;;;;;;;;;;;;;;;;;;;;;;;;;;;;;;;;;;;;;;;;;;;;;;;;;;;;;;;;;;;;;;;;;;;;;;;;;;;;;;;;;;;;;;;;;;;;;;;;;;;;;;;;;;;;;;;;;;;;;;;;;;;;;;;;;;;;;;;;;;;;;;;;;;;;;;;;;;;;;;;;;;;;;;;;;;;;;;;;;;;;;;;;;;;
Общий анализ крови38);4,54;48,02;777,00;3 470,18 ;10 471 ;13 922 ;19 491 ;24,40;31,22;37,99;46,89;59,21;66,94;77,96;94,60;110,21;128,21;148,32;174,11;195,11;217,70;242,25;277,24;306,95;334,21;354,91;370,24;382,06;398,49;398,71;468,35 ;455,43 ;470,53 ;521,89;;;;;;;;;;;;;;;;;;;;;;;;;;;;;;;;;;;;;;;;;;;;;;;;;;;;;;;;;;;;;;;;;;;;;;;;;;;;;;;;;;;;;;;;;;;;;;;;;;;;;;;;;;;;;;;;;;;;;;;;;;;;;;;;;;;;;;;;;;;;;;;;;;;;;;;;;;;;;;;;;;;;;;;;;;;;;;;;;;;;;;;;;;;;;;;;;;;;;;;;;;;;;;;;;;;;;;;;;;;;;
___________;;;;;;;;;;;;;;;;;;;;;;;;;;;;;;;;;;;;;;;;;;;;;;;;;;;;;;;;;;;;;;;;;;;;;;;;;;;;;;;;;;;;;;;;;;;;;;;;;;;;;;;;;;;;;;;;;;;;;;;;;;;;;;;;;;;;;;;;;;;;;;;;;;;;;;;;;;;;;;;;;;;;;;;;;;;;;;;;;;;;;;;;;;;;;;;;;;;;;;;;;;;;;;;;;;;;;;;;;;;;;;;;;;;;;;;;;;;;;;;;;;;;;;;;;;;;;;;
*)  Данные за 2014 г. без учета сведений по Республике Крым и г. Севастополю.;;;;;;;;;;;;;;;;;;;;;;;;;;;;;;;;;;;;;;;;;;;;;;;;;;;;;;;;;;;;;;;;;;;;;;;;;;;;;;;;;;;;;;;;;;;;;;;;;;;;;;;;;;;;;;;;;;;;;;;;;;;;;;;;;;;;;;;;;;;;;;;;;;;;;;;;;;;;;;;;;;;;;;;;;;;;;;;;;;;;;;;;;;;;;;;;;;;;;;;;;;;;;;;;;;;;;;;;;;;;;;;;;;;;;;;;;;;;;;;;;;;;;;;;;;;;;;;
**) С 2023 г. - услуги телекоммуникационные (без учета услуг национальной почты).;;;;;;;;;;;;;;;;;;;;;;;;;;;;;;;;;;;;;;;;;;;;;;;;;;;;;;;;;;;;;;;;;;;;;;;;;;;;;;;;;;;;;;;;;;;;;;;;;;;;;;;;;;;;;;;;;;;;;;;;;;;;;;;;;;;;;;;;;;;;;;;;;;;;;;;;;;;;;;;;;;;;;;;;;;;;;;;;;;;;;;;;;;;;;;;;;;;;;;;;;;;;;;;;;;;;;;;;;;;;;;;;;;;;;;;;;;;;;;;;;;;;;;;;;;;;;;;
Регистрировались цены на следующие продовольственные товары:;;;;;;;;;;;;;;;;;;;;;;;;;;;;;;;;;;;;;;;;;;;;;;;;;;;;;;;;;;;;;;;;;;;;;;;;;;;;;;;;;;;;;;;;;;;;;;;;;;;;;;;;;;;;;;;;;;;;;;;;;;;;;;;;;;;;;;;;;;;;;;;;;;;;;;;;;;;;;;;;;;;;;;;;;;;;;;;;;;;;;;;;;;;;;;;;;;;;;;;;;;;;;;;;;;;;;;;;;;;;;;;;;;;;;;;;;;;;;;;;;;;;;;;;;;;;;;;
1) В 1991-1996 гг. - мясо птицы.;;;;;;;;;;;;;;;;;;;;;;;;;;;;;;;;;;;;;;;;;;;;;;;;;;;;;;;;;;;;;;;;;;;;;;;;;;;;;;;;;;;;;;;;;;;;;;;;;;;;;;;;;;;;;;;;;;;;;;;;;;;;;;;;;;;;;;;;;;;;;;;;;;;;;;;;;;;;;;;;;;;;;;;;;;;;;;;;;;;;;;;;;;;;;;;;;;;;;;;;;;;;;;;;;;;;;;;;;;;;;;;;;;;;;;;;;;;;;;;;;;;;;;;;;;;;;;;
2)  В 1997-2013 гг. - колбаса вареная высшего сорта.;;;;;;;;;;;;;;;;;;;;;;;;;;;;;;;;;;;;;;;;;;;;;;;;;;;;;;;;;;;;;;;;;;;;;;;;;;;;;;;;;;;;;;;;;;;;;;;;;;;;;;;;;;;;;;;;;;;;;;;;;;;;;;;;;;;;;;;;;;;;;;;;;;;;;;;;;;;;;;;;;;;;;;;;;;;;;;;;;;;;;;;;;;;;;;;;;;;;;;;;;;;;;;;;;;;;;;;;;;;;;;;;;;;;;;;;;;;;;;;;;;;;;;;;;;;;;;;
"3) В 1995-2016 гг. - говядина, свинина тушеная консервированная, за условную банку 350 г.; в 2017-2021 гг. - консервы мясные, за 350 г.";;;;;;;;;;;;;;;;;;;;;;;;;;;;;;;;;;;;;;;;;;;;;;;;;;;;;;;;;;;;;;;;;;;;;;;;;;;;;;;;;;;;;;;;;;;;;;;;;;;;;;;;;;;;;;;;;;;;;;;;;;;;;;;;;;;;;;;;;;;;;;;;;;;;;;;;;;;;;;;;;;;;;;;;;;;;;;;;;;;;;;;;;;;;;;;;;;;;;;;;;;;;;;;;;;;;;;;;;;;;;;;;;;;;;;;;;;;;;;;;;;;;;;;;;;;;;;;
4) В 1991-2003 гг. - рыба мороженая (кроме деликатесной).;;;;;;;;;;;;;;;;;;;;;;;;;;;;;;;;;;;;;;;;;;;;;;;;;;;;;;;;;;;;;;;;;;;;;;;;;;;;;;;;;;;;;;;;;;;;;;;;;;;;;;;;;;;;;;;;;;;;;;;;;;;;;;;;;;;;;;;;;;;;;;;;;;;;;;;;;;;;;;;;;;;;;;;;;;;;;;;;;;;;;;;;;;;;;;;;;;;;;;;;;;;;;;;;;;;;;;;;;;;;;;;;;;;;;;;;;;;;;;;;;;;;;;;;;;;;;;;
"5) В 1991-2021 гг. - консервы рыбные натуральные 
и с добавлением масла, за 350 г.";;;;;;;;;;;;;;;;;;;;;;;;;;;;;;;;;;;;;;;;;;;;;;;;;;;;;;;;;;;;;;;;;;;;;;;;;;;;;;;;;;;;;;;;;;;;;;;;;;;;;;;;;;;;;;;;;;;;;;;;;;;;;;;;;;;;;;;;;;;;;;;;;;;;;;;;;;;;;;;;;;;;;;;;;;;;;;;;;;;;;;;;;;;;;;;;;;;;;;;;;;;;;;;;;;;;;;;;;;;;;;;;;;;;;;;;;;;;;;;;;;;;;;;;;;;;;;;
6) В 1991-1996 гг. - масло животное (сливочное, топленое).;;;;;;;;;;;;;;;;;;;;;;;;;;;;;;;;;;;;;;;;;;;;;;;;;;;;;;;;;;;;;;;;;;;;;;;;;;;;;;;;;;;;;;;;;;;;;;;;;;;;;;;;;;;;;;;;;;;;;;;;;;;;;;;;;;;;;;;;;;;;;;;;;;;;;;;;;;;;;;;;;;;;;;;;;;;;;;;;;;;;;;;;;;;;;;;;;;;;;;;;;;;;;;;;;;;;;;;;;;;;;;;;;;;;;;;;;;;;;;;;;;;;;;;;;;;;;;;
"7) В 1991-1996 гг. - масло растительное, за кг.; в 1997-2021 гг. масло подсолнечное за кг.";;;;;;;;;;;;;;;;;;;;;;;;;;;;;;;;;;;;;;;;;;;;;;;;;;;;;;;;;;;;;;;;;;;;;;;;;;;;;;;;;;;;;;;;;;;;;;;;;;;;;;;;;;;;;;;;;;;;;;;;;;;;;;;;;;;;;;;;;;;;;;;;;;;;;;;;;;;;;;;;;;;;;;;;;;;;;;;;;;;;;;;;;;;;;;;;;;;;;;;;;;;;;;;;;;;;;;;;;;;;;;;;;;;;;;;;;;;;;;;;;;;;;;;;;;;;;;;
"8) В 1991-1996 гг. - молоко (без стоимости посуды); в 2004-2008 гг. - молоко цельное  пастеризованное, стерилизованное 2,5-3,2% жирности.";;;;;;;;;;;;;;;;;;;;;;;;;;;;;;;;;;;;;;;;;;;;;;;;;;;;;;;;;;;;;;;;;;;;;;;;;;;;;;;;;;;;;;;;;;;;;;;;;;;;;;;;;;;;;;;;;;;;;;;;;;;;;;;;;;;;;;;;;;;;;;;;;;;;;;;;;;;;;;;;;;;;;;;;;;;;;;;;;;;;;;;;;;;;;;;;;;;;;;;;;;;;;;;;;;;;;;;;;;;;;;;;;;;;;;;;;;;;;;;;;;;;;;;;;;;;;;;
"9) В 1991-1998 гг. - сыры сычужные твердые, за кг; в 1999-2022 гг. - сыры сычужные твердые и мягкие, за кг.";;;;;;;;;;;;;;;;;;;;;;;;;;;;;;;;;;;;;;;;;;;;;;;;;;;;;;;;;;;;;;;;;;;;;;;;;;;;;;;;;;;;;;;;;;;;;;;;;;;;;;;;;;;;;;;;;;;;;;;;;;;;;;;;;;;;;;;;;;;;;;;;;;;;;;;;;;;;;;;;;;;;;;;;;;;;;;;;;;;;;;;;;;;;;;;;;;;;;;;;;;;;;;;;;;;;;;;;;;;;;;;;;;;;;;;;;;;;;;;;;;;;;;;;;;;;;;;
10) С 2023 г. - хлеб и булочные изделия из пшеничной муки различных сортов, за кг.;;;;;;;;;;;;;;;;;;;;;;;;;;;;;;;;;;;;;;;;;;;;;;;;;;;;;;;;;;;;;;;;;;;;;;;;;;;;;;;;;;;;;;;;;;;;;;;;;;;;;;;;;;;;;;;;;;;;;;;;;;;;;;;;;;;;;;;;;;;;;;;;;;;;;;;;;;;;;;;;;;;;;;;;;;;;;;;;;;;;;;;;;;;;;;;;;;;;;;;;;;;;;;;;;;;;;;;;;;;;;;;;;;;;;;;;;;;;;;;;;;;;;;;;;;;;;;;
11) В 1995-1996 гг. -  макароны.;;;;;;;;;;;;;;;;;;;;;;;;;;;;;;;;;;;;;;;;;;;;;;;;;;;;;;;;;;;;;;;;;;;;;;;;;;;;;;;;;;;;;;;;;;;;;;;;;;;;;;;;;;;;;;;;;;;;;;;;;;;;;;;;;;;;;;;;;;;;;;;;;;;;;;;;;;;;;;;;;;;;;;;;;;;;;;;;;;;;;;;;;;;;;;;;;;;;;;;;;;;;;;;;;;;;;;;;;;;;;;;;;;;;;;;;;;;;;;;;;;;;;;;;;;;;;;;
"12) В 1991-1996 гг. -  водка (без стоимости посуды); 1997-2013 гг. - водка крепостью 40% об.спирта и выше обыкновенного качества; в 2014-2022 гг. -  водка крепостью 40% об.спирта и выше.";;;;;;;;;;;;;;;;;;;;;;;;;;;;;;;;;;;;;;;;;;;;;;;;;;;;;;;;;;;;;;;;;;;;;;;;;;;;;;;;;;;;;;;;;;;;;;;;;;;;;;;;;;;;;;;;;;;;;;;;;;;;;;;;;;;;;;;;;;;;;;;;;;;;;;;;;;;;;;;;;;;;;;;;;;;;;;;;;;;;;;;;;;;;;;;;;;;;;;;;;;;;;;;;;;;;;;;;;;;;;;;;;;;;;;;;;;;;;;;;;;;;;;;;;;;;;;;
13) В 1991-1996 гг. -  коньяк (без стоимости посуды).;;;;;;;;;;;;;;;;;;;;;;;;;;;;;;;;;;;;;;;;;;;;;;;;;;;;;;;;;;;;;;;;;;;;;;;;;;;;;;;;;;;;;;;;;;;;;;;;;;;;;;;;;;;;;;;;;;;;;;;;;;;;;;;;;;;;;;;;;;;;;;;;;;;;;;;;;;;;;;;;;;;;;;;;;;;;;;;;;;;;;;;;;;;;;;;;;;;;;;;;;;;;;;;;;;;;;;;;;;;;;;;;;;;;;;;;;;;;;;;;;;;;;;;;;;;;;;;
"14) В 1991-1996 гг. - шампанское (без стоимости посуды); 1997-2003 гг. - вино игристое отечественное и стран СНГ.";;;;;;;;;;;;;;;;;;;;;;;;;;;;;;;;;;;;;;;;;;;;;;;;;;;;;;;;;;;;;;;;;;;;;;;;;;;;;;;;;;;;;;;;;;;;;;;;;;;;;;;;;;;;;;;;;;;;;;;;;;;;;;;;;;;;;;;;;;;;;;;;;;;;;;;;;;;;;;;;;;;;;;;;;;;;;;;;;;;;;;;;;;;;;;;;;;;;;;;;;;;;;;;;;;;;;;;;;;;;;;;;;;;;;;;;;;;;;;;;;;;;;;;;;;;;;;;
15) В 1991-2022 гг. - пиво отечественное, за л;;;;;;;;;;;;;;;;;;;;;;;;;;;;;;;;;;;;;;;;;;;;;;;;;;;;;;;;;;;;;;;;;;;;;;;;;;;;;;;;;;;;;;;;;;;;;;;;;;;;;;;;;;;;;;;;;;;;;;;;;;;;;;;;;;;;;;;;;;;;;;;;;;;;;;;;;;;;;;;;;;;;;;;;;;;;;;;;;;;;;;;;;;;;;;;;;;;;;;;;;;;;;;;;;;;;;;;;;;;;;;;;;;;;;;;;;;;;;;;;;;;;;;;;;;;;;;;
Регистрировались цены на следующие непродовольственные товары:;;;;;;;;;;;;;;;;;;;;;;;;;;;;;;;;;;;;;;;;;;;;;;;;;;;;;;;;;;;;;;;;;;;;;;;;;;;;;;;;;;;;;;;;;;;;;;;;;;;;;;;;;;;;;;;;;;;;;;;;;;;;;;;;;;;;;;;;;;;;;;;;;;;;;;;;;;;;;;;;;;;;;;;;;;;;;;;;;;;;;;;;;;;;;;;;;;;;;;;;;;;;;;;;;;;;;;;;;;;;;;;;;;;;;;;;;;;;;;;;;;;;;;;;;;;;;;;
16) В 1991-1996 гг. - джемпер (свитер, жакет) для взрослых.;;;;;;;;;;;;;;;;;;;;;;;;;;;;;;;;;;;;;;;;;;;;;;;;;;;;;;;;;;;;;;;;;;;;;;;;;;;;;;;;;;;;;;;;;;;;;;;;;;;;;;;;;;;;;;;;;;;;;;;;;;;;;;;;;;;;;;;;;;;;;;;;;;;;;;;;;;;;;;;;;;;;;;;;;;;;;;;;;;;;;;;;;;;;;;;;;;;;;;;;;;;;;;;;;;;;;;;;;;;;;;;;;;;;;;;;;;;;;;;;;;;;;;;;;;;;;;;
17)  В 1991-2016 гг. - носки мужские из хлопчатобумажной или смесовой пряжи, за пару.;;;;;;;;;;;;;;;;;;;;;;;;;;;;;;;;;;;;;;;;;;;;;;;;;;;;;;;;;;;;;;;;;;;;;;;;;;;;;;;;;;;;;;;;;;;;;;;;;;;;;;;;;;;;;;;;;;;;;;;;;;;;;;;;;;;;;;;;;;;;;;;;;;;;;;;;;;;;;;;;;;;;;;;;;;;;;;;;;;;;;;;;;;;;;;;;;;;;;;;;;;;;;;;;;;;;;;;;;;;;;;;;;;;;;;;;;;;;;;;;;;;;;;;;;;;;;;;
18) В 1997-2017 гг. - колготки женские эластичные плотностью 15-20 DEN.;;;;;;;;;;;;;;;;;;;;;;;;;;;;;;;;;;;;;;;;;;;;;;;;;;;;;;;;;;;;;;;;;;;;;;;;;;;;;;;;;;;;;;;;;;;;;;;;;;;;;;;;;;;;;;;;;;;;;;;;;;;;;;;;;;;;;;;;;;;;;;;;;;;;;;;;;;;;;;;;;;;;;;;;;;;;;;;;;;;;;;;;;;;;;;;;;;;;;;;;;;;;;;;;;;;;;;;;;;;;;;;;;;;;;;;;;;;;;;;;;;;;;;;;;;;;;;;
19) В 1991-2021 гг. - сигареты с фильтром отечественные.;;;;;;;;;;;;;;;;;;;;;;;;;;;;;;;;;;;;;;;;;;;;;;;;;;;;;;;;;;;;;;;;;;;;;;;;;;;;;;;;;;;;;;;;;;;;;;;;;;;;;;;;;;;;;;;;;;;;;;;;;;;;;;;;;;;;;;;;;;;;;;;;;;;;;;;;;;;;;;;;;;;;;;;;;;;;;;;;;;;;;;;;;;;;;;;;;;;;;;;;;;;;;;;;;;;;;;;;;;;;;;;;;;;;;;;;;;;;;;;;;;;;;;;;;;;;;;;
20) В 1994-2016 гг. - шифер, 10 м2.;;;;;;;;;;;;;;;;;;;;;;;;;;;;;;;;;;;;;;;;;;;;;;;;;;;;;;;;;;;;;;;;;;;;;;;;;;;;;;;;;;;;;;;;;;;;;;;;;;;;;;;;;;;;;;;;;;;;;;;;;;;;;;;;;;;;;;;;;;;;;;;;;;;;;;;;;;;;;;;;;;;;;;;;;;;;;;;;;;;;;;;;;;;;;;;;;;;;;;;;;;;;;;;;;;;;;;;;;;;;;;;;;;;;;;;;;;;;;;;;;;;;;;;;;;;;;;;
21) В 1994-1996 гг. - ювелирные изделия из золота.;;;;;;;;;;;;;;;;;;;;;;;;;;;;;;;;;;;;;;;;;;;;;;;;;;;;;;;;;;;;;;;;;;;;;;;;;;;;;;;;;;;;;;;;;;;;;;;;;;;;;;;;;;;;;;;;;;;;;;;;;;;;;;;;;;;;;;;;;;;;;;;;;;;;;;;;;;;;;;;;;;;;;;;;;;;;;;;;;;;;;;;;;;;;;;;;;;;;;;;;;;;;;;;;;;;;;;;;;;;;;;;;;;;;;;;;;;;;;;;;;;;;;;;;;;;;;;;
22) В 1991-1996 гг. - бензин.;;;;;;;;;;;;;;;;;;;;;;;;;;;;;;;;;;;;;;;;;;;;;;;;;;;;;;;;;;;;;;;;;;;;;;;;;;;;;;;;;;;;;;;;;;;;;;;;;;;;;;;;;;;;;;;;;;;;;;;;;;;;;;;;;;;;;;;;;;;;;;;;;;;;;;;;;;;;;;;;;;;;;;;;;;;;;;;;;;;;;;;;;;;;;;;;;;;;;;;;;;;;;;;;;;;;;;;;;;;;;;;;;;;;;;;;;;;;;;;;;;;;;;;;;;;;;;;
Регистрировались цены на следующие услуги:;;;;;;;;;;;;;;;;;;;;;;;;;;;;;;;;;;;;;;;;;;;;;;;;;;;;;;;;;;;;;;;;;;;;;;;;;;;;;;;;;;;;;;;;;;;;;;;;;;;;;;;;;;;;;;;;;;;;;;;;;;;;;;;;;;;;;;;;;;;;;;;;;;;;;;;;;;;;;;;;;;;;;;;;;;;;;;;;;;;;;;;;;;;;;;;;;;;;;;;;;;;;;;;;;;;;;;;;;;;;;;;;;;;;;;;;;;;;;;;;;;;;;;;;;;;;;;;
"23) В 1991-2006 гг. – ремонт отечественных телевизоров цветного изображения (без стоимости деталей); в 2007-2022 гг. – ремонт телевизоров цветного изображения.";;;;;;;;;;;;;;;;;;;;;;;;;;;;;;;;;;;;;;;;;;;;;;;;;;;;;;;;;;;;;;;;;;;;;;;;;;;;;;;;;;;;;;;;;;;;;;;;;;;;;;;;;;;;;;;;;;;;;;;;;;;;;;;;;;;;;;;;;;;;;;;;;;;;;;;;;;;;;;;;;;;;;;;;;;;;;;;;;;;;;;;;;;;;;;;;;;;;;;;;;;;;;;;;;;;;;;;;;;;;;;;;;;;;;;;;;;;;;;;;;;;;;;;;;;;;;;;
24) В 1997-2003 гг. – ремонт холодильников (без стоимости деталей).;;;;;;;;;;;;;;;;;;;;;;;;;;;;;;;;;;;;;;;;;;;;;;;;;;;;;;;;;;;;;;;;;;;;;;;;;;;;;;;;;;;;;;;;;;;;;;;;;;;;;;;;;;;;;;;;;;;;;;;;;;;;;;;;;;;;;;;;;;;;;;;;;;;;;;;;;;;;;;;;;;;;;;;;;;;;;;;;;;;;;;;;;;;;;;;;;;;;;;;;;;;;;;;;;;;;;;;;;;;;;;;;;;;;;;;;;;;;;;;;;;;;;;;;;;;;;;;
25) В 1991-1996 гг. - химическая чистка пальто (зимнего, демисезонного), полупальто, мужского костюма.;;;;;;;;;;;;;;;;;;;;;;;;;;;;;;;;;;;;;;;;;;;;;;;;;;;;;;;;;;;;;;;;;;;;;;;;;;;;;;;;;;;;;;;;;;;;;;;;;;;;;;;;;;;;;;;;;;;;;;;;;;;;;;;;;;;;;;;;;;;;;;;;;;;;;;;;;;;;;;;;;;;;;;;;;;;;;;;;;;;;;;;;;;;;;;;;;;;;;;;;;;;;;;;;;;;;;;;;;;;;;;;;;;;;;;;;;;;;;;;;;;;;;;;;;;;;;;;
26) В 1997-1998 гг. - стирка и глажение белья прямого с крахмалом.;;;;;;;;;;;;;;;;;;;;;;;;;;;;;;;;;;;;;;;;;;;;;;;;;;;;;;;;;;;;;;;;;;;;;;;;;;;;;;;;;;;;;;;;;;;;;;;;;;;;;;;;;;;;;;;;;;;;;;;;;;;;;;;;;;;;;;;;;;;;;;;;;;;;;;;;;;;;;;;;;;;;;;;;;;;;;;;;;;;;;;;;;;;;;;;;;;;;;;;;;;;;;;;;;;;;;;;;;;;;;;;;;;;;;;;;;;;;;;;;;;;;;;;;;;;;;;;
27) В 1991-1996 гг. - стрижка с укладкой феном или бигуди.;;;;;;;;;;;;;;;;;;;;;;;;;;;;;;;;;;;;;;;;;;;;;;;;;;;;;;;;;;;;;;;;;;;;;;;;;;;;;;;;;;;;;;;;;;;;;;;;;;;;;;;;;;;;;;;;;;;;;;;;;;;;;;;;;;;;;;;;;;;;;;;;;;;;;;;;;;;;;;;;;;;;;;;;;;;;;;;;;;;;;;;;;;;;;;;;;;;;;;;;;;;;;;;;;;;;;;;;;;;;;;;;;;;;;;;;;;;;;;;;;;;;;;;;;;;;;;;
28) В 1997-2017 гг. - рытье могилы ручным способом на новом месте захоронения.;;;;;;;;;;;;;;;;;;;;;;;;;;;;;;;;;;;;;;;;;;;;;;;;;;;;;;;;;;;;;;;;;;;;;;;;;;;;;;;;;;;;;;;;;;;;;;;;;;;;;;;;;;;;;;;;;;;;;;;;;;;;;;;;;;;;;;;;;;;;;;;;;;;;;;;;;;;;;;;;;;;;;;;;;;;;;;;;;;;;;;;;;;;;;;;;;;;;;;;;;;;;;;;;;;;;;;;;;;;;;;;;;;;;;;;;;;;;;;;;;;;;;;;;;;;;;;;
29) В 1999-2017 гг. - проезд в городском муниципальном автобусе.;;;;;;;;;;;;;;;;;;;;;;;;;;;;;;;;;;;;;;;;;;;;;;;;;;;;;;;;;;;;;;;;;;;;;;;;;;;;;;;;;;;;;;;;;;;;;;;;;;;;;;;;;;;;;;;;;;;;;;;;;;;;;;;;;;;;;;;;;;;;;;;;;;;;;;;;;;;;;;;;;;;;;;;;;;;;;;;;;;;;;;;;;;;;;;;;;;;;;;;;;;;;;;;;;;;;;;;;;;;;;;;;;;;;;;;;;;;;;;;;;;;;;;;;;;;;;;;
30) В 1991-1996 гг. - пересылка письма.;;;;;;;;;;;;;;;;;;;;;;;;;;;;;;;;;;;;;;;;;;;;;;;;;;;;;;;;;;;;;;;;;;;;;;;;;;;;;;;;;;;;;;;;;;;;;;;;;;;;;;;;;;;;;;;;;;;;;;;;;;;;;;;;;;;;;;;;;;;;;;;;;;;;;;;;;;;;;;;;;;;;;;;;;;;;;;;;;;;;;;;;;;;;;;;;;;;;;;;;;;;;;;;;;;;;;;;;;;;;;;;;;;;;;;;;;;;;;;;;;;;;;;;;;;;;;;;
31) В 1991-1996 гг. - отправка телеграммы.;;;;;;;;;;;;;;;;;;;;;;;;;;;;;;;;;;;;;;;;;;;;;;;;;;;;;;;;;;;;;;;;;;;;;;;;;;;;;;;;;;;;;;;;;;;;;;;;;;;;;;;;;;;;;;;;;;;;;;;;;;;;;;;;;;;;;;;;;;;;;;;;;;;;;;;;;;;;;;;;;;;;;;;;;;;;;;;;;;;;;;;;;;;;;;;;;;;;;;;;;;;;;;;;;;;;;;;;;;;;;;;;;;;;;;;;;;;;;;;;;;;;;;;;;;;;;;;
"32) В 1991-1993 гг. - плата за жилье в домах муниципального жилищного фонда, за м2 жилой площади; 1994-2003 гг. – плата за жилье в домах муниципального жилищного фонда, за м2 общей площади.";;;;;;;;;;;;;;;;;;;;;;;;;;;;;;;;;;;;;;;;;;;;;;;;;;;;;;;;;;;;;;;;;;;;;;;;;;;;;;;;;;;;;;;;;;;;;;;;;;;;;;;;;;;;;;;;;;;;;;;;;;;;;;;;;;;;;;;;;;;;;;;;;;;;;;;;;;;;;;;;;;;;;;;;;;;;;;;;;;;;;;;;;;;;;;;;;;;;;;;;;;;;;;;;;;;;;;;;;;;;;;;;;;;;;;;;;;;;;;;;;;;;;;;;;;;;;;;
33) В 1991-1993 гг. - плата за отопление, за м2 жилой площади.;;;;;;;;;;;;;;;;;;;;;;;;;;;;;;;;;;;;;;;;;;;;;;;;;;;;;;;;;;;;;;;;;;;;;;;;;;;;;;;;;;;;;;;;;;;;;;;;;;;;;;;;;;;;;;;;;;;;;;;;;;;;;;;;;;;;;;;;;;;;;;;;;;;;;;;;;;;;;;;;;;;;;;;;;;;;;;;;;;;;;;;;;;;;;;;;;;;;;;;;;;;;;;;;;;;;;;;;;;;;;;;;;;;;;;;;;;;;;;;;;;;;;;;;;;;;;;;
"34) В 1991-1996 гг. - электроэнергия; 2004-2013 гг. - электроэнергия в квартирах без электроплит.";;;;;;;;;;;;;;;;;;;;;;;;;;;;;;;;;;;;;;;;;;;;;;;;;;;;;;;;;;;;;;;;;;;;;;;;;;;;;;;;;;;;;;;;;;;;;;;;;;;;;;;;;;;;;;;;;;;;;;;;;;;;;;;;;;;;;;;;;;;;;;;;;;;;;;;;;;;;;;;;;;;;;;;;;;;;;;;;;;;;;;;;;;;;;;;;;;;;;;;;;;;;;;;;;;;;;;;;;;;;;;;;;;;;;;;;;;;;;;;;;;;;;;;;;;;;;;;
35) В 1991-1998 гг. - детский ясли-сад муниципальный, в 1999-2003 гг. - детский ясли-сад муниципальный, ведомственный.;;;;;;;;;;;;;;;;;;;;;;;;;;;;;;;;;;;;;;;;;;;;;;;;;;;;;;;;;;;;;;;;;;;;;;;;;;;;;;;;;;;;;;;;;;;;;;;;;;;;;;;;;;;;;;;;;;;;;;;;;;;;;;;;;;;;;;;;;;;;;;;;;;;;;;;;;;;;;;;;;;;;;;;;;;;;;;;;;;;;;;;;;;;;;;;;;;;;;;;;;;;;;;;;;;;;;;;;;;;;;;;;;;;;;;;;;;;;;;;;;;;;;;;;;;;;;;;
36) В 1991-1996 гг. - санаторий профсоюзный, в 1997-2000 гг. - санаторий профсоюзный, ведомственный.;;;;;;;;;;;;;;;;;;;;;;;;;;;;;;;;;;;;;;;;;;;;;;;;;;;;;;;;;;;;;;;;;;;;;;;;;;;;;;;;;;;;;;;;;;;;;;;;;;;;;;;;;;;;;;;;;;;;;;;;;;;;;;;;;;;;;;;;;;;;;;;;;;;;;;;;;;;;;;;;;;;;;;;;;;;;;;;;;;;;;;;;;;;;;;;;;;;;;;;;;;;;;;;;;;;;;;;;;;;;;;;;;;;;;;;;;;;;;;;;;;;;;;;;;;;;;;;
"37) В 1991-1996 гг. - дом отдыха (профсоюзный, ведомственный); 1997-2000 гг. - дом отдыха, пансионат профсоюзный, ведомственный.";;;;;;;;;;;;;;;;;;;;;;;;;;;;;;;;;;;;;;;;;;;;;;;;;;;;;;;;;;;;;;;;;;;;;;;;;;;;;;;;;;;;;;;;;;;;;;;;;;;;;;;;;;;;;;;;;;;;;;;;;;;;;;;;;;;;;;;;;;;;;;;;;;;;;;;;;;;;;;;;;;;;;;;;;;;;;;;;;;;;;;;;;;;;;;;;;;;;;;;;;;;;;;;;;;;;;;;;;;;;;;;;;;;;;;;;;;;;;;;;;;;;;;;;;;;;;;;
38) В 1991-1996 гг. - лабораторные анализы, проводимые в поликлинике (общий анализ крови, мочи), за один анализ. ;;;;;;;;;;;;;;;;;;;;;;;;;;;;;;;;;;;;;;;;;;;;;;;;;;;;;;;;;;;;;;;;;;;;;;;;;;;;;;;;;;;;;;;;;;;;;;;;;;;;;;;;;;;;;;;;;;;;;;;;;;;;;;;;;;;;;;;;;;;;;;;;;;;;;;;;;;;;;;;;;;;;;;;;;;;;;;;;;;;;;;;;;;;;;;;;;;;;;;;;;;;;;;;;;;;;;;;;;;;;;;;;;;;;;;;;;;;;;;;;;;;;;;;;;;;;;;;
;;;;;;;;;;;;;;;;;;;;;;;;;;;;;;;;;;;;;;;;;;;;;;;;;;;;;;;;;;;;;;;;;;;;;;;;;;;;;;;;;;;;;;;;;;;;;;;;;;;;;;;;;;;;;;;;;;;;;;;;;;;;;;;;;;;;;;;;;;;;;;;;;;;;;;;;;;;;;;;;;;;;;;;;;;;;;;;;;;;;;;;;;;;;;;;;;;;;;;;;;;;;;;;;;;;;;;;;;;;;;;;;;;;;;;;;;;;;;;;;;;;;;;;;;;;;;;;
"Уровень и динамика цен 
на рынке жилья1)";;;;;;;;;;;;;;;;;;;;;;;;;;;;;;;;;;;;;;;;;;;;;;;;;;;;;;;;;;;;;;;;;;;;;;;;;;;;;;;;;;;;;;;;;;;;;;;;;;;;;;;;;;;;;;;;;;;;;;;;;;;;;;;;;;;;;;;;;;;;;;;;;;;;;;;;;;;;;;;;;;;;;;;;;;;;;;;;;;;;;;;;;;;;;;;;;;;;;;;;;;;;;;;;;;;;;;;;;;;;;;;;;;;;;;;;;;;;;;;;;;;;;;;;;;;;;;;
"Индексы цен на первичном рынке жилья2) (на конец периода, в процентах 
к концу предыдущего периода)";;;;;;112,9;115,3;156,9;146,3;113,1;125,1;122,5;118,8;118,5;117,5;147,7;123,4;110,3;92,4;100,3;106,7;110,7;104,8;105,7;99,7;99,6;101,0;106,3;108,0;112,0;126,0;121,0;109,7;108,8;;;;;;;;;;;;;;;;;;;;;;;;;;;;;;;;;;;;;;;;;;;;;;;;;;;;;;;;;;;;;;;;;;;;;;;;;;;;;;;;;;;;;;;;;;;;;;;;;;;;;;;;;;;;;;;;;;;;;;;;;;;;;;;;;;;;;;;;;;;;;;;;;;;;;;;;;;;;;;;;;;;;;;;;;;;;;;;;;;;;;;;;;;;;;;;;;;;;;;;;;;;;;;;;;;;;;;;;;;;;;
"Индексы цен на вторичном рынке жилья2) (на конец периода, в процентах 
к концу предыдущего периода)";;;;;;108,0;116,9;191,3;129,6;116,3;132,0;125,3;118,8;124,1;118,0;154,4;120,6;115,3;89,0;102,7;105,8;112,1;103,6;105,1;96,8;97,0;98,4;104,1;103,8;109,5;117,2;111,8;108,5;106,6;;;;;;;;;;;;;;;;;;;;;;;;;;;;;;;;;;;;;;;;;;;;;;;;;;;;;;;;;;;;;;;;;;;;;;;;;;;;;;;;;;;;;;;;;;;;;;;;;;;;;;;;;;;;;;;;;;;;;;;;;;;;;;;;;;;;;;;;;;;;;;;;;;;;;;;;;;;;;;;;;;;;;;;;;;;;;;;;;;;;;;;;;;;;;;;;;;;;;;;;;;;;;;;;;;;;;;;;;;;;;
"Средние цены на первичном рынке жилья (на конец периода, рублей 
за один квадратный метр общей площади, до 1998 г. - тыс.руб.)";;;;;;3 310 ;3 411 ;5 050 ;6 999 ;8 678 ;10 567 ;12 939 ;16 320 ;20 810 ;25 394 ;36 221 ;47 482 ;52 504 ;47 715 ;48 144 ;43 686 ;48 163 ;50 208 ;51 714 ;51 530 ;53 287 ;56 882 ;61 832 ;64 059 ;79 003 ;98 909 ;122 343 ;140 371 ;177 887 ;;;;;;;;;;;;;;;;;;;;;;;;;;;;;;;;;;;;;;;;;;;;;;;;;;;;;;;;;;;;;;;;;;;;;;;;;;;;;;;;;;;;;;;;;;;;;;;;;;;;;;;;;;;;;;;;;;;;;;;;;;;;;;;;;;;;;;;;;;;;;;;;;;;;;;;;;;;;;;;;;;;;;;;;;;;;;;;;;;;;;;;;;;;;;;;;;;;;;;;;;;;;;;;;;;;;;;;;;;;;;
Средние цены на вторичном рынке жилья (на конец периода, рублей за один квадратный метр общей площади, до 1998 г. - тыс.руб.);;;;;;2 546 ;2 704 ;4 941 ;6 151 ;6 590 ;9 072 ;11 557 ;13 967 ;17 931 ;22 166 ;36 615 ;47 206 ;56 495 ;52 895 ;59 998 ;48 243 ;56 370 ;56 478 ;58 085 ;56 283 ;53 983 ;52 350 ;54 924 ;58 528 ;66 712 ;76 686 ;94 363 ;97 418 ;114 082 ;;;;;;;;;;;;;;;;;;;;;;;;;;;;;;;;;;;;;;;;;;;;;;;;;;;;;;;;;;;;;;;;;;;;;;;;;;;;;;;;;;;;;;;;;;;;;;;;;;;;;;;;;;;;;;;;;;;;;;;;;;;;;;;;;;;;;;;;;;;;;;;;;;;;;;;;;;;;;;;;;;;;;;;;;;;;;;;;;;;;;;;;;;;;;;;;;;;;;;;;;;;;;;;;;;;;;;;;;;;;;
_____________;;;;;;;;;;;;;;;;;;;;;;;;;;;;;;;;;;;;;;;;;;;;;;;;;;;;;;;;;;;;;;;;;;;;;;;;;;;;;;;;;;;;;;;;;;;;;;;;;;;;;;;;;;;;;;;;;;;;;;;;;;;;;;;;;;;;;;;;;;;;;;;;;;;;;;;;;;;;;;;;;;;;;;;;;;;;;;;;;;;;;;;;;;;;;;;;;;;;;;;;;;;;;;;;;;;;;;;;;;;;;;;;;;;;;;;;;;;;;;;;;;;;;;;;;;;;;;;
"1) 1996 г. - IV квартал 1996 г.; 2014 г. - без учета данных по Республике Крым и г. Севастополю.";;;;;;;;;;;;;;;;;;;;;;;;;;;;;;;;;;;;;;;;;;;;;;;;;;;;;;;;;;;;;;;;;;;;;;;;;;;;;;;;;;;;;;;;;;;;;;;;;;;;;;;;;;;;;;;;;;;;;;;;;;;;;;;;;;;;;;;;;;;;;;;;;;;;;;;;;;;;;;;;;;;;;;;;;;;;;;;;;;;;;;;;;;;;;;;;;;;;;;;;;;;;;;;;;;;;;;;;;;;;;;;;;;;;;;;;;;;;;;;;;;;;;;;;;;;;;;;
2) Данные за 2015 г. без учета сведений по Республике Крым и г. Севастополю.;;;;;;;;;;;;;;;;;;;;;;;;;;;;;;;;;;;;;;;;;;;;;;;;;;;;;;;;;;;;;;;;;;;;;;;;;;;;;;;;;;;;;;;;;;;;;;;;;;;;;;;;;;;;;;;;;;;;;;;;;;;;;;;;;;;;;;;;;;;;;;;;;;;;;;;;;;;;;;;;;;;;;;;;;;;;;;;;;;;;;;;;;;;;;;;;;;;;;;;;;;;;;;;;;;;;;;;;;;;;;;;;;;;;;;;;;;;;;;;;;;;;;;;;;;;;;;;
;;;;;;;;;;;;;;;;;;;;;;;;;;;;;;;;;;;;;;;;;;;;;;;;;;;;;;;;;;;;;;;;;;;;;;;;;;;;;;;;;;;;;;;;;;;;;;;;;;;;;;;;;;;;;;;;;;;;;;;;;;;;;;;;;;;;;;;;;;;;;;;;;;;;;;;;;;;;;;;;;;;;;;;;;;;;;;;;;;;;;;;;;;;;;;;;;;;;;;;;;;;;;;;;;;;;;;;;;;;;;;;;;;;;;;;;;;;;;;;;;;;;;;;;;;;;;;;
"Уровень и динамика цен 
в производственном секторе*)";;;;;;;;;;;;;;;;;;;;;;;;;;;;;;;;;;;;;;;;;;;;;;;;;;;;;;;;;;;;;;;;;;;;;;;;;;;;;;;;;;;;;;;;;;;;;;;;;;;;;;;;;;;;;;;;;;;;;;;;;;;;;;;;;;;;;;;;;;;;;;;;;;;;;;;;;;;;;;;;;;;;;;;;;;;;;;;;;;;;;;;;;;;;;;;;;;;;;;;;;;;;;;;;;;;;;;;;;;;;;;;;;;;;;;;;;;;;;;;;;;;;;;;;;;;;;;;
В соответствии с Общероссийским классификатором видов экономической деятельности ОК 029-2007 (ОКВЭД-2007);;;;;;;;;;;;;;;;;;;;;;;;;;;;;;;;;;;;;;;;;;;;;;;;;;;;;;;;;;;;;;;;;;;;;;;;;;;;;;;;;;;;;;;;;;;;;;;;;;;;;;;;;;;;;;;;;;;;;;;;;;;;;;;;;;;;;;;;;;;;;;;;;;;;;;;;;;;;;;;;;;;;;;;;;;;;;;;;;;;;;;;;;;;;;;;;;;;;;;;;;;;;;;;;;;;;;;;;;;;;;;;;;;;;;;;;;;;;;;;;;;;;;;;;;;;;;;;
Индексы цен производителей по видам экономической деятельности (на конец периода, в процентах к декабрю предыдущего периода);;;;;;;;;;;;;;;;;;;;;;;;;;;;;;;;;;;;;;;;;;;;;;;;;;;;;;;;;;;;;;;;;;;;;;;;;;;;;;;;;;;;;;;;;;;;;;;;;;;;;;;;;;;;;;;;;;;;;;;;;;;;;;;;;;;;;;;;;;;;;;;;;;;;;;;;;;;;;;;;;;;;;;;;;;;;;;;;;;;;;;;;;;;;;;;;;;;;;;;;;;;;;;;;;;;;;;;;;;;;;;;;;;;;;;;;;;;;;;;;;;;;;;;;;;;;;;;
Производство промышленных товаров;;;;;;;;119,4;170,7;131,9;108,3;117,7;112,5;128,8;113,4;110,4;125,1;93,0;113,9;116,7;112,0;105,1;103,7;105,9;110,7;107,4;;;;;;;;;;;;;;;;;;;;;;;;;;;;;;;;;;;;;;;;;;;;;;;;;;;;;;;;;;;;;;;;;;;;;;;;;;;;;;;;;;;;;;;;;;;;;;;;;;;;;;;;;;;;;;;;;;;;;;;;;;;;;;;;;;;;;;;;;;;;;;;;;;;;;;;;;;;;;;;;;;;;;;;;;;;;;;;;;;;;;;;;;;;;;;;;;;;;;;;;;;;;;;;;;;;;;;;;;;;;;;;;;;;;;
Добыча полезных ископаемых;;;;;;;;98,7;225,2;149,1;104,0;125,8;101,8;164,7;131,0;101,6;152,3;61,6;149,2;117,1;126,3;109,3;107,0;98,4;109,8;107,9;;;;;;;;;;;;;;;;;;;;;;;;;;;;;;;;;;;;;;;;;;;;;;;;;;;;;;;;;;;;;;;;;;;;;;;;;;;;;;;;;;;;;;;;;;;;;;;;;;;;;;;;;;;;;;;;;;;;;;;;;;;;;;;;;;;;;;;;;;;;;;;;;;;;;;;;;;;;;;;;;;;;;;;;;;;;;;;;;;;;;;;;;;;;;;;;;;;;;;;;;;;;;;;;;;;;;;;;;;;;;;;;;;;;;
Добыча топливно-энергетических полезных ископаемых;;;;;;;;93,1;241,8;155,7;101,0;127,3;97,9;169,7;135,3;96,4;158,1;57,8;161,0;116,1;128,1;110,5;107,7;97,0;109,8;107,6;;;;;;;;;;;;;;;;;;;;;;;;;;;;;;;;;;;;;;;;;;;;;;;;;;;;;;;;;;;;;;;;;;;;;;;;;;;;;;;;;;;;;;;;;;;;;;;;;;;;;;;;;;;;;;;;;;;;;;;;;;;;;;;;;;;;;;;;;;;;;;;;;;;;;;;;;;;;;;;;;;;;;;;;;;;;;;;;;;;;;;;;;;;;;;;;;;;;;;;;;;;;;;;;;;;;;;;;;;;;;;;;;;;;;
Добыча полезных ископаемых, кроме топливно-энергетических;;;;;;;;132,3;158,3;120,3;120,6;118,6;121,1;138,2;105,9;133,0;110,3;102,7;99,0;130,9;112,4;98,9;101,0;109,9;110,0;109,9;;;;;;;;;;;;;;;;;;;;;;;;;;;;;;;;;;;;;;;;;;;;;;;;;;;;;;;;;;;;;;;;;;;;;;;;;;;;;;;;;;;;;;;;;;;;;;;;;;;;;;;;;;;;;;;;;;;;;;;;;;;;;;;;;;;;;;;;;;;;;;;;;;;;;;;;;;;;;;;;;;;;;;;;;;;;;;;;;;;;;;;;;;;;;;;;;;;;;;;;;;;;;;;;;;;;;;;;;;;;;;;;;;;;;
Обрабатывающие производства;;;;;;;;131,4;167,6;124,8;106,3;113,2;115,8;121,5;108,1;113,3;117,9;101,9;105,9;116,9;108,3;103,2;101,6;108,5;111,2;107,7;;;;;;;;;;;;;;;;;;;;;;;;;;;;;;;;;;;;;;;;;;;;;;;;;;;;;;;;;;;;;;;;;;;;;;;;;;;;;;;;;;;;;;;;;;;;;;;;;;;;;;;;;;;;;;;;;;;;;;;;;;;;;;;;;;;;;;;;;;;;;;;;;;;;;;;;;;;;;;;;;;;;;;;;;;;;;;;;;;;;;;;;;;;;;;;;;;;;;;;;;;;;;;;;;;;;;;;;;;;;;;;;;;;;;
Производство пищевых продуктов, включая напитки, и табака;;;;;;;;162,0;143,8;120,1;113,0;109,2;113,5;111,1;104,0;108,3;120,0;112,3;106,8;114,3;101,8;107,4;102,8;115,2;113,7;105,0;;;;;;;;;;;;;;;;;;;;;;;;;;;;;;;;;;;;;;;;;;;;;;;;;;;;;;;;;;;;;;;;;;;;;;;;;;;;;;;;;;;;;;;;;;;;;;;;;;;;;;;;;;;;;;;;;;;;;;;;;;;;;;;;;;;;;;;;;;;;;;;;;;;;;;;;;;;;;;;;;;;;;;;;;;;;;;;;;;;;;;;;;;;;;;;;;;;;;;;;;;;;;;;;;;;;;;;;;;;;;;;;;;;;;
Текстильное и швейное производство;;;;;;;;146,6;147,6;119,5;108,4;106,6;117,1;108,6;104,2;104,0;109,6;110,8;105,5;113,2;112,6;100,7;102,8;106,0;113,6;106,6;;;;;;;;;;;;;;;;;;;;;;;;;;;;;;;;;;;;;;;;;;;;;;;;;;;;;;;;;;;;;;;;;;;;;;;;;;;;;;;;;;;;;;;;;;;;;;;;;;;;;;;;;;;;;;;;;;;;;;;;;;;;;;;;;;;;;;;;;;;;;;;;;;;;;;;;;;;;;;;;;;;;;;;;;;;;;;;;;;;;;;;;;;;;;;;;;;;;;;;;;;;;;;;;;;;;;;;;;;;;;;;;;;;;;
Производство кожи, изделий из кожи и производство обуви;;;;;;;;140,0;168,0;126,3;121,5;105,4;107,3;108,4;105,6;106,6;108,7;108,4;104,9;110,8;112,2;112,9;100,3;108,9;118,2;113,3;;;;;;;;;;;;;;;;;;;;;;;;;;;;;;;;;;;;;;;;;;;;;;;;;;;;;;;;;;;;;;;;;;;;;;;;;;;;;;;;;;;;;;;;;;;;;;;;;;;;;;;;;;;;;;;;;;;;;;;;;;;;;;;;;;;;;;;;;;;;;;;;;;;;;;;;;;;;;;;;;;;;;;;;;;;;;;;;;;;;;;;;;;;;;;;;;;;;;;;;;;;;;;;;;;;;;;;;;;;;;;;;;;;;;
Обработка древесины и производство изделий из дерева;;;;;;;;125,2;147,7;129,7;116,3;115,4;111,4;111,0;107,3;107,2;125,5;106,4;94,6;108,9;108,7;101,6;104,0;103,0;109,3;104,1;;;;;;;;;;;;;;;;;;;;;;;;;;;;;;;;;;;;;;;;;;;;;;;;;;;;;;;;;;;;;;;;;;;;;;;;;;;;;;;;;;;;;;;;;;;;;;;;;;;;;;;;;;;;;;;;;;;;;;;;;;;;;;;;;;;;;;;;;;;;;;;;;;;;;;;;;;;;;;;;;;;;;;;;;;;;;;;;;;;;;;;;;;;;;;;;;;;;;;;;;;;;;;;;;;;;;;;;;;;;;;;;;;;;;
"Целлюлозно-бумажное производство; издательская и полиграфическая деятельность";;;;;;;;150,4;187,7;121,0;96,6;104,4;107,4;106,4;109,4;107,8;112,1;109,2;103,6;110,1;103,0;101,6;103,7;103,1;119,0;108,5;;;;;;;;;;;;;;;;;;;;;;;;;;;;;;;;;;;;;;;;;;;;;;;;;;;;;;;;;;;;;;;;;;;;;;;;;;;;;;;;;;;;;;;;;;;;;;;;;;;;;;;;;;;;;;;;;;;;;;;;;;;;;;;;;;;;;;;;;;;;;;;;;;;;;;;;;;;;;;;;;;;;;;;;;;;;;;;;;;;;;;;;;;;;;;;;;;;;;;;;;;;;;;;;;;;;;;;;;;;;;;;;;;;;;
"Производство кокса 
и нефтепродуктов";;;;;;;;113,7;327,8;143,7;83,2;117,3;113,4;153,7;124,0;102,0;143,4;72,7;128,3;121,2;117,3;104,5;104,0;101,9;101;108,6;;;;;;;;;;;;;;;;;;;;;;;;;;;;;;;;;;;;;;;;;;;;;;;;;;;;;;;;;;;;;;;;;;;;;;;;;;;;;;;;;;;;;;;;;;;;;;;;;;;;;;;;;;;;;;;;;;;;;;;;;;;;;;;;;;;;;;;;;;;;;;;;;;;;;;;;;;;;;;;;;;;;;;;;;;;;;;;;;;;;;;;;;;;;;;;;;;;;;;;;;;;;;;;;;;;;;;;;;;;;;;;;;;;;;
Химическое производство;;;;;;;;120,6;157,8;133,0;105,3;108,5;113,9;124,5;110,8;114,3;112,4;107,1;99,5;130,6;110,3;103,4;101,5;110,7;118,1;97,5;;;;;;;;;;;;;;;;;;;;;;;;;;;;;;;;;;;;;;;;;;;;;;;;;;;;;;;;;;;;;;;;;;;;;;;;;;;;;;;;;;;;;;;;;;;;;;;;;;;;;;;;;;;;;;;;;;;;;;;;;;;;;;;;;;;;;;;;;;;;;;;;;;;;;;;;;;;;;;;;;;;;;;;;;;;;;;;;;;;;;;;;;;;;;;;;;;;;;;;;;;;;;;;;;;;;;;;;;;;;;;;;;;;;;
"Производство резиновых 
и пластмассовых изделий";;;;;;;;121,2;164,3;128,1;102,0;102,8;109,9;108,0;111,6;110,3;105,1;108,4;106,0;111,0;106,2;101,5;102,0;106,2;115,2;107,0;;;;;;;;;;;;;;;;;;;;;;;;;;;;;;;;;;;;;;;;;;;;;;;;;;;;;;;;;;;;;;;;;;;;;;;;;;;;;;;;;;;;;;;;;;;;;;;;;;;;;;;;;;;;;;;;;;;;;;;;;;;;;;;;;;;;;;;;;;;;;;;;;;;;;;;;;;;;;;;;;;;;;;;;;;;;;;;;;;;;;;;;;;;;;;;;;;;;;;;;;;;;;;;;;;;;;;;;;;;;;;;;;;;;;
Производство прочих неметаллических минеральных продуктов;;;;;;;;114,1;140,5;140,7;119,7;116,1;118,6;115,8;116,7;119,0;131,1;103,3;92,4;103,6;113,5;106,6;100,9;101,9;104,4;105,8;;;;;;;;;;;;;;;;;;;;;;;;;;;;;;;;;;;;;;;;;;;;;;;;;;;;;;;;;;;;;;;;;;;;;;;;;;;;;;;;;;;;;;;;;;;;;;;;;;;;;;;;;;;;;;;;;;;;;;;;;;;;;;;;;;;;;;;;;;;;;;;;;;;;;;;;;;;;;;;;;;;;;;;;;;;;;;;;;;;;;;;;;;;;;;;;;;;;;;;;;;;;;;;;;;;;;;;;;;;;;;;;;;;;;
"Металлургическое производство 
и производство готовых металлических изделий";;;;;;;;121,4;206,9;119,0;95,5;124,1;126,2;137,4;105,4;124,8;105,0;108,1;104,1;122,4;104,7;96,5;97,2;114,5;112,0;114,8;;;;;;;;;;;;;;;;;;;;;;;;;;;;;;;;;;;;;;;;;;;;;;;;;;;;;;;;;;;;;;;;;;;;;;;;;;;;;;;;;;;;;;;;;;;;;;;;;;;;;;;;;;;;;;;;;;;;;;;;;;;;;;;;;;;;;;;;;;;;;;;;;;;;;;;;;;;;;;;;;;;;;;;;;;;;;;;;;;;;;;;;;;;;;;;;;;;;;;;;;;;;;;;;;;;;;;;;;;;;;;;;;;;;;
Производство машин и оборудования;;;;;;;;114,3;158,1;130,6;117,1;111,4;109,8;114,4;110,4;110,5;113,9;118,5;103,7;105,5;105,4;104,1;101,9;111,4;113,9;106,2;;;;;;;;;;;;;;;;;;;;;;;;;;;;;;;;;;;;;;;;;;;;;;;;;;;;;;;;;;;;;;;;;;;;;;;;;;;;;;;;;;;;;;;;;;;;;;;;;;;;;;;;;;;;;;;;;;;;;;;;;;;;;;;;;;;;;;;;;;;;;;;;;;;;;;;;;;;;;;;;;;;;;;;;;;;;;;;;;;;;;;;;;;;;;;;;;;;;;;;;;;;;;;;;;;;;;;;;;;;;;;;;;;;;;
Производство электрооборудования, электронного и оптического оборудования;;;;;;;;145,9;136,7;120,8;109,5;111,2;108,6;111,4;106,5;115,2;109,3;107,9;106,0;109,8;104,9;102,9;100,9;106,3;110,8;106,8;;;;;;;;;;;;;;;;;;;;;;;;;;;;;;;;;;;;;;;;;;;;;;;;;;;;;;;;;;;;;;;;;;;;;;;;;;;;;;;;;;;;;;;;;;;;;;;;;;;;;;;;;;;;;;;;;;;;;;;;;;;;;;;;;;;;;;;;;;;;;;;;;;;;;;;;;;;;;;;;;;;;;;;;;;;;;;;;;;;;;;;;;;;;;;;;;;;;;;;;;;;;;;;;;;;;;;;;;;;;;;;;;;;;;
"Производство транспортных средств 
и оборудования";;;;;;;;128,4;139,8;123,2;118,4;108,3;113,1;120,8;108,4;108,3;108,7;116,5;97,5;111,9;109,5;102,9;100,8;106,1;116,4;109,7;;;;;;;;;;;;;;;;;;;;;;;;;;;;;;;;;;;;;;;;;;;;;;;;;;;;;;;;;;;;;;;;;;;;;;;;;;;;;;;;;;;;;;;;;;;;;;;;;;;;;;;;;;;;;;;;;;;;;;;;;;;;;;;;;;;;;;;;;;;;;;;;;;;;;;;;;;;;;;;;;;;;;;;;;;;;;;;;;;;;;;;;;;;;;;;;;;;;;;;;;;;;;;;;;;;;;;;;;;;;;;;;;;;;;
Прочие производства;;;;;;;;140,1;138,2;128,7;112,6;109,6;113,8;110,0;105,4;112,3;111,6;116,9;110,6;113,0;110,7;103,5;99,7;107,0;116,0;107,2;;;;;;;;;;;;;;;;;;;;;;;;;;;;;;;;;;;;;;;;;;;;;;;;;;;;;;;;;;;;;;;;;;;;;;;;;;;;;;;;;;;;;;;;;;;;;;;;;;;;;;;;;;;;;;;;;;;;;;;;;;;;;;;;;;;;;;;;;;;;;;;;;;;;;;;;;;;;;;;;;;;;;;;;;;;;;;;;;;;;;;;;;;;;;;;;;;;;;;;;;;;;;;;;;;;;;;;;;;;;;;;;;;;;;
Производство и распределение электроэнергии, газа и воды;;;;;;;;102,2;117,7;141,6;127,4;126,0;114,5;112,5;112,6;110,3;113,3;118,0;118,3;113,8;105,1;107,0;108,1;104,5;109,3;105,1;;;;;;;;;;;;;;;;;;;;;;;;;;;;;;;;;;;;;;;;;;;;;;;;;;;;;;;;;;;;;;;;;;;;;;;;;;;;;;;;;;;;;;;;;;;;;;;;;;;;;;;;;;;;;;;;;;;;;;;;;;;;;;;;;;;;;;;;;;;;;;;;;;;;;;;;;;;;;;;;;;;;;;;;;;;;;;;;;;;;;;;;;;;;;;;;;;;;;;;;;;;;;;;;;;;;;;;;;;;;;;;;;;;;;
"Производство, передача 
и распределение электроэнергии";;;;;;;;102,2;120,0;143,5;128,1;125,5;113,9;112,5;111,5;109,8;115,0;116,6;117,6;113,8;102,1;105,4;106,2;104,9;107,7;105,0;;;;;;;;;;;;;;;;;;;;;;;;;;;;;;;;;;;;;;;;;;;;;;;;;;;;;;;;;;;;;;;;;;;;;;;;;;;;;;;;;;;;;;;;;;;;;;;;;;;;;;;;;;;;;;;;;;;;;;;;;;;;;;;;;;;;;;;;;;;;;;;;;;;;;;;;;;;;;;;;;;;;;;;;;;;;;;;;;;;;;;;;;;;;;;;;;;;;;;;;;;;;;;;;;;;;;;;;;;;;;;;;;;;;;
"Производство, передача 
и распределение пара и горячей воды (тепловой энергии)";;;;;;;;102,0;110,7;135,4;125,2;128,8;117,8;112,3;115,1;111,4;110,0;121,1;119,6;113,8;111,3;109,2;111,5;104,2;113,0;105,4;;;;;;;;;;;;;;;;;;;;;;;;;;;;;;;;;;;;;;;;;;;;;;;;;;;;;;;;;;;;;;;;;;;;;;;;;;;;;;;;;;;;;;;;;;;;;;;;;;;;;;;;;;;;;;;;;;;;;;;;;;;;;;;;;;;;;;;;;;;;;;;;;;;;;;;;;;;;;;;;;;;;;;;;;;;;;;;;;;;;;;;;;;;;;;;;;;;;;;;;;;;;;;;;;;;;;;;;;;;;;;;;;;;;;
В соответствии с Общероссийским классификатором видов экономической деятельности ОК 029-2014 (КДЕС Ред.2) (ОКВЭД2);;;;;;;;;;;;;;;;;;;;;;;;;;;;;;;;;;;;;;;;;;;;;;;;;;;;;;;;;;;;;;;;;;;;;;;;;;;;;;;;;;;;;;;;;;;;;;;;;;;;;;;;;;;;;;;;;;;;;;;;;;;;;;;;;;;;;;;;;;;;;;;;;;;;;;;;;;;;;;;;;;;;;;;;;;;;;;;;;;;;;;;;;;;;;;;;;;;;;;;;;;;;;;;;;;;;;;;;;;;;;;;;;;;;;;;;;;;;;;;;;;;;;;;;;;;;;;;
"Индексы цен производителей по видам экономической деятельности 
(на конец периода, в процентах 
к декабрю предыдущего периода)";;;;;;;;;;;;;;;;;;;;;;;;;;;;;;;;;;;;;;;;;;;;;;;;;;;;;;;;;;;;;;;;;;;;;;;;;;;;;;;;;;;;;;;;;;;;;;;;;;;;;;;;;;;;;;;;;;;;;;;;;;;;;;;;;;;;;;;;;;;;;;;;;;;;;;;;;;;;;;;;;;;;;;;;;;;;;;;;;;;;;;;;;;;;;;;;;;;;;;;;;;;;;;;;;;;;;;;;;;;;;;;;;;;;;;;;;;;;;;;;;;;;;;;;;;;;;;;
Промышленное производство (промышленность);;;;;;;;;;;;;;;;;;;;;;;103,5;106,3;112,1;107,5;108,4;111,7;95,7;103,6;128,5;96,7;119,2;107,9;;;;;;;;;;;;;;;;;;;;;;;;;;;;;;;;;;;;;;;;;;;;;;;;;;;;;;;;;;;;;;;;;;;;;;;;;;;;;;;;;;;;;;;;;;;;;;;;;;;;;;;;;;;;;;;;;;;;;;;;;;;;;;;;;;;;;;;;;;;;;;;;;;;;;;;;;;;;;;;;;;;;;;;;;;;;;;;;;;;;;;;;;;;;;;;;;;;;;;;;;;;;;;;;;;;;;;;;;;;;;
Добыча полезных ископаемых;;;;;;;;;;;;;;;;;;;;;;;107,7;97,6;111,0;108,5;123,9;120,7;90,8;96,7;159,2;84,7;140,8;104,4;;;;;;;;;;;;;;;;;;;;;;;;;;;;;;;;;;;;;;;;;;;;;;;;;;;;;;;;;;;;;;;;;;;;;;;;;;;;;;;;;;;;;;;;;;;;;;;;;;;;;;;;;;;;;;;;;;;;;;;;;;;;;;;;;;;;;;;;;;;;;;;;;;;;;;;;;;;;;;;;;;;;;;;;;;;;;;;;;;;;;;;;;;;;;;;;;;;;;;;;;;;;;;;;;;;;;;;;;;;;;
Добыча угля;;;;;;;;;;;;;;;;;;;;;;;95,6;105,0;114,0;152,1;99,7;112,4;77,5;93,1;261,5;60,7;121,4;87,4;;;;;;;;;;;;;;;;;;;;;;;;;;;;;;;;;;;;;;;;;;;;;;;;;;;;;;;;;;;;;;;;;;;;;;;;;;;;;;;;;;;;;;;;;;;;;;;;;;;;;;;;;;;;;;;;;;;;;;;;;;;;;;;;;;;;;;;;;;;;;;;;;;;;;;;;;;;;;;;;;;;;;;;;;;;;;;;;;;;;;;;;;;;;;;;;;;;;;;;;;;;;;;;;;;;;;;;;;;;;;
Добыча  нефти и природного газа;;;;;;;;;;;;;;;;;;;;;;;107,9;95,4;110,9;106,7;136,4;126,9;89,2;90,7;178,3;81,7;150,5;102,9;;;;;;;;;;;;;;;;;;;;;;;;;;;;;;;;;;;;;;;;;;;;;;;;;;;;;;;;;;;;;;;;;;;;;;;;;;;;;;;;;;;;;;;;;;;;;;;;;;;;;;;;;;;;;;;;;;;;;;;;;;;;;;;;;;;;;;;;;;;;;;;;;;;;;;;;;;;;;;;;;;;;;;;;;;;;;;;;;;;;;;;;;;;;;;;;;;;;;;;;;;;;;;;;;;;;;;;;;;;;;
Добыча металлических руд;;;;;;;;;;;;;;;;;;;;;;;92,4;115,6;112,9;111,7;107,9;119,9;98,1;150,9;106,0;80,4;155,8;120,4;;;;;;;;;;;;;;;;;;;;;;;;;;;;;;;;;;;;;;;;;;;;;;;;;;;;;;;;;;;;;;;;;;;;;;;;;;;;;;;;;;;;;;;;;;;;;;;;;;;;;;;;;;;;;;;;;;;;;;;;;;;;;;;;;;;;;;;;;;;;;;;;;;;;;;;;;;;;;;;;;;;;;;;;;;;;;;;;;;;;;;;;;;;;;;;;;;;;;;;;;;;;;;;;;;;;;;;;;;;;;
Добыча прочих полезных ископаемых;;;;;;;;;;;;;;;;;;;;;;;106,3;109,4;116,3;100,6;97,1;106,4;103,8;98,3;117,3;124,9;105,9;106,2;;;;;;;;;;;;;;;;;;;;;;;;;;;;;;;;;;;;;;;;;;;;;;;;;;;;;;;;;;;;;;;;;;;;;;;;;;;;;;;;;;;;;;;;;;;;;;;;;;;;;;;;;;;;;;;;;;;;;;;;;;;;;;;;;;;;;;;;;;;;;;;;;;;;;;;;;;;;;;;;;;;;;;;;;;;;;;;;;;;;;;;;;;;;;;;;;;;;;;;;;;;;;;;;;;;;;;;;;;;;;
Обрабатывающие производства;;;;;;;;;;;;;;;;;;;;;;;101,3;109,2;113,2;107,6;104,2;110,3;96,6;106,0;123,5;99,1;114,9;108,4;;;;;;;;;;;;;;;;;;;;;;;;;;;;;;;;;;;;;;;;;;;;;;;;;;;;;;;;;;;;;;;;;;;;;;;;;;;;;;;;;;;;;;;;;;;;;;;;;;;;;;;;;;;;;;;;;;;;;;;;;;;;;;;;;;;;;;;;;;;;;;;;;;;;;;;;;;;;;;;;;;;;;;;;;;;;;;;;;;;;;;;;;;;;;;;;;;;;;;;;;;;;;;;;;;;;;;;;;;;;;
Производство пищевых продуктов;;;;;;;;;;;;;;;;;;;;;;;100,7;116,3;115,0;103,9;95,3;107,4;97,4;112,5;114,0;105,3;109,2;111,3;;;;;;;;;;;;;;;;;;;;;;;;;;;;;;;;;;;;;;;;;;;;;;;;;;;;;;;;;;;;;;;;;;;;;;;;;;;;;;;;;;;;;;;;;;;;;;;;;;;;;;;;;;;;;;;;;;;;;;;;;;;;;;;;;;;;;;;;;;;;;;;;;;;;;;;;;;;;;;;;;;;;;;;;;;;;;;;;;;;;;;;;;;;;;;;;;;;;;;;;;;;;;;;;;;;;;;;;;;;;;
Производство напитков;;;;;;;;;;;;;;;;;;;;;;;107,1;111,2;109,1;104,7;100,9;103,7;104,1;104,1;101,9;115,2;106,8;111,2;;;;;;;;;;;;;;;;;;;;;;;;;;;;;;;;;;;;;;;;;;;;;;;;;;;;;;;;;;;;;;;;;;;;;;;;;;;;;;;;;;;;;;;;;;;;;;;;;;;;;;;;;;;;;;;;;;;;;;;;;;;;;;;;;;;;;;;;;;;;;;;;;;;;;;;;;;;;;;;;;;;;;;;;;;;;;;;;;;;;;;;;;;;;;;;;;;;;;;;;;;;;;;;;;;;;;;;;;;;;;
Производство табачных изделий;;;;;;;;;;;;;;;;;;;;;;;110,3;107,5;138,7;99,3;83,5;107,5;105,7;111,1;101,2;124,6;119,1;103,3;;;;;;;;;;;;;;;;;;;;;;;;;;;;;;;;;;;;;;;;;;;;;;;;;;;;;;;;;;;;;;;;;;;;;;;;;;;;;;;;;;;;;;;;;;;;;;;;;;;;;;;;;;;;;;;;;;;;;;;;;;;;;;;;;;;;;;;;;;;;;;;;;;;;;;;;;;;;;;;;;;;;;;;;;;;;;;;;;;;;;;;;;;;;;;;;;;;;;;;;;;;;;;;;;;;;;;;;;;;;;
Производство текстильных изделий;;;;;;;;;;;;;;;;;;;;;;;103,2;112,6;111,7;104,4;100,6;106,8;100,0;107,4;112,2;111,4;105,5;106,2;;;;;;;;;;;;;;;;;;;;;;;;;;;;;;;;;;;;;;;;;;;;;;;;;;;;;;;;;;;;;;;;;;;;;;;;;;;;;;;;;;;;;;;;;;;;;;;;;;;;;;;;;;;;;;;;;;;;;;;;;;;;;;;;;;;;;;;;;;;;;;;;;;;;;;;;;;;;;;;;;;;;;;;;;;;;;;;;;;;;;;;;;;;;;;;;;;;;;;;;;;;;;;;;;;;;;;;;;;;;;
Производство одежды;;;;;;;;;;;;;;;;;;;;;;;101,9;104,3;113,0;103,5;101,2;104,1;105,1;104,4;112,1;118,6;110,2;107,1;;;;;;;;;;;;;;;;;;;;;;;;;;;;;;;;;;;;;;;;;;;;;;;;;;;;;;;;;;;;;;;;;;;;;;;;;;;;;;;;;;;;;;;;;;;;;;;;;;;;;;;;;;;;;;;;;;;;;;;;;;;;;;;;;;;;;;;;;;;;;;;;;;;;;;;;;;;;;;;;;;;;;;;;;;;;;;;;;;;;;;;;;;;;;;;;;;;;;;;;;;;;;;;;;;;;;;;;;;;;;
Производство кожи и изделий из кожи;;;;;;;;;;;;;;;;;;;;;;;100,5;108,8;119,6;114,1;100,8;99,4;94,1;102,2;105,2;109,8;114,9;106,6;;;;;;;;;;;;;;;;;;;;;;;;;;;;;;;;;;;;;;;;;;;;;;;;;;;;;;;;;;;;;;;;;;;;;;;;;;;;;;;;;;;;;;;;;;;;;;;;;;;;;;;;;;;;;;;;;;;;;;;;;;;;;;;;;;;;;;;;;;;;;;;;;;;;;;;;;;;;;;;;;;;;;;;;;;;;;;;;;;;;;;;;;;;;;;;;;;;;;;;;;;;;;;;;;;;;;;;;;;;;;
"Обработка древесины и производство изделий из дерева и пробки, кроме мебели, производство изделий 
из соломки и материалов для плетения";;;;;;;;;;;;;;;;;;;;;;;101,9;102,3;103,0;106,0;102,8;111,1;96,7;111,0;144,3;79,5;108,0;110,8;;;;;;;;;;;;;;;;;;;;;;;;;;;;;;;;;;;;;;;;;;;;;;;;;;;;;;;;;;;;;;;;;;;;;;;;;;;;;;;;;;;;;;;;;;;;;;;;;;;;;;;;;;;;;;;;;;;;;;;;;;;;;;;;;;;;;;;;;;;;;;;;;;;;;;;;;;;;;;;;;;;;;;;;;;;;;;;;;;;;;;;;;;;;;;;;;;;;;;;;;;;;;;;;;;;;;;;;;;;;;
Производство бумаги и бумажных изделий;;;;;;;;;;;;;;;;;;;;;;;100,6;102,7;131,4;104,6;100,9;115,5;93,1;101,6;132,0;96,8;110,3;105,2;;;;;;;;;;;;;;;;;;;;;;;;;;;;;;;;;;;;;;;;;;;;;;;;;;;;;;;;;;;;;;;;;;;;;;;;;;;;;;;;;;;;;;;;;;;;;;;;;;;;;;;;;;;;;;;;;;;;;;;;;;;;;;;;;;;;;;;;;;;;;;;;;;;;;;;;;;;;;;;;;;;;;;;;;;;;;;;;;;;;;;;;;;;;;;;;;;;;;;;;;;;;;;;;;;;;;;;;;;;;;
"Деятельность полиграфическая 
и копирование носителей информации";;;;;;;;;;;;;;;;;;;;;;;109,1;104,0;110,6;109,7;110,6;99,8;97,1;104,5;104,5;109,1;103,1;101,7;;;;;;;;;;;;;;;;;;;;;;;;;;;;;;;;;;;;;;;;;;;;;;;;;;;;;;;;;;;;;;;;;;;;;;;;;;;;;;;;;;;;;;;;;;;;;;;;;;;;;;;;;;;;;;;;;;;;;;;;;;;;;;;;;;;;;;;;;;;;;;;;;;;;;;;;;;;;;;;;;;;;;;;;;;;;;;;;;;;;;;;;;;;;;;;;;;;;;;;;;;;;;;;;;;;;;;;;;;;;;
"Производство кокса 
и нефтепродуктов";;;;;;;;;;;;;;;;;;;;;;;105,3;101,3;106,0;108,2;117,2;123,4;84,5;97,1;142,9;79,3;136,0;106,7;;;;;;;;;;;;;;;;;;;;;;;;;;;;;;;;;;;;;;;;;;;;;;;;;;;;;;;;;;;;;;;;;;;;;;;;;;;;;;;;;;;;;;;;;;;;;;;;;;;;;;;;;;;;;;;;;;;;;;;;;;;;;;;;;;;;;;;;;;;;;;;;;;;;;;;;;;;;;;;;;;;;;;;;;;;;;;;;;;;;;;;;;;;;;;;;;;;;;;;;;;;;;;;;;;;;;;;;;;;;;
"Производство химических веществ 
и химических продуктов";;;;;;;;;;;;;;;;;;;;;;;97,5;114,1;119,7;97,1;105,4;113,3;90,4;106,4;151,2;87,6;108,0;105,1;;;;;;;;;;;;;;;;;;;;;;;;;;;;;;;;;;;;;;;;;;;;;;;;;;;;;;;;;;;;;;;;;;;;;;;;;;;;;;;;;;;;;;;;;;;;;;;;;;;;;;;;;;;;;;;;;;;;;;;;;;;;;;;;;;;;;;;;;;;;;;;;;;;;;;;;;;;;;;;;;;;;;;;;;;;;;;;;;;;;;;;;;;;;;;;;;;;;;;;;;;;;;;;;;;;;;;;;;;;;;
"Производство лекарственных средств и материалов, применяемых 
в медицинских целях и ветеринарии";;;;;;;;;;;;;;;;;;;;;;;102,9;106,3;117,9;103,7;99,8;103,8;102,1;101,0;100,5;109,4;105,1;102,6;;;;;;;;;;;;;;;;;;;;;;;;;;;;;;;;;;;;;;;;;;;;;;;;;;;;;;;;;;;;;;;;;;;;;;;;;;;;;;;;;;;;;;;;;;;;;;;;;;;;;;;;;;;;;;;;;;;;;;;;;;;;;;;;;;;;;;;;;;;;;;;;;;;;;;;;;;;;;;;;;;;;;;;;;;;;;;;;;;;;;;;;;;;;;;;;;;;;;;;;;;;;;;;;;;;;;;;;;;;;;
"Производство резиновых 
и пластмассовых изделий";;;;;;;;;;;;;;;;;;;;;;;101,7;107,8;116,5;104,5;98,9;106,2;100,3;104,1;129,8;104,7;107,3;105,3;;;;;;;;;;;;;;;;;;;;;;;;;;;;;;;;;;;;;;;;;;;;;;;;;;;;;;;;;;;;;;;;;;;;;;;;;;;;;;;;;;;;;;;;;;;;;;;;;;;;;;;;;;;;;;;;;;;;;;;;;;;;;;;;;;;;;;;;;;;;;;;;;;;;;;;;;;;;;;;;;;;;;;;;;;;;;;;;;;;;;;;;;;;;;;;;;;;;;;;;;;;;;;;;;;;;;;;;;;;;;
Производство прочей неметаллической минеральной продукции;;;;;;;;;;;;;;;;;;;;;;;100,5;102,4;104,3;105,8;104,5;105,0;105,3;103,7;118,4;113,6;109,9;109,8;;;;;;;;;;;;;;;;;;;;;;;;;;;;;;;;;;;;;;;;;;;;;;;;;;;;;;;;;;;;;;;;;;;;;;;;;;;;;;;;;;;;;;;;;;;;;;;;;;;;;;;;;;;;;;;;;;;;;;;;;;;;;;;;;;;;;;;;;;;;;;;;;;;;;;;;;;;;;;;;;;;;;;;;;;;;;;;;;;;;;;;;;;;;;;;;;;;;;;;;;;;;;;;;;;;;;;;;;;;;;
Производство металлургическое;;;;;;;;;;;;;;;;;;;;;;;95,4;119,8;114,0;119,5;105,4;108,5;95,4;118,8;130,7;86,4;122,3;105,7;;;;;;;;;;;;;;;;;;;;;;;;;;;;;;;;;;;;;;;;;;;;;;;;;;;;;;;;;;;;;;;;;;;;;;;;;;;;;;;;;;;;;;;;;;;;;;;;;;;;;;;;;;;;;;;;;;;;;;;;;;;;;;;;;;;;;;;;;;;;;;;;;;;;;;;;;;;;;;;;;;;;;;;;;;;;;;;;;;;;;;;;;;;;;;;;;;;;;;;;;;;;;;;;;;;;;;;;;;;;;
"Производство готовых металлических изделий, кроме машин 
и оборудования";;;;;;;;;;;;;;;;;;;;;;;100,4;103,8;109,2;108,1;104,2;109,2;101,4;106,8;126,1;100,9;116,2;108,4;;;;;;;;;;;;;;;;;;;;;;;;;;;;;;;;;;;;;;;;;;;;;;;;;;;;;;;;;;;;;;;;;;;;;;;;;;;;;;;;;;;;;;;;;;;;;;;;;;;;;;;;;;;;;;;;;;;;;;;;;;;;;;;;;;;;;;;;;;;;;;;;;;;;;;;;;;;;;;;;;;;;;;;;;;;;;;;;;;;;;;;;;;;;;;;;;;;;;;;;;;;;;;;;;;;;;;;;;;;;;
Производство компьютеров, электронных и оптических изделий;;;;;;;;;;;;;;;;;;;;;;;104,1;107,1;112,7;103,5;102,3;105,7;102,8;98,3;104,6;110,2;107,6;104,0;;;;;;;;;;;;;;;;;;;;;;;;;;;;;;;;;;;;;;;;;;;;;;;;;;;;;;;;;;;;;;;;;;;;;;;;;;;;;;;;;;;;;;;;;;;;;;;;;;;;;;;;;;;;;;;;;;;;;;;;;;;;;;;;;;;;;;;;;;;;;;;;;;;;;;;;;;;;;;;;;;;;;;;;;;;;;;;;;;;;;;;;;;;;;;;;;;;;;;;;;;;;;;;;;;;;;;;;;;;;;
Производство электрического оборудования;;;;;;;;;;;;;;;;;;;;;;;99,4;113,8;114,5;104,0;102,5;106,0;100,4;105,9;112,5;109,5;111,9;109,1;;;;;;;;;;;;;;;;;;;;;;;;;;;;;;;;;;;;;;;;;;;;;;;;;;;;;;;;;;;;;;;;;;;;;;;;;;;;;;;;;;;;;;;;;;;;;;;;;;;;;;;;;;;;;;;;;;;;;;;;;;;;;;;;;;;;;;;;;;;;;;;;;;;;;;;;;;;;;;;;;;;;;;;;;;;;;;;;;;;;;;;;;;;;;;;;;;;;;;;;;;;;;;;;;;;;;;;;;;;;;
"Производство машин 
и оборудования, не включенных 
в другие группировки";;;;;;;;;;;;;;;;;;;;;;;101,9;105,6;124,2;109,4;104,0;105,6;102,5;104,9;112,0;117,6;109,9;107,1;;;;;;;;;;;;;;;;;;;;;;;;;;;;;;;;;;;;;;;;;;;;;;;;;;;;;;;;;;;;;;;;;;;;;;;;;;;;;;;;;;;;;;;;;;;;;;;;;;;;;;;;;;;;;;;;;;;;;;;;;;;;;;;;;;;;;;;;;;;;;;;;;;;;;;;;;;;;;;;;;;;;;;;;;;;;;;;;;;;;;;;;;;;;;;;;;;;;;;;;;;;;;;;;;;;;;;;;;;;;;
Производство автотранспортных средств, прицепов и полуприцепов;;;;;;;;;;;;;;;;;;;;;;;103,1;107,5;116,0;106,6;103,7;103,7;102,6;109,0;112,4;127,1;109,4;105,8;;;;;;;;;;;;;;;;;;;;;;;;;;;;;;;;;;;;;;;;;;;;;;;;;;;;;;;;;;;;;;;;;;;;;;;;;;;;;;;;;;;;;;;;;;;;;;;;;;;;;;;;;;;;;;;;;;;;;;;;;;;;;;;;;;;;;;;;;;;;;;;;;;;;;;;;;;;;;;;;;;;;;;;;;;;;;;;;;;;;;;;;;;;;;;;;;;;;;;;;;;;;;;;;;;;;;;;;;;;;;
Производство прочих транспортных средств и оборудования;;;;;;;;;;;;;;;;;;;;;;;97,9;104,9;119,6;118,4;93,5;108,6;105,1;98,0;104,0;126,2;107,2;115,4;;;;;;;;;;;;;;;;;;;;;;;;;;;;;;;;;;;;;;;;;;;;;;;;;;;;;;;;;;;;;;;;;;;;;;;;;;;;;;;;;;;;;;;;;;;;;;;;;;;;;;;;;;;;;;;;;;;;;;;;;;;;;;;;;;;;;;;;;;;;;;;;;;;;;;;;;;;;;;;;;;;;;;;;;;;;;;;;;;;;;;;;;;;;;;;;;;;;;;;;;;;;;;;;;;;;;;;;;;;;;
Производство мебели;;;;;;;;;;;;;;;;;;;;;;;103,9;101,5;117,8;101,6;102,8;103,9;104,2;103,3;118,5;95,7;109,6;171,7;;;;;;;;;;;;;;;;;;;;;;;;;;;;;;;;;;;;;;;;;;;;;;;;;;;;;;;;;;;;;;;;;;;;;;;;;;;;;;;;;;;;;;;;;;;;;;;;;;;;;;;;;;;;;;;;;;;;;;;;;;;;;;;;;;;;;;;;;;;;;;;;;;;;;;;;;;;;;;;;;;;;;;;;;;;;;;;;;;;;;;;;;;;;;;;;;;;;;;;;;;;;;;;;;;;;;;;;;;;;;
Производство прочих готовых изделий;;;;;;;;;;;;;;;;;;;;;;;92,6;113,4;110,5;111,2;97,2;108,9;109,4;115,6;103,2;123,5;113,2;111,8;;;;;;;;;;;;;;;;;;;;;;;;;;;;;;;;;;;;;;;;;;;;;;;;;;;;;;;;;;;;;;;;;;;;;;;;;;;;;;;;;;;;;;;;;;;;;;;;;;;;;;;;;;;;;;;;;;;;;;;;;;;;;;;;;;;;;;;;;;;;;;;;;;;;;;;;;;;;;;;;;;;;;;;;;;;;;;;;;;;;;;;;;;;;;;;;;;;;;;;;;;;;;;;;;;;;;;;;;;;;;
"Ремонт и монтаж машин 
и оборудования";;;;;;;;;;;;;;;;;;;;;;;104,6;114,3;107,3;110,2;108,6;102,9;102,5;105,4;103,0;108,5;114,5;112,6;;;;;;;;;;;;;;;;;;;;;;;;;;;;;;;;;;;;;;;;;;;;;;;;;;;;;;;;;;;;;;;;;;;;;;;;;;;;;;;;;;;;;;;;;;;;;;;;;;;;;;;;;;;;;;;;;;;;;;;;;;;;;;;;;;;;;;;;;;;;;;;;;;;;;;;;;;;;;;;;;;;;;;;;;;;;;;;;;;;;;;;;;;;;;;;;;;;;;;;;;;;;;;;;;;;;;;;;;;;;;
"Обеспечение электрической энергией, газом и паром; кондиционирование воздуха";;;;;;;;;;;;;;;;;;;;;;;109,4;104,7;108,0;104,7;106,0;103,5;101,1;103,9;105,8;106,9;107,7;114,9;;;;;;;;;;;;;;;;;;;;;;;;;;;;;;;;;;;;;;;;;;;;;;;;;;;;;;;;;;;;;;;;;;;;;;;;;;;;;;;;;;;;;;;;;;;;;;;;;;;;;;;;;;;;;;;;;;;;;;;;;;;;;;;;;;;;;;;;;;;;;;;;;;;;;;;;;;;;;;;;;;;;;;;;;;;;;;;;;;;;;;;;;;;;;;;;;;;;;;;;;;;;;;;;;;;;;;;;;;;;;
"Водоснабжение; водоотведение, организация сбора и утилизации отходов, деятельность по ликвидации загрязнений";;;;;;;;;;;;;;;;;;;;;;;…;…;…;109,1;110,1;103,0;103,7;104,2;102,9;110,2;106,5;107,2;;;;;;;;;;;;;;;;;;;;;;;;;;;;;;;;;;;;;;;;;;;;;;;;;;;;;;;;;;;;;;;;;;;;;;;;;;;;;;;;;;;;;;;;;;;;;;;;;;;;;;;;;;;;;;;;;;;;;;;;;;;;;;;;;;;;;;;;;;;;;;;;;;;;;;;;;;;;;;;;;;;;;;;;;;;;;;;;;;;;;;;;;;;;;;;;;;;;;;;;;;;;;;;;;;;;;;;;;;;;;
В соответствии с Общероссийским классификатором продукции по видам экономической деятельности ОК 034-2007 (КПЕС 2002) (ОКПД);;;;;;;;;;;;;;;;;;;;;;;;;;;;;;;;;;;;;;;;;;;;;;;;;;;;;;;;;;;;;;;;;;;;;;;;;;;;;;;;;;;;;;;;;;;;;;;;;;;;;;;;;;;;;;;;;;;;;;;;;;;;;;;;;;;;;;;;;;;;;;;;;;;;;;;;;;;;;;;;;;;;;;;;;;;;;;;;;;;;;;;;;;;;;;;;;;;;;;;;;;;;;;;;;;;;;;;;;;;;;;;;;;;;;;;;;;;;;;;;;;;;;;;;;;;;;;;
"Индексы цен производителей 
на отдельные виды промышленных товаров (на конец периода, в процентах к декабрю предыдущего периода)1)";;;;;;;;;;;;;;;;;;;;;;;;;;;;;;;;;;;;;;;;;;;;;;;;;;;;;;;;;;;;;;;;;;;;;;;;;;;;;;;;;;;;;;;;;;;;;;;;;;;;;;;;;;;;;;;;;;;;;;;;;;;;;;;;;;;;;;;;;;;;;;;;;;;;;;;;;;;;;;;;;;;;;;;;;;;;;;;;;;;;;;;;;;;;;;;;;;;;;;;;;;;;;;;;;;;;;;;;;;;;;;;;;;;;;;;;;;;;;;;;;;;;;;;;;;;;;;;
Добыча топливно-энергетических полезных ископаемых;;;;;;;;;;;;;;;;;;;;;;;;;;;;;;;;;;;;;;;;;;;;;;;;;;;;;;;;;;;;;;;;;;;;;;;;;;;;;;;;;;;;;;;;;;;;;;;;;;;;;;;;;;;;;;;;;;;;;;;;;;;;;;;;;;;;;;;;;;;;;;;;;;;;;;;;;;;;;;;;;;;;;;;;;;;;;;;;;;;;;;;;;;;;;;;;;;;;;;;;;;;;;;;;;;;;;;;;;;;;;;;;;;;;;;;;;;;;;;;;;;;;;;;;;;;;;;;
Уголь ;1,7;56,1;10,2;3,5;2,7;135,0;99,4;99,5;123,6;140,1;123,8;112,2;101,9;143,5;119,5;95,7;116,4;136,0;89,3;127,0;132,5;94,3;99,9;105,3;107,7;129,7;;;;;;;;;;;;;;;;;;;;;;;;;;;;;;;;;;;;;;;;;;;;;;;;;;;;;;;;;;;;;;;;;;;;;;;;;;;;;;;;;;;;;;;;;;;;;;;;;;;;;;;;;;;;;;;;;;;;;;;;;;;;;;;;;;;;;;;;;;;;;;;;;;;;;;;;;;;;;;;;;;;;;;;;;;;;;;;;;;;;;;;;;;;;;;;;;;;;;;;;;;;;;;;;;;;;;;;;;;;;;;;;;;;;;
уголь коксующийся;;;;;;110,8;92,5;102,2;157,1;149,8;125,1;112,2;106,5;149,6;119,6;90,0;108,1;149,5;70,8;152,8;146,3;69,9;84,2;98,0;132,9;179,7;;;;;;;;;;;;;;;;;;;;;;;;;;;;;;;;;;;;;;;;;;;;;;;;;;;;;;;;;;;;;;;;;;;;;;;;;;;;;;;;;;;;;;;;;;;;;;;;;;;;;;;;;;;;;;;;;;;;;;;;;;;;;;;;;;;;;;;;;;;;;;;;;;;;;;;;;;;;;;;;;;;;;;;;;;;;;;;;;;;;;;;;;;;;;;;;;;;;;;;;;;;;;;;;;;;;;;;;;;;;;;;;;;;;;
уголь, за исключением антрацита, угля коксующегося и угля бурого2);2,6;99,6;5,6;2,9;2,8;141,4;100,2;99,7;120,3;149,6;116,1;112,4;107,2;144,7;108,9;103,1;120,5;133,3;92,0;116,7;133,1;97,8;110,1;109,5;91,7;110,4;;;;;;;;;;;;;;;;;;;;;;;;;;;;;;;;;;;;;;;;;;;;;;;;;;;;;;;;;;;;;;;;;;;;;;;;;;;;;;;;;;;;;;;;;;;;;;;;;;;;;;;;;;;;;;;;;;;;;;;;;;;;;;;;;;;;;;;;;;;;;;;;;;;;;;;;;;;;;;;;;;;;;;;;;;;;;;;;;;;;;;;;;;;;;;;;;;;;;;;;;;;;;;;;;;;;;;;;;;;;;;;;;;;;;
Нефть3);;;;;;125,0;112,3;89,5;287,1;155,9;92,1;126,4;100,7;166,2;140,9;91,3;166,1;46,1;199,3;114,7;129,1;107,1;108,0;91,6;112,8;109,6;;;;;;;;;;;;;;;;;;;;;;;;;;;;;;;;;;;;;;;;;;;;;;;;;;;;;;;;;;;;;;;;;;;;;;;;;;;;;;;;;;;;;;;;;;;;;;;;;;;;;;;;;;;;;;;;;;;;;;;;;;;;;;;;;;;;;;;;;;;;;;;;;;;;;;;;;;;;;;;;;;;;;;;;;;;;;;;;;;;;;;;;;;;;;;;;;;;;;;;;;;;;;;;;;;;;;;;;;;;;;;;;;;;;;
"Газ нефтяной попутный 
(газ горючий природный нефтяных месторождений)";;;;;;;;;;146,6;164,9;117,9;89,6;115,9;107,3;106,5;105,1;130,9;121,4;105,8;121,8;116,8;115,3;103,3;108,7;107,8;;;;;;;;;;;;;;;;;;;;;;;;;;;;;;;;;;;;;;;;;;;;;;;;;;;;;;;;;;;;;;;;;;;;;;;;;;;;;;;;;;;;;;;;;;;;;;;;;;;;;;;;;;;;;;;;;;;;;;;;;;;;;;;;;;;;;;;;;;;;;;;;;;;;;;;;;;;;;;;;;;;;;;;;;;;;;;;;;;;;;;;;;;;;;;;;;;;;;;;;;;;;;;;;;;;;;;;;;;;;;;;;;;;;;
"Газ горючий природный 
(газ естественный)4)";1,9;13,2;9,2;3,9;2,6;232,8;100,6;108,6;113,6;162,4;163,2;135,9;70,5;211,5;118,6;113,5;114,4;123,1;96,0;114,4;127,0;184,3;106,2;125,3;97,6;84,4;;;;;;;;;;;;;;;;;;;;;;;;;;;;;;;;;;;;;;;;;;;;;;;;;;;;;;;;;;;;;;;;;;;;;;;;;;;;;;;;;;;;;;;;;;;;;;;;;;;;;;;;;;;;;;;;;;;;;;;;;;;;;;;;;;;;;;;;;;;;;;;;;;;;;;;;;;;;;;;;;;;;;;;;;;;;;;;;;;;;;;;;;;;;;;;;;;;;;;;;;;;;;;;;;;;;;;;;;;;;;;;;;;;;;
Добыча полезных ископаемых, кроме топливно-энергетических;;;;;;;;;;;;;;;;;;;;;;;;;;;;;;;;;;;;;;;;;;;;;;;;;;;;;;;;;;;;;;;;;;;;;;;;;;;;;;;;;;;;;;;;;;;;;;;;;;;;;;;;;;;;;;;;;;;;;;;;;;;;;;;;;;;;;;;;;;;;;;;;;;;;;;;;;;;;;;;;;;;;;;;;;;;;;;;;;;;;;;;;;;;;;;;;;;;;;;;;;;;;;;;;;;;;;;;;;;;;;;;;;;;;;;;;;;;;;;;;;;;;;;;;;;;;;;;
Руда железная товарная необогащенная;2;63;14,8;2,6;1,8;118,6;106,8;114,9;121,1;115,3;128,3;104,6;110,5;151,6;123,6;112,8;102,1;131,4;72,0;175,9;130,2;84,9;116,3;87,1;97,7;105,8;;;;;;;;;;;;;;;;;;;;;;;;;;;;;;;;;;;;;;;;;;;;;;;;;;;;;;;;;;;;;;;;;;;;;;;;;;;;;;;;;;;;;;;;;;;;;;;;;;;;;;;;;;;;;;;;;;;;;;;;;;;;;;;;;;;;;;;;;;;;;;;;;;;;;;;;;;;;;;;;;;;;;;;;;;;;;;;;;;;;;;;;;;;;;;;;;;;;;;;;;;;;;;;;;;;;;;;;;;;;;;;;;;;;;
Пески строительные, такие как супеси (пески глинистые), пески каолиновые, пески полевошпатовых пород;3,1;32,1;16,2;3,3;2,2;148,6;103,3;110,6;138,2;134,8;120,3;111,4;123,6;114,9;108,7;118,0;126,8;113,6;90,8;99,6;94,9;128,0;109,1;97,9;102,2;97,7;;;;;;;;;;;;;;;;;;;;;;;;;;;;;;;;;;;;;;;;;;;;;;;;;;;;;;;;;;;;;;;;;;;;;;;;;;;;;;;;;;;;;;;;;;;;;;;;;;;;;;;;;;;;;;;;;;;;;;;;;;;;;;;;;;;;;;;;;;;;;;;;;;;;;;;;;;;;;;;;;;;;;;;;;;;;;;;;;;;;;;;;;;;;;;;;;;;;;;;;;;;;;;;;;;;;;;;;;;;;;;;;;;;;;
Щебень5);;;;;;143,6;114,9;107,6;130,4;145,8;119,6;115,8;111,5;119,5;113,7;120,5;124,3;125,9;90,0;103,1;119,4;112,3;100,6;102,5;100,1;106,7;;;;;;;;;;;;;;;;;;;;;;;;;;;;;;;;;;;;;;;;;;;;;;;;;;;;;;;;;;;;;;;;;;;;;;;;;;;;;;;;;;;;;;;;;;;;;;;;;;;;;;;;;;;;;;;;;;;;;;;;;;;;;;;;;;;;;;;;;;;;;;;;;;;;;;;;;;;;;;;;;;;;;;;;;;;;;;;;;;;;;;;;;;;;;;;;;;;;;;;;;;;;;;;;;;;;;;;;;;;;;;;;;;;;;
Производство пищевых продуктов, включая напитки, и табака;;;;;;;;;;;;;;;;;;;;;;;;;;;;;;;;;;;;;;;;;;;;;;;;;;;;;;;;;;;;;;;;;;;;;;;;;;;;;;;;;;;;;;;;;;;;;;;;;;;;;;;;;;;;;;;;;;;;;;;;;;;;;;;;;;;;;;;;;;;;;;;;;;;;;;;;;;;;;;;;;;;;;;;;;;;;;;;;;;;;;;;;;;;;;;;;;;;;;;;;;;;;;;;;;;;;;;;;;;;;;;;;;;;;;;;;;;;;;;;;;;;;;;;;;;;;;;;
Мясо и птица;;;;;;126,5;114,9;170,1;147,7;137,5;121,8;97,8;112,1;122,0;110,6;106,3;108,8;118,3;99,9;105,1;102,7;106,9;94,5;128,4;98,5;105,5;;;;;;;;;;;;;;;;;;;;;;;;;;;;;;;;;;;;;;;;;;;;;;;;;;;;;;;;;;;;;;;;;;;;;;;;;;;;;;;;;;;;;;;;;;;;;;;;;;;;;;;;;;;;;;;;;;;;;;;;;;;;;;;;;;;;;;;;;;;;;;;;;;;;;;;;;;;;;;;;;;;;;;;;;;;;;;;;;;;;;;;;;;;;;;;;;;;;;;;;;;;;;;;;;;;;;;;;;;;;;;;;;;;;;
говядина;9,2;9,6;12,8;2,4;2,6;123,0;113,0;160,2;159,6;127,0;129,8;97,2;101,3;133,8;118,2;113,9;99,8;122,4;102,9;109,3;118,9;101,8;101,0;108,7;123,3;107,4;;;;;;;;;;;;;;;;;;;;;;;;;;;;;;;;;;;;;;;;;;;;;;;;;;;;;;;;;;;;;;;;;;;;;;;;;;;;;;;;;;;;;;;;;;;;;;;;;;;;;;;;;;;;;;;;;;;;;;;;;;;;;;;;;;;;;;;;;;;;;;;;;;;;;;;;;;;;;;;;;;;;;;;;;;;;;;;;;;;;;;;;;;;;;;;;;;;;;;;;;;;;;;;;;;;;;;;;;;;;;;;;;;;;;
свинина;6,6;15,9;11,4;2,8;2,3;127,9;113,3;144,7;146,1;144,2;122,0;93,1;106,1;141,5;102,4;102,7;104,2;136,3;94,2;105,4;110,9;97,9;95,5;135,5;92,6;102,6;;;;;;;;;;;;;;;;;;;;;;;;;;;;;;;;;;;;;;;;;;;;;;;;;;;;;;;;;;;;;;;;;;;;;;;;;;;;;;;;;;;;;;;;;;;;;;;;;;;;;;;;;;;;;;;;;;;;;;;;;;;;;;;;;;;;;;;;;;;;;;;;;;;;;;;;;;;;;;;;;;;;;;;;;;;;;;;;;;;;;;;;;;;;;;;;;;;;;;;;;;;;;;;;;;;;;;;;;;;;;;;;;;;;;
мясо домашней птицы, кроме субпродуктов;3,1;18,5;13,9;2,5;1,9;142,1;121,2;180,4;128,5;144,3;111,7;102,1;125,8;99,5;112,9;105,0;113,5;111,3;101,0;104,7;98,1;112,6;93,4;125,7;100,0;107,2;;;;;;;;;;;;;;;;;;;;;;;;;;;;;;;;;;;;;;;;;;;;;;;;;;;;;;;;;;;;;;;;;;;;;;;;;;;;;;;;;;;;;;;;;;;;;;;;;;;;;;;;;;;;;;;;;;;;;;;;;;;;;;;;;;;;;;;;;;;;;;;;;;;;;;;;;;;;;;;;;;;;;;;;;;;;;;;;;;;;;;;;;;;;;;;;;;;;;;;;;;;;;;;;;;;;;;;;;;;;;;;;;;;;;
Колбасы (колбаски) вареные;7,5;14,3;13,2;2,8;2,3;124,2;110,9;160,8;132,3;134,6;121,1;105,3;106,6;121,6;107,8;105,1;108,1;123,4;106,2;106,5;107,6;107,2;101,9;119,9;107,1;103,7;;;;;;;;;;;;;;;;;;;;;;;;;;;;;;;;;;;;;;;;;;;;;;;;;;;;;;;;;;;;;;;;;;;;;;;;;;;;;;;;;;;;;;;;;;;;;;;;;;;;;;;;;;;;;;;;;;;;;;;;;;;;;;;;;;;;;;;;;;;;;;;;;;;;;;;;;;;;;;;;;;;;;;;;;;;;;;;;;;;;;;;;;;;;;;;;;;;;;;;;;;;;;;;;;;;;;;;;;;;;;;;;;;;;;
Консервы мясные (мясосодержащие);;;;;;114,7;115,6;161,8;129,3;115,0;126,7;99,7;103,8;116,1;117,6;105,9;112,7;123,0;113,0;102,7;104,8;106,3;108,3;122,7;121,0;100,2;;;;;;;;;;;;;;;;;;;;;;;;;;;;;;;;;;;;;;;;;;;;;;;;;;;;;;;;;;;;;;;;;;;;;;;;;;;;;;;;;;;;;;;;;;;;;;;;;;;;;;;;;;;;;;;;;;;;;;;;;;;;;;;;;;;;;;;;;;;;;;;;;;;;;;;;;;;;;;;;;;;;;;;;;;;;;;;;;;;;;;;;;;;;;;;;;;;;;;;;;;;;;;;;;;;;;;;;;;;;;;;;;;;;;
"Рыба свежая или охлажденная 
без произведенной на борту рыболовецких судов6)";;;;;;108,2;102,3;139,4;147,4;112,5;115,6;105,6;112,1;104,7;107,8;112,9;122,1;114,9;111,9;102,1;105,0;100,6;99,9;134,4;150,9;119,2;;;;;;;;;;;;;;;;;;;;;;;;;;;;;;;;;;;;;;;;;;;;;;;;;;;;;;;;;;;;;;;;;;;;;;;;;;;;;;;;;;;;;;;;;;;;;;;;;;;;;;;;;;;;;;;;;;;;;;;;;;;;;;;;;;;;;;;;;;;;;;;;;;;;;;;;;;;;;;;;;;;;;;;;;;;;;;;;;;;;;;;;;;;;;;;;;;;;;;;;;;;;;;;;;;;;;;;;;;;;;;;;;;;;;
Рыба мороженая без произведенной на борту рыболовецких судов7);2,7;25,2;7,2;2,7;2,3;113,3;121,3;171,6;185,1;120,3;132,4;112,5;104,6;111,8;107,9;101,3;120,9;100,7;109,9;104,8;138,4;97,7;94,7;121,2;138,0;115,0;;;;;;;;;;;;;;;;;;;;;;;;;;;;;;;;;;;;;;;;;;;;;;;;;;;;;;;;;;;;;;;;;;;;;;;;;;;;;;;;;;;;;;;;;;;;;;;;;;;;;;;;;;;;;;;;;;;;;;;;;;;;;;;;;;;;;;;;;;;;;;;;;;;;;;;;;;;;;;;;;;;;;;;;;;;;;;;;;;;;;;;;;;;;;;;;;;;;;;;;;;;;;;;;;;;;;;;;;;;;;;;;;;;;;
Консеpвы pыбные всех видов;;;;;;119,9;108,4;135,9;147,0;110,1;106,8;99,4;107,9;107,3;108,7;103,3;110,5;108,8;102,6;106,9;107,9;100,2;102,5;117,9;140,7;108,3;;;;;;;;;;;;;;;;;;;;;;;;;;;;;;;;;;;;;;;;;;;;;;;;;;;;;;;;;;;;;;;;;;;;;;;;;;;;;;;;;;;;;;;;;;;;;;;;;;;;;;;;;;;;;;;;;;;;;;;;;;;;;;;;;;;;;;;;;;;;;;;;;;;;;;;;;;;;;;;;;;;;;;;;;;;;;;;;;;;;;;;;;;;;;;;;;;;;;;;;;;;;;;;;;;;;;;;;;;;;;;;;;;;;;
Масло подсолнечное8);2,0;58,8;8,8;3,8;2,2;81,9;129,3;224,0;133,8;81,2;177,2;92,2;107,5;109,7;90,2;98,4;176,3;79,1;105,8;159,9;82,4;104,4;86,7;115,5;139,6;94,0;;;;;;;;;;;;;;;;;;;;;;;;;;;;;;;;;;;;;;;;;;;;;;;;;;;;;;;;;;;;;;;;;;;;;;;;;;;;;;;;;;;;;;;;;;;;;;;;;;;;;;;;;;;;;;;;;;;;;;;;;;;;;;;;;;;;;;;;;;;;;;;;;;;;;;;;;;;;;;;;;;;;;;;;;;;;;;;;;;;;;;;;;;;;;;;;;;;;;;;;;;;;;;;;;;;;;;;;;;;;;;;;;;;;;
Молоко питьевое;5,5;19,4;11,7;3,7;2,6;122,8;111,6;163,6;147,8;115,2;115,7;108,3;112,7;113,7;111,8;106,9;137,4;106,1;103,7;124,1;103,6;102,7;114,8;113,2;105,1;107,5;;;;;;;;;;;;;;;;;;;;;;;;;;;;;;;;;;;;;;;;;;;;;;;;;;;;;;;;;;;;;;;;;;;;;;;;;;;;;;;;;;;;;;;;;;;;;;;;;;;;;;;;;;;;;;;;;;;;;;;;;;;;;;;;;;;;;;;;;;;;;;;;;;;;;;;;;;;;;;;;;;;;;;;;;;;;;;;;;;;;;;;;;;;;;;;;;;;;;;;;;;;;;;;;;;;;;;;;;;;;;;;;;;;;;
Масло сливочное9);6,5;19,5;7,9;3,9;1,9;119,5;110,2;200,7;130,7;104,0;99,4;109,2;114,1;102,4;107,3;104,2;146,2;96,6;115,9;129,1;98,6;101,9;124,2;110,1;103,9;126,3;;;;;;;;;;;;;;;;;;;;;;;;;;;;;;;;;;;;;;;;;;;;;;;;;;;;;;;;;;;;;;;;;;;;;;;;;;;;;;;;;;;;;;;;;;;;;;;;;;;;;;;;;;;;;;;;;;;;;;;;;;;;;;;;;;;;;;;;;;;;;;;;;;;;;;;;;;;;;;;;;;;;;;;;;;;;;;;;;;;;;;;;;;;;;;;;;;;;;;;;;;;;;;;;;;;;;;;;;;;;;;;;;;;;;
"Йогурт и прочие виды молока 
или сливок, ферментированных 
или сквашенных, кроме сметаны10)";4,7;26,6;12,8;3,7;2,5;119,8;114,3;168,3;140,2;115,1;113,7;107,5;112,3;113,9;111,8;107,6;132,7;106,0;107,5;122,7;104,2;102,3;113,2;113,0;108,7;108,0;;;;;;;;;;;;;;;;;;;;;;;;;;;;;;;;;;;;;;;;;;;;;;;;;;;;;;;;;;;;;;;;;;;;;;;;;;;;;;;;;;;;;;;;;;;;;;;;;;;;;;;;;;;;;;;;;;;;;;;;;;;;;;;;;;;;;;;;;;;;;;;;;;;;;;;;;;;;;;;;;;;;;;;;;;;;;;;;;;;;;;;;;;;;;;;;;;;;;;;;;;;;;;;;;;;;;;;;;;;;;;;;;;;;;
Мука пшеничная;;;;;;117,7;94,3;103,6;239,3;106,8;99,4;83,2;183,5;96,3;76,2;127,4;143,9;102,2;80,4;141,7;78,6;156,6;84,8;123,7;107,3;98,9;;;;;;;;;;;;;;;;;;;;;;;;;;;;;;;;;;;;;;;;;;;;;;;;;;;;;;;;;;;;;;;;;;;;;;;;;;;;;;;;;;;;;;;;;;;;;;;;;;;;;;;;;;;;;;;;;;;;;;;;;;;;;;;;;;;;;;;;;;;;;;;;;;;;;;;;;;;;;;;;;;;;;;;;;;;;;;;;;;;;;;;;;;;;;;;;;;;;;;;;;;;;;;;;;;;;;;;;;;;;;;;;;;;;;
Крупа;;;;;;133,4;100,4;137,5;235,5;81,1;86,8;145,7;110,9;91,9;95,3;127,3;120,3;105,2;87,1;261,4;56,0;101,8;89,6;152,4;110,2;108,9;;;;;;;;;;;;;;;;;;;;;;;;;;;;;;;;;;;;;;;;;;;;;;;;;;;;;;;;;;;;;;;;;;;;;;;;;;;;;;;;;;;;;;;;;;;;;;;;;;;;;;;;;;;;;;;;;;;;;;;;;;;;;;;;;;;;;;;;;;;;;;;;;;;;;;;;;;;;;;;;;;;;;;;;;;;;;;;;;;;;;;;;;;;;;;;;;;;;;;;;;;;;;;;;;;;;;;;;;;;;;;;;;;;;;
Изделия хлебобулочные из ржаной муки и смеси ржаной и пшеничной мук11);;;;;;…;103,4;108,0;175,2;124,2;111,6;103,6;136,0;120,1;101,7;112,8;123,9;125,3;100,7;109,1;109,0;113,0;108,2;107,3;111,5;105,4;;;;;;;;;;;;;;;;;;;;;;;;;;;;;;;;;;;;;;;;;;;;;;;;;;;;;;;;;;;;;;;;;;;;;;;;;;;;;;;;;;;;;;;;;;;;;;;;;;;;;;;;;;;;;;;;;;;;;;;;;;;;;;;;;;;;;;;;;;;;;;;;;;;;;;;;;;;;;;;;;;;;;;;;;;;;;;;;;;;;;;;;;;;;;;;;;;;;;;;;;;;;;;;;;;;;;;;;;;;;;;;;;;;;;
"Изделия хлебобулочные 
из пшеничной муки";;;;;;123,7;103,6;111,8;182,8;117,0;112,6;104,2;132,8;117,2;101,8;112,3;124,6;125,9;100,9;108,4;109,3;112,5;107,8;106,7;111,4;104,5;;;;;;;;;;;;;;;;;;;;;;;;;;;;;;;;;;;;;;;;;;;;;;;;;;;;;;;;;;;;;;;;;;;;;;;;;;;;;;;;;;;;;;;;;;;;;;;;;;;;;;;;;;;;;;;;;;;;;;;;;;;;;;;;;;;;;;;;;;;;;;;;;;;;;;;;;;;;;;;;;;;;;;;;;;;;;;;;;;;;;;;;;;;;;;;;;;;;;;;;;;;;;;;;;;;;;;;;;;;;;;;;;;;;;
Печенье сладкое;;;;;;115,9;107,4;165,4;137,2;107,0;110,7;105,6;111,1;112,8;104,7;107,7;114,1;124,9;110,3;109,3;110,4;107,9;103,6;109,1;114,4;103,1;;;;;;;;;;;;;;;;;;;;;;;;;;;;;;;;;;;;;;;;;;;;;;;;;;;;;;;;;;;;;;;;;;;;;;;;;;;;;;;;;;;;;;;;;;;;;;;;;;;;;;;;;;;;;;;;;;;;;;;;;;;;;;;;;;;;;;;;;;;;;;;;;;;;;;;;;;;;;;;;;;;;;;;;;;;;;;;;;;;;;;;;;;;;;;;;;;;;;;;;;;;;;;;;;;;;;;;;;;;;;;;;;;;;;
"Сахар (кроме сахара-сырца технического, жидкого сахара 
и сахарной пудры)";1,7;40,8;7,7;2,7;2,2;82,0;131,2;235,6;91,0;181,4;97,5;127,0;94,2;106,7;99,1;111,4;93,6;107,0;141,1;123,2;82,0;106,9;101,4;139,8;123,3;90,8;;;;;;;;;;;;;;;;;;;;;;;;;;;;;;;;;;;;;;;;;;;;;;;;;;;;;;;;;;;;;;;;;;;;;;;;;;;;;;;;;;;;;;;;;;;;;;;;;;;;;;;;;;;;;;;;;;;;;;;;;;;;;;;;;;;;;;;;;;;;;;;;;;;;;;;;;;;;;;;;;;;;;;;;;;;;;;;;;;;;;;;;;;;;;;;;;;;;;;;;;;;;;;;;;;;;;;;;;;;;;;;;;;;;;
Конфеты шоколадные12);;;;;;116,6;109,2;192,0;119,5;106,7;108,5;116,6;109,7;106,1;108,8;104,1;108,4;118,4;110,1;107,2;110,5;101,6;103,5;111,0;118,2;105,6;;;;;;;;;;;;;;;;;;;;;;;;;;;;;;;;;;;;;;;;;;;;;;;;;;;;;;;;;;;;;;;;;;;;;;;;;;;;;;;;;;;;;;;;;;;;;;;;;;;;;;;;;;;;;;;;;;;;;;;;;;;;;;;;;;;;;;;;;;;;;;;;;;;;;;;;;;;;;;;;;;;;;;;;;;;;;;;;;;;;;;;;;;;;;;;;;;;;;;;;;;;;;;;;;;;;;;;;;;;;;;;;;;;;;
"Изделия макаронные без начинки, 
не подвергнутые тепловой обработке или не приготовленные каким-либо другим способом";3,2;30,2;9,0;3,5;2,9;113,1;97,8;134,9;160,5;106,1;107,5;98,8;118,0;110,0;93,1;106,3;118,7;124,2;92,5;113,3;94,0;115,5;99,2;113,3;114,5;98,2;;;;;;;;;;;;;;;;;;;;;;;;;;;;;;;;;;;;;;;;;;;;;;;;;;;;;;;;;;;;;;;;;;;;;;;;;;;;;;;;;;;;;;;;;;;;;;;;;;;;;;;;;;;;;;;;;;;;;;;;;;;;;;;;;;;;;;;;;;;;;;;;;;;;;;;;;;;;;;;;;;;;;;;;;;;;;;;;;;;;;;;;;;;;;;;;;;;;;;;;;;;;;;;;;;;;;;;;;;;;;;;;;;;;;
Водка ;;;;;;…;223,5;129,9;170,7;119,1;120,1;107,6;114,9;116,8;108,1;109,0;111,2;110,6;104,4;108,5;109,3;117,9;101,9;129,4;94,2;109,3;;;;;;;;;;;;;;;;;;;;;;;;;;;;;;;;;;;;;;;;;;;;;;;;;;;;;;;;;;;;;;;;;;;;;;;;;;;;;;;;;;;;;;;;;;;;;;;;;;;;;;;;;;;;;;;;;;;;;;;;;;;;;;;;;;;;;;;;;;;;;;;;;;;;;;;;;;;;;;;;;;;;;;;;;;;;;;;;;;;;;;;;;;;;;;;;;;;;;;;;;;;;;;;;;;;;;;;;;;;;;;;;;;;;;
Вина виноградные;;;;;;214,3;117,5;139,7;138,4;117,1;113,5;95,7;112,8;146,5;104,9;108,1;102,7;117,3;102,3;105,5;104,6;108,8;109,2;107,3;109,3;106,5;;;;;;;;;;;;;;;;;;;;;;;;;;;;;;;;;;;;;;;;;;;;;;;;;;;;;;;;;;;;;;;;;;;;;;;;;;;;;;;;;;;;;;;;;;;;;;;;;;;;;;;;;;;;;;;;;;;;;;;;;;;;;;;;;;;;;;;;;;;;;;;;;;;;;;;;;;;;;;;;;;;;;;;;;;;;;;;;;;;;;;;;;;;;;;;;;;;;;;;;;;;;;;;;;;;;;;;;;;;;;;;;;;;;;
Пиво, кроме отходов пивоварения;;;;;;184,0;115,9;134,1;149,7;129,7;115,7;138,1;104,7;121,5;107,0;104,2;106,8;112,1;108,7;108,1;111,4;104,3;113,7;105,8;112,3;104,1;;;;;;;;;;;;;;;;;;;;;;;;;;;;;;;;;;;;;;;;;;;;;;;;;;;;;;;;;;;;;;;;;;;;;;;;;;;;;;;;;;;;;;;;;;;;;;;;;;;;;;;;;;;;;;;;;;;;;;;;;;;;;;;;;;;;;;;;;;;;;;;;;;;;;;;;;;;;;;;;;;;;;;;;;;;;;;;;;;;;;;;;;;;;;;;;;;;;;;;;;;;;;;;;;;;;;;;;;;;;;;;;;;;;;
Напитки безалкогольные прочие;;;;;;123,1;106,3;126,9;108,6;117,8;116,3;117,5;109,0;112,0;104,5;105,8;114,3;112,7;111,8;106,3;105,2;104,1;105,3;115,3;109,2;109,4;;;;;;;;;;;;;;;;;;;;;;;;;;;;;;;;;;;;;;;;;;;;;;;;;;;;;;;;;;;;;;;;;;;;;;;;;;;;;;;;;;;;;;;;;;;;;;;;;;;;;;;;;;;;;;;;;;;;;;;;;;;;;;;;;;;;;;;;;;;;;;;;;;;;;;;;;;;;;;;;;;;;;;;;;;;;;;;;;;;;;;;;;;;;;;;;;;;;;;;;;;;;;;;;;;;;;;;;;;;;;;;;;;;;;
Cигареты13);;;;;;117,0;130,1;235,7;117,1;100,0;112,7;99,8;95,2;98,4;100,8;114,8;98,5;115,1;128,2;107,7;104,0;107,6;110,3;107,5;138,7;104,4;;;;;;;;;;;;;;;;;;;;;;;;;;;;;;;;;;;;;;;;;;;;;;;;;;;;;;;;;;;;;;;;;;;;;;;;;;;;;;;;;;;;;;;;;;;;;;;;;;;;;;;;;;;;;;;;;;;;;;;;;;;;;;;;;;;;;;;;;;;;;;;;;;;;;;;;;;;;;;;;;;;;;;;;;;;;;;;;;;;;;;;;;;;;;;;;;;;;;;;;;;;;;;;;;;;;;;;;;;;;;;;;;;;;;
Текстильное и швейное производство;;;;;;;;;;;;;;;;;;;;;;;;;;;;;;;;;;;;;;;;;;;;;;;;;;;;;;;;;;;;;;;;;;;;;;;;;;;;;;;;;;;;;;;;;;;;;;;;;;;;;;;;;;;;;;;;;;;;;;;;;;;;;;;;;;;;;;;;;;;;;;;;;;;;;;;;;;;;;;;;;;;;;;;;;;;;;;;;;;;;;;;;;;;;;;;;;;;;;;;;;;;;;;;;;;;;;;;;;;;;;;;;;;;;;;;;;;;;;;;;;;;;;;;;;;;;;;;
"Ткани хлопчатобумажные ситцевые 
с массовой долей хлопка 
не менее 85 %14)";4,4;11,1;5,5;3,9;2,6;106,4;104,3;140,4;122,9;111,3;102,2;105,5;127,7;94,7;98,5;99,6;116,6;106,9;112,6;139,6;114,3;100,1;109,5;90,0;100,0;100,0;;;;;;;;;;;;;;;;;;;;;;;;;;;;;;;;;;;;;;;;;;;;;;;;;;;;;;;;;;;;;;;;;;;;;;;;;;;;;;;;;;;;;;;;;;;;;;;;;;;;;;;;;;;;;;;;;;;;;;;;;;;;;;;;;;;;;;;;;;;;;;;;;;;;;;;;;;;;;;;;;;;;;;;;;;;;;;;;;;;;;;;;;;;;;;;;;;;;;;;;;;;;;;;;;;;;;;;;;;;;;;;;;;;;;
"Ткани хлопчатобумажные бязевые 
с массовой долей хлопка 
не менее 85 %";;;;;;102,4;107,2;146,8;134,1;107,9;110,5;110,9;152,2;92,9;109,6;99,7;104,5;104,8;107,2;123,8;126,9;99,0;99,5;108,3;117,1;107,5;;;;;;;;;;;;;;;;;;;;;;;;;;;;;;;;;;;;;;;;;;;;;;;;;;;;;;;;;;;;;;;;;;;;;;;;;;;;;;;;;;;;;;;;;;;;;;;;;;;;;;;;;;;;;;;;;;;;;;;;;;;;;;;;;;;;;;;;;;;;;;;;;;;;;;;;;;;;;;;;;;;;;;;;;;;;;;;;;;;;;;;;;;;;;;;;;;;;;;;;;;;;;;;;;;;;;;;;;;;;;;;;;;;;;
Ткани готовые шеpстяные;7,7;6,0;6,9;2,8;3,1;122,8;108,1;145,1;168,1;109,8;103,9;102,2;110,2;114,6;98,4;104,0;109,9;101,4;93,3;108,3;124,1;113,0;100,8;108,6;127,1;105,5;;;;;;;;;;;;;;;;;;;;;;;;;;;;;;;;;;;;;;;;;;;;;;;;;;;;;;;;;;;;;;;;;;;;;;;;;;;;;;;;;;;;;;;;;;;;;;;;;;;;;;;;;;;;;;;;;;;;;;;;;;;;;;;;;;;;;;;;;;;;;;;;;;;;;;;;;;;;;;;;;;;;;;;;;;;;;;;;;;;;;;;;;;;;;;;;;;;;;;;;;;;;;;;;;;;;;;;;;;;;;;;;;;;;;
Ткани льняные готовые15);7,0;10,3;6,8;4,2;2,5;118,0;106,0;159,5;141,0;120,0;104,9;104,7;117,2;98,8;109,7;96,9;101,1;102,0;101,4;97,9;144,1;108,9;106,6;101,0;106,4;146,8;;;;;;;;;;;;;;;;;;;;;;;;;;;;;;;;;;;;;;;;;;;;;;;;;;;;;;;;;;;;;;;;;;;;;;;;;;;;;;;;;;;;;;;;;;;;;;;;;;;;;;;;;;;;;;;;;;;;;;;;;;;;;;;;;;;;;;;;;;;;;;;;;;;;;;;;;;;;;;;;;;;;;;;;;;;;;;;;;;;;;;;;;;;;;;;;;;;;;;;;;;;;;;;;;;;;;;;;;;;;;;;;;;;;;
Изделия трикотажные чулочно-носочные ;3,0;20,1;10,3;3,9;2,2;113,0;109,2;156,6;129,5;123,4;111,4;108,7;108,7;107,0;106,7;106,4;106,2;116,1;111,5;112,5;111,6;103,6;103,0;103,0;123,8;109,4;;;;;;;;;;;;;;;;;;;;;;;;;;;;;;;;;;;;;;;;;;;;;;;;;;;;;;;;;;;;;;;;;;;;;;;;;;;;;;;;;;;;;;;;;;;;;;;;;;;;;;;;;;;;;;;;;;;;;;;;;;;;;;;;;;;;;;;;;;;;;;;;;;;;;;;;;;;;;;;;;;;;;;;;;;;;;;;;;;;;;;;;;;;;;;;;;;;;;;;;;;;;;;;;;;;;;;;;;;;;;;;;;;;;;
Одежда трикотажная верхняя;;;;;;126,2;109,1;148,8;188,3;120,5;110,0;110,3;109,5;109,2;105,9;104,0;107,1;118,9;106,7;103,3;106,0;108,0;101,9;110,0;118,5;104,4;;;;;;;;;;;;;;;;;;;;;;;;;;;;;;;;;;;;;;;;;;;;;;;;;;;;;;;;;;;;;;;;;;;;;;;;;;;;;;;;;;;;;;;;;;;;;;;;;;;;;;;;;;;;;;;;;;;;;;;;;;;;;;;;;;;;;;;;;;;;;;;;;;;;;;;;;;;;;;;;;;;;;;;;;;;;;;;;;;;;;;;;;;;;;;;;;;;;;;;;;;;;;;;;;;;;;;;;;;;;;;;;;;;;;
"Пальто и полупальто женские 
или для девочек16)";;;;;;132,2;114,6;172,6;159,0;128,4;108,9;106,8;107,4;104,5;102,5;104,4;105,9;105,9;101,7;102,7;112,6;104,5;104,9;108,6;114,8;104,3;;;;;;;;;;;;;;;;;;;;;;;;;;;;;;;;;;;;;;;;;;;;;;;;;;;;;;;;;;;;;;;;;;;;;;;;;;;;;;;;;;;;;;;;;;;;;;;;;;;;;;;;;;;;;;;;;;;;;;;;;;;;;;;;;;;;;;;;;;;;;;;;;;;;;;;;;;;;;;;;;;;;;;;;;;;;;;;;;;;;;;;;;;;;;;;;;;;;;;;;;;;;;;;;;;;;;;;;;;;;;;;;;;;;;
"Костюмы мужские 
или для мальчиков17)";;;;;;137,0;110,8;124,2;156,4;127,0;109,7;107,2;113,2;109,7;110,0;106,4;105,6;121,3;107,8;102,1;109,6;108,8;103,3;107,3;115,0;107,4;;;;;;;;;;;;;;;;;;;;;;;;;;;;;;;;;;;;;;;;;;;;;;;;;;;;;;;;;;;;;;;;;;;;;;;;;;;;;;;;;;;;;;;;;;;;;;;;;;;;;;;;;;;;;;;;;;;;;;;;;;;;;;;;;;;;;;;;;;;;;;;;;;;;;;;;;;;;;;;;;;;;;;;;;;;;;;;;;;;;;;;;;;;;;;;;;;;;;;;;;;;;;;;;;;;;;;;;;;;;;;;;;;;;;
"Производство кожи, изделий из кожи 
и производство обуви";;;;;;;;;;;;;;;;;;;;;;;;;;;;;;;;;;;;;;;;;;;;;;;;;;;;;;;;;;;;;;;;;;;;;;;;;;;;;;;;;;;;;;;;;;;;;;;;;;;;;;;;;;;;;;;;;;;;;;;;;;;;;;;;;;;;;;;;;;;;;;;;;;;;;;;;;;;;;;;;;;;;;;;;;;;;;;;;;;;;;;;;;;;;;;;;;;;;;;;;;;;;;;;;;;;;;;;;;;;;;;;;;;;;;;;;;;;;;;;;;;;;;;;;;;;;;;;
Кожтоваpы жесткие;;;;;;109,5;107,2;131,7;157,8;133,5;118,0;99,4;98,7;91,7;107,2;106,3;99,1;100,5;99,4;100,4;106,5;98,7;102,2;102,5;109,3;111,2;;;;;;;;;;;;;;;;;;;;;;;;;;;;;;;;;;;;;;;;;;;;;;;;;;;;;;;;;;;;;;;;;;;;;;;;;;;;;;;;;;;;;;;;;;;;;;;;;;;;;;;;;;;;;;;;;;;;;;;;;;;;;;;;;;;;;;;;;;;;;;;;;;;;;;;;;;;;;;;;;;;;;;;;;;;;;;;;;;;;;;;;;;;;;;;;;;;;;;;;;;;;;;;;;;;;;;;;;;;;;;;;;;;;;
Кожтоваpы юфтевые;;;;;;112,5;98,6;150,4;166,3;141,8;106,9;94,6;100,0;99,4;106,4;127,9;104,2;100,3;91,3;108,3;113,6;104,2;97,9;106,9;116,1;102,2;;;;;;;;;;;;;;;;;;;;;;;;;;;;;;;;;;;;;;;;;;;;;;;;;;;;;;;;;;;;;;;;;;;;;;;;;;;;;;;;;;;;;;;;;;;;;;;;;;;;;;;;;;;;;;;;;;;;;;;;;;;;;;;;;;;;;;;;;;;;;;;;;;;;;;;;;;;;;;;;;;;;;;;;;;;;;;;;;;;;;;;;;;;;;;;;;;;;;;;;;;;;;;;;;;;;;;;;;;;;;;;;;;;;;
Кожтоваpы хpомовые;;;;;;118,5;104,5;163,5;149,6;135,7;120,2;97,5;98,4;103,4;107,3;110,0;106,4;100,9;100,0;107,5;126,9;108,0;104,2;116,9;123,7;104,7;;;;;;;;;;;;;;;;;;;;;;;;;;;;;;;;;;;;;;;;;;;;;;;;;;;;;;;;;;;;;;;;;;;;;;;;;;;;;;;;;;;;;;;;;;;;;;;;;;;;;;;;;;;;;;;;;;;;;;;;;;;;;;;;;;;;;;;;;;;;;;;;;;;;;;;;;;;;;;;;;;;;;;;;;;;;;;;;;;;;;;;;;;;;;;;;;;;;;;;;;;;;;;;;;;;;;;;;;;;;;;;;;;;;;
Обувь ;3,7;21,2;8,2;2,9;2,4;121,1;108,3;140,3;178,2;123,0;122,6;102,6;108,1;107,8;106,0;113,0;112,2;107,7;109,1;113,2;105,8;115,6;99,1;106,3;119,2;115,2;;;;;;;;;;;;;;;;;;;;;;;;;;;;;;;;;;;;;;;;;;;;;;;;;;;;;;;;;;;;;;;;;;;;;;;;;;;;;;;;;;;;;;;;;;;;;;;;;;;;;;;;;;;;;;;;;;;;;;;;;;;;;;;;;;;;;;;;;;;;;;;;;;;;;;;;;;;;;;;;;;;;;;;;;;;;;;;;;;;;;;;;;;;;;;;;;;;;;;;;;;;;;;;;;;;;;;;;;;;;;;;;;;;;;
Обработка древесины и производство изделий из дерева;;;;;;;;;;;;;;;;;;;;;;;;;;;;;;;;;;;;;;;;;;;;;;;;;;;;;;;;;;;;;;;;;;;;;;;;;;;;;;;;;;;;;;;;;;;;;;;;;;;;;;;;;;;;;;;;;;;;;;;;;;;;;;;;;;;;;;;;;;;;;;;;;;;;;;;;;;;;;;;;;;;;;;;;;;;;;;;;;;;;;;;;;;;;;;;;;;;;;;;;;;;;;;;;;;;;;;;;;;;;;;;;;;;;;;;;;;;;;;;;;;;;;;;;;;;;;;;
"Пиломатериалы обычные, 
не включенные в другие группировки, прочие ";3,7;23,4;12,5;3,7;2,8;123,6;114,9;115,6;167,4;121,3;120,1;112,3;109,8;111,0;109,2;110,8;126,0;104,8;99,2;108,8;107,3;99,2;110,0;109,1;103,5;105,6;;;;;;;;;;;;;;;;;;;;;;;;;;;;;;;;;;;;;;;;;;;;;;;;;;;;;;;;;;;;;;;;;;;;;;;;;;;;;;;;;;;;;;;;;;;;;;;;;;;;;;;;;;;;;;;;;;;;;;;;;;;;;;;;;;;;;;;;;;;;;;;;;;;;;;;;;;;;;;;;;;;;;;;;;;;;;;;;;;;;;;;;;;;;;;;;;;;;;;;;;;;;;;;;;;;;;;;;;;;;;;;;;;;;;
"Фанера клееная, состоящая только 
из листов древесины";2,7;18,0;13,5;3,8;2,8;123,5;111,7;150,2;143,1;120,1;113,3;110,0;104,5;114,3;110,2;100,9;144,4;87,2;90,7;124,2;105,0;100,2;104,3;112,1;106,5;115,5;;;;;;;;;;;;;;;;;;;;;;;;;;;;;;;;;;;;;;;;;;;;;;;;;;;;;;;;;;;;;;;;;;;;;;;;;;;;;;;;;;;;;;;;;;;;;;;;;;;;;;;;;;;;;;;;;;;;;;;;;;;;;;;;;;;;;;;;;;;;;;;;;;;;;;;;;;;;;;;;;;;;;;;;;;;;;;;;;;;;;;;;;;;;;;;;;;;;;;;;;;;;;;;;;;;;;;;;;;;;;;;;;;;;;
"Плиты древесно-стружечные 
и аналогичные плиты из древесины 
и других одревесневших материалов";2,8;18,6;13,0;2,9;2,6;131,0;107,1;112,4;122,8;173,8;127,5;106,5;114,9;110,9;111,8;108,0;108,8;110,0;91,6;106,4;114,3;106,1;98,0;98,7;99,8;100,8;;;;;;;;;;;;;;;;;;;;;;;;;;;;;;;;;;;;;;;;;;;;;;;;;;;;;;;;;;;;;;;;;;;;;;;;;;;;;;;;;;;;;;;;;;;;;;;;;;;;;;;;;;;;;;;;;;;;;;;;;;;;;;;;;;;;;;;;;;;;;;;;;;;;;;;;;;;;;;;;;;;;;;;;;;;;;;;;;;;;;;;;;;;;;;;;;;;;;;;;;;;;;;;;;;;;;;;;;;;;;;;;;;;;;
"Плиты древесно-волокнистые 
из древесины или других 
одревесневших материалов";3,3;20,3;9,5;3,4;2,8;121,1;107,5;112,4;154,6;122,4;113,0;111,2;121,4;120,5;113,5;108,7;126,6;117,5;81,2;112,8;104,2;96,3;115,4;95,6;96,0;106,9;;;;;;;;;;;;;;;;;;;;;;;;;;;;;;;;;;;;;;;;;;;;;;;;;;;;;;;;;;;;;;;;;;;;;;;;;;;;;;;;;;;;;;;;;;;;;;;;;;;;;;;;;;;;;;;;;;;;;;;;;;;;;;;;;;;;;;;;;;;;;;;;;;;;;;;;;;;;;;;;;;;;;;;;;;;;;;;;;;;;;;;;;;;;;;;;;;;;;;;;;;;;;;;;;;;;;;;;;;;;;;;;;;;;;
"Целлюлозно-бумажное производство; издательская и полиграфическая деятельность";;;;;;;;;;;;;;;;;;;;;;;;;;;;;;;;;;;;;;;;;;;;;;;;;;;;;;;;;;;;;;;;;;;;;;;;;;;;;;;;;;;;;;;;;;;;;;;;;;;;;;;;;;;;;;;;;;;;;;;;;;;;;;;;;;;;;;;;;;;;;;;;;;;;;;;;;;;;;;;;;;;;;;;;;;;;;;;;;;;;;;;;;;;;;;;;;;;;;;;;;;;;;;;;;;;;;;;;;;;;;;;;;;;;;;;;;;;;;;;;;;;;;;;;;;;;;;;
Целлюлоза (товарная);6,8;12,1;7,5;6,4;1,9;80,0;109,8;183,6;192,0;119,6;77,6;112,6;101,5;107,0;107,1;115,9;111,5;95,7;117,4;127,9;88,2;96,7;106,7;112,9;130,9;106,8;;;;;;;;;;;;;;;;;;;;;;;;;;;;;;;;;;;;;;;;;;;;;;;;;;;;;;;;;;;;;;;;;;;;;;;;;;;;;;;;;;;;;;;;;;;;;;;;;;;;;;;;;;;;;;;;;;;;;;;;;;;;;;;;;;;;;;;;;;;;;;;;;;;;;;;;;;;;;;;;;;;;;;;;;;;;;;;;;;;;;;;;;;;;;;;;;;;;;;;;;;;;;;;;;;;;;;;;;;;;;;;;;;;;;
"Бумага газетная в рулонах 
или листах18)";4,1;15,3;10,3;4,3;3,0;79,4;102,0;197,0;180,3;140,4;101,6;94,5;101,3;107,8;115,8;115,1;108,1;106,1;90,1;104,9;111,8;101,2;99,8;101,2;116,6;114,5;;;;;;;;;;;;;;;;;;;;;;;;;;;;;;;;;;;;;;;;;;;;;;;;;;;;;;;;;;;;;;;;;;;;;;;;;;;;;;;;;;;;;;;;;;;;;;;;;;;;;;;;;;;;;;;;;;;;;;;;;;;;;;;;;;;;;;;;;;;;;;;;;;;;;;;;;;;;;;;;;;;;;;;;;;;;;;;;;;;;;;;;;;;;;;;;;;;;;;;;;;;;;;;;;;;;;;;;;;;;;;;;;;;;;
Бумага офсетная для печати;;;;;;;;;;108,8;102,7;110,1;109,8;112,1;103,3;107,8;107,0;106,9;103,2;116,1;100,4;99,9;100,7;104,0;132,7;112,4;;;;;;;;;;;;;;;;;;;;;;;;;;;;;;;;;;;;;;;;;;;;;;;;;;;;;;;;;;;;;;;;;;;;;;;;;;;;;;;;;;;;;;;;;;;;;;;;;;;;;;;;;;;;;;;;;;;;;;;;;;;;;;;;;;;;;;;;;;;;;;;;;;;;;;;;;;;;;;;;;;;;;;;;;;;;;;;;;;;;;;;;;;;;;;;;;;;;;;;;;;;;;;;;;;;;;;;;;;;;;;;;;;;;;
Картон тарный (крафт-лайнер) немелованный19);4,7;13,8;8,4;5,4;2,6;86,6;99,6;134,6;209,8;122,4;89,5;120,2;99,9;122,1;96,0;114,4;108,2;101,9;97,9;140,6;104,3;103,8;97,9;104,0;141,9;104,7;;;;;;;;;;;;;;;;;;;;;;;;;;;;;;;;;;;;;;;;;;;;;;;;;;;;;;;;;;;;;;;;;;;;;;;;;;;;;;;;;;;;;;;;;;;;;;;;;;;;;;;;;;;;;;;;;;;;;;;;;;;;;;;;;;;;;;;;;;;;;;;;;;;;;;;;;;;;;;;;;;;;;;;;;;;;;;;;;;;;;;;;;;;;;;;;;;;;;;;;;;;;;;;;;;;;;;;;;;;;;;;;;;;;;
Производство кокса и нефтепродуктов;;;;;;;;;;;;;;;;;;;;;;;;;;;;;;;;;;;;;;;;;;;;;;;;;;;;;;;;;;;;;;;;;;;;;;;;;;;;;;;;;;;;;;;;;;;;;;;;;;;;;;;;;;;;;;;;;;;;;;;;;;;;;;;;;;;;;;;;;;;;;;;;;;;;;;;;;;;;;;;;;;;;;;;;;;;;;;;;;;;;;;;;;;;;;;;;;;;;;;;;;;;;;;;;;;;;;;;;;;;;;;;;;;;;;;;;;;;;;;;;;;;;;;;;;;;;;;;
Кокс металлургический из каменного угля, полученный путем карбонизации при высокой температуре;;60,6;8,4;3,4;2,4;104,9;97,8;128,2;149,7;126,2;108,9;101,7;136,8;260,1;63,6;93,7;182,5;89,3;107,3;154,9;102,2;77,2;82,5;112,7;133,8;156,0;;;;;;;;;;;;;;;;;;;;;;;;;;;;;;;;;;;;;;;;;;;;;;;;;;;;;;;;;;;;;;;;;;;;;;;;;;;;;;;;;;;;;;;;;;;;;;;;;;;;;;;;;;;;;;;;;;;;;;;;;;;;;;;;;;;;;;;;;;;;;;;;;;;;;;;;;;;;;;;;;;;;;;;;;;;;;;;;;;;;;;;;;;;;;;;;;;;;;;;;;;;;;;;;;;;;;;;;;;;;;;;;;;;;;
Бензины автомобильные;2,2;144,9;5,6;2,8;3,0;123,1;115,6;124,0;401,5;119,6;80,9;113,1;116,7;133,6;102,3;115,2;126,2;61,7;137,6;122,0;109,8;103,5;107,4;105,3;106,6;105,6;;;;;;;;;;;;;;;;;;;;;;;;;;;;;;;;;;;;;;;;;;;;;;;;;;;;;;;;;;;;;;;;;;;;;;;;;;;;;;;;;;;;;;;;;;;;;;;;;;;;;;;;;;;;;;;;;;;;;;;;;;;;;;;;;;;;;;;;;;;;;;;;;;;;;;;;;;;;;;;;;;;;;;;;;;;;;;;;;;;;;;;;;;;;;;;;;;;;;;;;;;;;;;;;;;;;;;;;;;;;;;;;;;;;;
Топливо дизельное;2,4;152,3;6,0;2,5;2,9;140,9;121,0;107,6;322,5;154,0;93,1;104,3;127,0;159,9;118,1;96,6;130,6;65,6;112,9;132,6;128,0;107,9;102,4;100,7;107,8;100,2;;;;;;;;;;;;;;;;;;;;;;;;;;;;;;;;;;;;;;;;;;;;;;;;;;;;;;;;;;;;;;;;;;;;;;;;;;;;;;;;;;;;;;;;;;;;;;;;;;;;;;;;;;;;;;;;;;;;;;;;;;;;;;;;;;;;;;;;;;;;;;;;;;;;;;;;;;;;;;;;;;;;;;;;;;;;;;;;;;;;;;;;;;;;;;;;;;;;;;;;;;;;;;;;;;;;;;;;;;;;;;;;;;;;;
Мазут топочный;2,4;130,9;3,6;3,9;2,8;146,7;116,0;106,2;257,2;187,5;64,0;155,5;97,9;94,8;207,6;101,3;162,9;52,1;156,0;103,4;112,4;95,8;98,5;89,1;64,8;166,9;;;;;;;;;;;;;;;;;;;;;;;;;;;;;;;;;;;;;;;;;;;;;;;;;;;;;;;;;;;;;;;;;;;;;;;;;;;;;;;;;;;;;;;;;;;;;;;;;;;;;;;;;;;;;;;;;;;;;;;;;;;;;;;;;;;;;;;;;;;;;;;;;;;;;;;;;;;;;;;;;;;;;;;;;;;;;;;;;;;;;;;;;;;;;;;;;;;;;;;;;;;;;;;;;;;;;;;;;;;;;;;;;;;;;
Масла смазочные всех видов;3,3;111,7;4,6;3,3;2,9;125,1;109,2;99,0;201,2;123,0;112,4;104,9;123,2;126,8;144,5;118,7;95,5;93,1;93,5;134,2;116,9;93,9;99,3;105,0;117,2;112,6;;;;;;;;;;;;;;;;;;;;;;;;;;;;;;;;;;;;;;;;;;;;;;;;;;;;;;;;;;;;;;;;;;;;;;;;;;;;;;;;;;;;;;;;;;;;;;;;;;;;;;;;;;;;;;;;;;;;;;;;;;;;;;;;;;;;;;;;;;;;;;;;;;;;;;;;;;;;;;;;;;;;;;;;;;;;;;;;;;;;;;;;;;;;;;;;;;;;;;;;;;;;;;;;;;;;;;;;;;;;;;;;;;;;;
Битумы нефтяные дорожные жидкие;3,0;120,3;4,5;3,1;3,0;135,3;112,9;98,1;240,3;175,7;87,5;114,0;100,8;89,5;188,5;110,0;145,2;83,7;112,1;105,4;124,5;96,7;104,5;108,1;79,4;121,7;;;;;;;;;;;;;;;;;;;;;;;;;;;;;;;;;;;;;;;;;;;;;;;;;;;;;;;;;;;;;;;;;;;;;;;;;;;;;;;;;;;;;;;;;;;;;;;;;;;;;;;;;;;;;;;;;;;;;;;;;;;;;;;;;;;;;;;;;;;;;;;;;;;;;;;;;;;;;;;;;;;;;;;;;;;;;;;;;;;;;;;;;;;;;;;;;;;;;;;;;;;;;;;;;;;;;;;;;;;;;;;;;;;;;
Химическое производство;;;;;;;;;;;;;;;;;;;;;;;;;;;;;;;;;;;;;;;;;;;;;;;;;;;;;;;;;;;;;;;;;;;;;;;;;;;;;;;;;;;;;;;;;;;;;;;;;;;;;;;;;;;;;;;;;;;;;;;;;;;;;;;;;;;;;;;;;;;;;;;;;;;;;;;;;;;;;;;;;;;;;;;;;;;;;;;;;;;;;;;;;;;;;;;;;;;;;;;;;;;;;;;;;;;;;;;;;;;;;;;;;;;;;;;;;;;;;;;;;;;;;;;;;;;;;;;
Карбонат динатрия (карбонат натрия, сода кальцинированная);2,4;47,4;4,9;3,6;2,2;124,2;105,2;95,9;157,6;155,6;110,2;107,0;112,7;143,2;122,1;111,0;113,3;146,2;102,6;110,4;105,8;104,0;105,2;86,8;128,5;115,5;;;;;;;;;;;;;;;;;;;;;;;;;;;;;;;;;;;;;;;;;;;;;;;;;;;;;;;;;;;;;;;;;;;;;;;;;;;;;;;;;;;;;;;;;;;;;;;;;;;;;;;;;;;;;;;;;;;;;;;;;;;;;;;;;;;;;;;;;;;;;;;;;;;;;;;;;;;;;;;;;;;;;;;;;;;;;;;;;;;;;;;;;;;;;;;;;;;;;;;;;;;;;;;;;;;;;;;;;;;;;;;;;;;;;
Этилен;;;;;;123,6;105,2;107,6;348,1;141,3;93,4;110,4;112,6;124,6;104,4;103,3;117,0;80,2;98,8;122,2;114,9;105,1;102,8;87,0;113,7;111,2;;;;;;;;;;;;;;;;;;;;;;;;;;;;;;;;;;;;;;;;;;;;;;;;;;;;;;;;;;;;;;;;;;;;;;;;;;;;;;;;;;;;;;;;;;;;;;;;;;;;;;;;;;;;;;;;;;;;;;;;;;;;;;;;;;;;;;;;;;;;;;;;;;;;;;;;;;;;;;;;;;;;;;;;;;;;;;;;;;;;;;;;;;;;;;;;;;;;;;;;;;;;;;;;;;;;;;;;;;;;;;;;;;;;;
Удобpения и  соединения азотные20);1,6;40,5;11,9;4,6;2,9;123,4;101,0;119,9;118,7;129,4;126,2;114,4;112,5;131,8;112,0;109,9;132,3;102,3;76,5;144,0;127,4;109,1;79,0;165,7;117,1;72,5;;;;;;;;;;;;;;;;;;;;;;;;;;;;;;;;;;;;;;;;;;;;;;;;;;;;;;;;;;;;;;;;;;;;;;;;;;;;;;;;;;;;;;;;;;;;;;;;;;;;;;;;;;;;;;;;;;;;;;;;;;;;;;;;;;;;;;;;;;;;;;;;;;;;;;;;;;;;;;;;;;;;;;;;;;;;;;;;;;;;;;;;;;;;;;;;;;;;;;;;;;;;;;;;;;;;;;;;;;;;;;;;;;;;;
удобрения азотные минеральные или химические;1,6;41,1;9,8;4,1;3,3;119,3;95,7;108,6;117,1;143,0;122,7;119,4;117,6;142,6;110,6;107,3;130,2;95,1;105,8;149,7;124,7;111,3;87,4;162,0;100,7;80,5;;;;;;;;;;;;;;;;;;;;;;;;;;;;;;;;;;;;;;;;;;;;;;;;;;;;;;;;;;;;;;;;;;;;;;;;;;;;;;;;;;;;;;;;;;;;;;;;;;;;;;;;;;;;;;;;;;;;;;;;;;;;;;;;;;;;;;;;;;;;;;;;;;;;;;;;;;;;;;;;;;;;;;;;;;;;;;;;;;;;;;;;;;;;;;;;;;;;;;;;;;;;;;;;;;;;;;;;;;;;;;;;;;;;;
удобрения фосфорные минеральные или химические;1,2;43,1;13,2;3,4;2,9;159,1;104,4;148,6;125,1;113,8;124,4;107,1;100,5;98,7;104,1;118,8;124,9;138,7;84,5;102,6;122,3;100,0;94,3;107,0;100,0;…;;;;;;;;;;;;;;;;;;;;;;;;;;;;;;;;;;;;;;;;;;;;;;;;;;;;;;;;;;;;;;;;;;;;;;;;;;;;;;;;;;;;;;;;;;;;;;;;;;;;;;;;;;;;;;;;;;;;;;;;;;;;;;;;;;;;;;;;;;;;;;;;;;;;;;;;;;;;;;;;;;;;;;;;;;;;;;;;;;;;;;;;;;;;;;;;;;;;;;;;;;;;;;;;;;;;;;;;;;;;;;;;;;;;;
удобрения калийные минеральные или химические;;19,4;16,6;6,2;2,3;142,3;108,1;106,3;146,4;139,2;118,2;109,1;102,9;139,4;106,5;110,9;136,2;134,6;63,3;103,0;142,9;123,0;66,3;151,4;140,1;65,2;;;;;;;;;;;;;;;;;;;;;;;;;;;;;;;;;;;;;;;;;;;;;;;;;;;;;;;;;;;;;;;;;;;;;;;;;;;;;;;;;;;;;;;;;;;;;;;;;;;;;;;;;;;;;;;;;;;;;;;;;;;;;;;;;;;;;;;;;;;;;;;;;;;;;;;;;;;;;;;;;;;;;;;;;;;;;;;;;;;;;;;;;;;;;;;;;;;;;;;;;;;;;;;;;;;;;;;;;;;;;;;;;;;;;
удобрения, не включенные в другие группировки;;;;;;109,6;114,0;165,9;108,9;112,4;136,7;107,9;101,0;114,2;117,4;116,4;137,3;112,9;75,5;169,6;117,8;107,2;79,4;182,6;121,1;69,5;;;;;;;;;;;;;;;;;;;;;;;;;;;;;;;;;;;;;;;;;;;;;;;;;;;;;;;;;;;;;;;;;;;;;;;;;;;;;;;;;;;;;;;;;;;;;;;;;;;;;;;;;;;;;;;;;;;;;;;;;;;;;;;;;;;;;;;;;;;;;;;;;;;;;;;;;;;;;;;;;;;;;;;;;;;;;;;;;;;;;;;;;;;;;;;;;;;;;;;;;;;;;;;;;;;;;;;;;;;;;;;;;;;;;
Полимеры этилена в первичных формах;;;;;;105,3;112,0;128,6;271,0;127,0;91,5;97,7;122,5;126,3;102,7;129,8;93,1;68,2;150,5;128,0;103,0;112,2;95,5;118,0;131,5;93,1;;;;;;;;;;;;;;;;;;;;;;;;;;;;;;;;;;;;;;;;;;;;;;;;;;;;;;;;;;;;;;;;;;;;;;;;;;;;;;;;;;;;;;;;;;;;;;;;;;;;;;;;;;;;;;;;;;;;;;;;;;;;;;;;;;;;;;;;;;;;;;;;;;;;;;;;;;;;;;;;;;;;;;;;;;;;;;;;;;;;;;;;;;;;;;;;;;;;;;;;;;;;;;;;;;;;;;;;;;;;;;;;;;;;;
Каучуки синтетические;2,1;76,1;6,9;3,4;2,6;127,3;106,3;111,9;151,2;143,7;98,8;111,9;105,8;126,2;119,4;109,8;116,3;90,5;108,0;143,6;126,0;67,2;83,6;121,6;104,8;97,4;;;;;;;;;;;;;;;;;;;;;;;;;;;;;;;;;;;;;;;;;;;;;;;;;;;;;;;;;;;;;;;;;;;;;;;;;;;;;;;;;;;;;;;;;;;;;;;;;;;;;;;;;;;;;;;;;;;;;;;;;;;;;;;;;;;;;;;;;;;;;;;;;;;;;;;;;;;;;;;;;;;;;;;;;;;;;;;;;;;;;;;;;;;;;;;;;;;;;;;;;;;;;;;;;;;;;;;;;;;;;;;;;;;;;
Средства защиты растений химические (пестициды);;28,1;10,2;4,2;2,6;112,1;119,1;181,8;137,2;136,5;110,3;89,0;104,8;104,0;96,2;85,8;97,3;116,2;124,1;106,4;102,9;115,5;109,4;108,9;113,7;103,5;;;;;;;;;;;;;;;;;;;;;;;;;;;;;;;;;;;;;;;;;;;;;;;;;;;;;;;;;;;;;;;;;;;;;;;;;;;;;;;;;;;;;;;;;;;;;;;;;;;;;;;;;;;;;;;;;;;;;;;;;;;;;;;;;;;;;;;;;;;;;;;;;;;;;;;;;;;;;;;;;;;;;;;;;;;;;;;;;;;;;;;;;;;;;;;;;;;;;;;;;;;;;;;;;;;;;;;;;;;;;;;;;;;;;
Краски масляные жидкотертые;;;;;;;;;;110,2;103,9;102,5;111,1;104,8;107,6;102,8;105,2;115,7;106,9;107,6;106,7;103,4;104,1;109,2;112,5;108,7;;;;;;;;;;;;;;;;;;;;;;;;;;;;;;;;;;;;;;;;;;;;;;;;;;;;;;;;;;;;;;;;;;;;;;;;;;;;;;;;;;;;;;;;;;;;;;;;;;;;;;;;;;;;;;;;;;;;;;;;;;;;;;;;;;;;;;;;;;;;;;;;;;;;;;;;;;;;;;;;;;;;;;;;;;;;;;;;;;;;;;;;;;;;;;;;;;;;;;;;;;;;;;;;;;;;;;;;;;;;;;;;;;;;;
Средства лекарственные;;;;;;;;;;120,5;101,2;100,6;114,9;98,4;117,1;104,4;147,5;110,5;124,4;102,7;98,0;104,7;103,4;106,2;118,5;103,7;;;;;;;;;;;;;;;;;;;;;;;;;;;;;;;;;;;;;;;;;;;;;;;;;;;;;;;;;;;;;;;;;;;;;;;;;;;;;;;;;;;;;;;;;;;;;;;;;;;;;;;;;;;;;;;;;;;;;;;;;;;;;;;;;;;;;;;;;;;;;;;;;;;;;;;;;;;;;;;;;;;;;;;;;;;;;;;;;;;;;;;;;;;;;;;;;;;;;;;;;;;;;;;;;;;;;;;;;;;;;;;;;;;;;
Сpедства моющие21);;35,7;8,1;4,5;2,3;117,2;110,5;159,2;135,5;105,1;105,3;106,4;111,2;108,3;112,9;105,0;105,6;125,5;106,2;103,5;106,1;103,6;103,0;103,0;127,4;100,8;;;;;;;;;;;;;;;;;;;;;;;;;;;;;;;;;;;;;;;;;;;;;;;;;;;;;;;;;;;;;;;;;;;;;;;;;;;;;;;;;;;;;;;;;;;;;;;;;;;;;;;;;;;;;;;;;;;;;;;;;;;;;;;;;;;;;;;;;;;;;;;;;;;;;;;;;;;;;;;;;;;;;;;;;;;;;;;;;;;;;;;;;;;;;;;;;;;;;;;;;;;;;;;;;;;;;;;;;;;;;;;;;;;;;
Волокна синтетические;2,2;40,8;8,7;3,3;2,7;115,0;105,1;118,5;166,6;115,9;94,5;108,6;104,6;144,4;100,0;105,9;109,4;114,3;105,3;117,6;123,0;103,9;102,4;113,1;114,4;108,6;;;;;;;;;;;;;;;;;;;;;;;;;;;;;;;;;;;;;;;;;;;;;;;;;;;;;;;;;;;;;;;;;;;;;;;;;;;;;;;;;;;;;;;;;;;;;;;;;;;;;;;;;;;;;;;;;;;;;;;;;;;;;;;;;;;;;;;;;;;;;;;;;;;;;;;;;;;;;;;;;;;;;;;;;;;;;;;;;;;;;;;;;;;;;;;;;;;;;;;;;;;;;;;;;;;;;;;;;;;;;;;;;;;;;
Волокна и нити искусственные;4,0;41,0;8,4;3,3;2,7;91,3;109,6;115,5;192,5;125,5;106,5;104,9;99,8;114,1;113,3;105,9;116,5;104,6;…;…;…;…;…;…;118,5;93,9;;;;;;;;;;;;;;;;;;;;;;;;;;;;;;;;;;;;;;;;;;;;;;;;;;;;;;;;;;;;;;;;;;;;;;;;;;;;;;;;;;;;;;;;;;;;;;;;;;;;;;;;;;;;;;;;;;;;;;;;;;;;;;;;;;;;;;;;;;;;;;;;;;;;;;;;;;;;;;;;;;;;;;;;;;;;;;;;;;;;;;;;;;;;;;;;;;;;;;;;;;;;;;;;;;;;;;;;;;;;;;;;;;;;;
"Производство резиновых 
и пластмассовых изделий";;;;;;;;;;;;;;;;;;;;;;;;;;;;;;;;;;;;;;;;;;;;;;;;;;;;;;;;;;;;;;;;;;;;;;;;;;;;;;;;;;;;;;;;;;;;;;;;;;;;;;;;;;;;;;;;;;;;;;;;;;;;;;;;;;;;;;;;;;;;;;;;;;;;;;;;;;;;;;;;;;;;;;;;;;;;;;;;;;;;;;;;;;;;;;;;;;;;;;;;;;;;;;;;;;;;;;;;;;;;;;;;;;;;;;;;;;;;;;;;;;;;;;;;;;;;;;;
"Шины, покрышки пневматические 
для легковых автомобилей новые";3,6;39,6;5,4;4,0;2,9;118,9;108,9;113,8;193,7;125,1;95,5;100,8;104,9;103,8;112,9;108,8;117,7;104,3;105,8;121,0;112,0;97,4;92,5;107,7;134,5;103,3;;;;;;;;;;;;;;;;;;;;;;;;;;;;;;;;;;;;;;;;;;;;;;;;;;;;;;;;;;;;;;;;;;;;;;;;;;;;;;;;;;;;;;;;;;;;;;;;;;;;;;;;;;;;;;;;;;;;;;;;;;;;;;;;;;;;;;;;;;;;;;;;;;;;;;;;;;;;;;;;;;;;;;;;;;;;;;;;;;;;;;;;;;;;;;;;;;;;;;;;;;;;;;;;;;;;;;;;;;;;;;;;;;;;;
"Шины, покрышки для грузовых автомобилей, автобусов 
и троллейбусов";2,3;57,7;5,6;4,3;3,0;107,7;112,6;122,7;161,4;123,9;92,6;102,5;116,8;106,0;132,5;111,1;109,6;109,7;105,6;129,1;116,6;97,4;98,8;88,7;119,8;94,4;;;;;;;;;;;;;;;;;;;;;;;;;;;;;;;;;;;;;;;;;;;;;;;;;;;;;;;;;;;;;;;;;;;;;;;;;;;;;;;;;;;;;;;;;;;;;;;;;;;;;;;;;;;;;;;;;;;;;;;;;;;;;;;;;;;;;;;;;;;;;;;;;;;;;;;;;;;;;;;;;;;;;;;;;;;;;;;;;;;;;;;;;;;;;;;;;;;;;;;;;;;;;;;;;;;;;;;;;;;;;;;;;;;;;
"Шины, покрышки 
для сельскохозяйственных машин (кроме мини-тракторов 
и мотокультиваторов) и машин, используемых 
в лесном хозяйстве";2,3;63,0;8,0;4,1;3,0;113,2;109,1;124,8;203,6;118,6;96,8;100,9;106,7;108,6;126,1;114,4;109,0;105,4;100,3;118,7;142,4;90,1;107,7;98,2;112,5;118,9;;;;;;;;;;;;;;;;;;;;;;;;;;;;;;;;;;;;;;;;;;;;;;;;;;;;;;;;;;;;;;;;;;;;;;;;;;;;;;;;;;;;;;;;;;;;;;;;;;;;;;;;;;;;;;;;;;;;;;;;;;;;;;;;;;;;;;;;;;;;;;;;;;;;;;;;;;;;;;;;;;;;;;;;;;;;;;;;;;;;;;;;;;;;;;;;;;;;;;;;;;;;;;;;;;;;;;;;;;;;;;;;;;;;;
Производство прочих неметаллических минеральных продуктов;;;;;;;;;;;;;;;;;;;;;;;;;;;;;;;;;;;;;;;;;;;;;;;;;;;;;;;;;;;;;;;;;;;;;;;;;;;;;;;;;;;;;;;;;;;;;;;;;;;;;;;;;;;;;;;;;;;;;;;;;;;;;;;;;;;;;;;;;;;;;;;;;;;;;;;;;;;;;;;;;;;;;;;;;;;;;;;;;;;;;;;;;;;;;;;;;;;;;;;;;;;;;;;;;;;;;;;;;;;;;;;;;;;;;;;;;;;;;;;;;;;;;;;;;;;;;;;
Стекло листовое22);;;;;;117,8;102,1;111,9;146,1;144,0;115,2;104,3;142,6;102,5;91,2;138,8;95,5;96,7;83,5;129,8;91,1;103,1;66,4;122,4;126,6;139,7;;;;;;;;;;;;;;;;;;;;;;;;;;;;;;;;;;;;;;;;;;;;;;;;;;;;;;;;;;;;;;;;;;;;;;;;;;;;;;;;;;;;;;;;;;;;;;;;;;;;;;;;;;;;;;;;;;;;;;;;;;;;;;;;;;;;;;;;;;;;;;;;;;;;;;;;;;;;;;;;;;;;;;;;;;;;;;;;;;;;;;;;;;;;;;;;;;;;;;;;;;;;;;;;;;;;;;;;;;;;;;;;;;;;;
Плитки керамические глазурованные для внутренней облицовки стен;;;;;;139,5;109,3;127,4;148,1;123,0;107,3;111,8;110,6;107,3;109,1;118,6;95,8;113,6;107,3;98,9;110,4;107,3;103,3;95,2;114,0;108,4;;;;;;;;;;;;;;;;;;;;;;;;;;;;;;;;;;;;;;;;;;;;;;;;;;;;;;;;;;;;;;;;;;;;;;;;;;;;;;;;;;;;;;;;;;;;;;;;;;;;;;;;;;;;;;;;;;;;;;;;;;;;;;;;;;;;;;;;;;;;;;;;;;;;;;;;;;;;;;;;;;;;;;;;;;;;;;;;;;;;;;;;;;;;;;;;;;;;;;;;;;;;;;;;;;;;;;;;;;;;;;;;;;;;;
Плитки керамические для полов;;;;;;126,6;112,9;308,2;124,9;124,2;110,3;105,0;110,7;103,7;101,2;104,1;103,5;114,5;100,5;100,7;105,9;95,0;101,2;97,3;111,1;110,0;;;;;;;;;;;;;;;;;;;;;;;;;;;;;;;;;;;;;;;;;;;;;;;;;;;;;;;;;;;;;;;;;;;;;;;;;;;;;;;;;;;;;;;;;;;;;;;;;;;;;;;;;;;;;;;;;;;;;;;;;;;;;;;;;;;;;;;;;;;;;;;;;;;;;;;;;;;;;;;;;;;;;;;;;;;;;;;;;;;;;;;;;;;;;;;;;;;;;;;;;;;;;;;;;;;;;;;;;;;;;;;;;;;;;
Киpпич керамический неогнеупорный строительный23);2,9;25,5;11,6;3,2;2,6;127,8;108,5;114,5;135,6;145,6;125,9;121,8;120,5;114,5;115,4;128,2;132,2;120,4;83,8;103,1;113,4;117,5;105,5;104,8;92,8;97,5;;;;;;;;;;;;;;;;;;;;;;;;;;;;;;;;;;;;;;;;;;;;;;;;;;;;;;;;;;;;;;;;;;;;;;;;;;;;;;;;;;;;;;;;;;;;;;;;;;;;;;;;;;;;;;;;;;;;;;;;;;;;;;;;;;;;;;;;;;;;;;;;;;;;;;;;;;;;;;;;;;;;;;;;;;;;;;;;;;;;;;;;;;;;;;;;;;;;;;;;;;;;;;;;;;;;;;;;;;;;;;;;;;;;;
Цемент;2,9;29,0;11,1;3,5;2,9;137,0;107,9;106,0;132,8;149,6;124,5;121,4;127,4;114,4;118,0;126,2;165,5;78,6;82,4;104,9;129,4;102,3;97,3;99,1;103,4;113,7;;;;;;;;;;;;;;;;;;;;;;;;;;;;;;;;;;;;;;;;;;;;;;;;;;;;;;;;;;;;;;;;;;;;;;;;;;;;;;;;;;;;;;;;;;;;;;;;;;;;;;;;;;;;;;;;;;;;;;;;;;;;;;;;;;;;;;;;;;;;;;;;;;;;;;;;;;;;;;;;;;;;;;;;;;;;;;;;;;;;;;;;;;;;;;;;;;;;;;;;;;;;;;;;;;;;;;;;;;;;;;;;;;;;;
Известь технологическая;;;;;;151,9;111,4;99,8;126,1;121,9;107,5;115,2;111,2;157,2;103,6;107,4;128,8;120,8;102,4;118,9;135,7;108,1;114,2;109,1;99,3;96,6;;;;;;;;;;;;;;;;;;;;;;;;;;;;;;;;;;;;;;;;;;;;;;;;;;;;;;;;;;;;;;;;;;;;;;;;;;;;;;;;;;;;;;;;;;;;;;;;;;;;;;;;;;;;;;;;;;;;;;;;;;;;;;;;;;;;;;;;;;;;;;;;;;;;;;;;;;;;;;;;;;;;;;;;;;;;;;;;;;;;;;;;;;;;;;;;;;;;;;;;;;;;;;;;;;;;;;;;;;;;;;;;;;;;;
Блоки стеновые мелкие из ячеистого бетона;;;;;;;;;;;;;;108,3;123,1;114,3;146,0;98,6;92,3;100,4;107,7;104,2;100,8;103,7;97,7;97,8;;;;;;;;;;;;;;;;;;;;;;;;;;;;;;;;;;;;;;;;;;;;;;;;;;;;;;;;;;;;;;;;;;;;;;;;;;;;;;;;;;;;;;;;;;;;;;;;;;;;;;;;;;;;;;;;;;;;;;;;;;;;;;;;;;;;;;;;;;;;;;;;;;;;;;;;;;;;;;;;;;;;;;;;;;;;;;;;;;;;;;;;;;;;;;;;;;;;;;;;;;;;;;;;;;;;;;;;;;;;;;;;;;;;;
Конструкции и изделия сборные железобетонные;3,7;26,6;12,1;2,9;2,7;135,8;107,6;111,3;125,4;133,3;116,8;117,7;119,0;115,3;118,5;118,0;121,5;116,7;93,1;101,9;113,2;105,0;103,9;101,5;105,1;104,8;;;;;;;;;;;;;;;;;;;;;;;;;;;;;;;;;;;;;;;;;;;;;;;;;;;;;;;;;;;;;;;;;;;;;;;;;;;;;;;;;;;;;;;;;;;;;;;;;;;;;;;;;;;;;;;;;;;;;;;;;;;;;;;;;;;;;;;;;;;;;;;;;;;;;;;;;;;;;;;;;;;;;;;;;;;;;;;;;;;;;;;;;;;;;;;;;;;;;;;;;;;;;;;;;;;;;;;;;;;;;;;;;;;;;
"Материалы кровельные 
и гидроизоляционные рулонные 
из асфальта или аналогичных материалов (нефтяного битума, каменноугольного пека и т.д.)24)";5,2;29,0;8,4;3,8;3,3;114,6;107,0;104,4;176,2;146,2;107,0;98,8;109,2;102,1;113,3;117,7;108,5;124,1;104,0;102,8;101,1;104,9;95,4;103,1;105,2;101,1;;;;;;;;;;;;;;;;;;;;;;;;;;;;;;;;;;;;;;;;;;;;;;;;;;;;;;;;;;;;;;;;;;;;;;;;;;;;;;;;;;;;;;;;;;;;;;;;;;;;;;;;;;;;;;;;;;;;;;;;;;;;;;;;;;;;;;;;;;;;;;;;;;;;;;;;;;;;;;;;;;;;;;;;;;;;;;;;;;;;;;;;;;;;;;;;;;;;;;;;;;;;;;;;;;;;;;;;;;;;;;;;;;;;;
"Металлургическое производство 
и производство готовых металлических изделий";;;;;;;;;;;;;;;;;;;;;;;;;;;;;;;;;;;;;;;;;;;;;;;;;;;;;;;;;;;;;;;;;;;;;;;;;;;;;;;;;;;;;;;;;;;;;;;;;;;;;;;;;;;;;;;;;;;;;;;;;;;;;;;;;;;;;;;;;;;;;;;;;;;;;;;;;;;;;;;;;;;;;;;;;;;;;;;;;;;;;;;;;;;;;;;;;;;;;;;;;;;;;;;;;;;;;;;;;;;;;;;;;;;;;;;;;;;;;;;;;;;;;;;;;;;;;;;
Чугун;3,3;44,6;9,8;3,4;2,6;107,2;105,1;87,9;191,8;129,5;93,0;142,9;131,5;204,9;74,1;115,9;126,6;79,3;112,9;166,7;102,7;87,7;106,7;127,7;75,7;139,5;;;;;;;;;;;;;;;;;;;;;;;;;;;;;;;;;;;;;;;;;;;;;;;;;;;;;;;;;;;;;;;;;;;;;;;;;;;;;;;;;;;;;;;;;;;;;;;;;;;;;;;;;;;;;;;;;;;;;;;;;;;;;;;;;;;;;;;;;;;;;;;;;;;;;;;;;;;;;;;;;;;;;;;;;;;;;;;;;;;;;;;;;;;;;;;;;;;;;;;;;;;;;;;;;;;;;;;;;;;;;;;;;;;;;
 Прокат толстолистовой (от 4 мм) горячекатаный из стали, кроме нержавеющей и быстрорежущей25);3,0;29,5;11,8;3,7;2,7;118,6;98,6;110,2;233,5;120,7;102,2;124,2;127,2;162,5;100,8;115,5;99,3;113,6;91,6;117,5;106,4;88,7;102,4;113,0;110,7;117,3;;;;;;;;;;;;;;;;;;;;;;;;;;;;;;;;;;;;;;;;;;;;;;;;;;;;;;;;;;;;;;;;;;;;;;;;;;;;;;;;;;;;;;;;;;;;;;;;;;;;;;;;;;;;;;;;;;;;;;;;;;;;;;;;;;;;;;;;;;;;;;;;;;;;;;;;;;;;;;;;;;;;;;;;;;;;;;;;;;;;;;;;;;;;;;;;;;;;;;;;;;;;;;;;;;;;;;;;;;;;;;;;;;;;;
"Прутки и катанка горячекатаные, горячетянутые, экструдированные 
и кованые26)";;;;;;115,8;98,5;100,9;183,5;133,9;109,0;116,3;119,1;160,5;95,3;113,8;108,6;96,6;103,1;132,4;106,6;92,9;94,4;115,8;95,4;135,2;;;;;;;;;;;;;;;;;;;;;;;;;;;;;;;;;;;;;;;;;;;;;;;;;;;;;;;;;;;;;;;;;;;;;;;;;;;;;;;;;;;;;;;;;;;;;;;;;;;;;;;;;;;;;;;;;;;;;;;;;;;;;;;;;;;;;;;;;;;;;;;;;;;;;;;;;;;;;;;;;;;;;;;;;;;;;;;;;;;;;;;;;;;;;;;;;;;;;;;;;;;;;;;;;;;;;;;;;;;;;;;;;;;;;
Трубы стальные;3,4;25,9;11,5;3,1;3,3;121,9;104,1;104,3;196,8;125,3;105,9;126,7;128,1;152,4;106,9;117,8;108,1;125,3;89,7;110,2;108,8;97,3;97,8;103,2;117,4;112,3;;;;;;;;;;;;;;;;;;;;;;;;;;;;;;;;;;;;;;;;;;;;;;;;;;;;;;;;;;;;;;;;;;;;;;;;;;;;;;;;;;;;;;;;;;;;;;;;;;;;;;;;;;;;;;;;;;;;;;;;;;;;;;;;;;;;;;;;;;;;;;;;;;;;;;;;;;;;;;;;;;;;;;;;;;;;;;;;;;;;;;;;;;;;;;;;;;;;;;;;;;;;;;;;;;;;;;;;;;;;;;;;;;;;;
Алюминий необработанный;4,7;39,1;6,1;4,5;2,0;102,5;104,7;199,4;167,1;108,7;91,7;110,4;100,5;114,9;113,9;128,8;83,7;94,8;100,1;132,5;95,9;95,4;93,7;160,8;115,2;103,4;;;;;;;;;;;;;;;;;;;;;;;;;;;;;;;;;;;;;;;;;;;;;;;;;;;;;;;;;;;;;;;;;;;;;;;;;;;;;;;;;;;;;;;;;;;;;;;;;;;;;;;;;;;;;;;;;;;;;;;;;;;;;;;;;;;;;;;;;;;;;;;;;;;;;;;;;;;;;;;;;;;;;;;;;;;;;;;;;;;;;;;;;;;;;;;;;;;;;;;;;;;;;;;;;;;;;;;;;;;;;;;;;;;;;
Пpокат алюминиевый;;;;;;109,7;107,4;173,4;151,0;127,7;102,9;103,3;118,2;100,9;115,3;122,7;103,3;107,0;89,3;115,5;105,7;97,9;102,9;119,3;128,7;101,1;;;;;;;;;;;;;;;;;;;;;;;;;;;;;;;;;;;;;;;;;;;;;;;;;;;;;;;;;;;;;;;;;;;;;;;;;;;;;;;;;;;;;;;;;;;;;;;;;;;;;;;;;;;;;;;;;;;;;;;;;;;;;;;;;;;;;;;;;;;;;;;;;;;;;;;;;;;;;;;;;;;;;;;;;;;;;;;;;;;;;;;;;;;;;;;;;;;;;;;;;;;;;;;;;;;;;;;;;;;;;;;;;;;;;
Свинец необработанный;;13,5;6,2;2,7;2,7;149,2;114,7;122,6;235,7;108,2;90,7;107,0;90,3;159,2;113,6;106,3;226,0;56,4;167,9;113,0;90,9;102,5;104,2;137,0;118,7;106,1;;;;;;;;;;;;;;;;;;;;;;;;;;;;;;;;;;;;;;;;;;;;;;;;;;;;;;;;;;;;;;;;;;;;;;;;;;;;;;;;;;;;;;;;;;;;;;;;;;;;;;;;;;;;;;;;;;;;;;;;;;;;;;;;;;;;;;;;;;;;;;;;;;;;;;;;;;;;;;;;;;;;;;;;;;;;;;;;;;;;;;;;;;;;;;;;;;;;;;;;;;;;;;;;;;;;;;;;;;;;;;;;;;;;;
Цинк необработанный нелегированный;5,4;42,4;6,4;3,9;1,7;124,6;117,0;272,2;164,2;91,8;77,9;113,4;110,5;116,6;168,5;220,1;52,4;52,2;225,4;103,5;85,4;103,6;97,4;189,5;94,0;139,8;;;;;;;;;;;;;;;;;;;;;;;;;;;;;;;;;;;;;;;;;;;;;;;;;;;;;;;;;;;;;;;;;;;;;;;;;;;;;;;;;;;;;;;;;;;;;;;;;;;;;;;;;;;;;;;;;;;;;;;;;;;;;;;;;;;;;;;;;;;;;;;;;;;;;;;;;;;;;;;;;;;;;;;;;;;;;;;;;;;;;;;;;;;;;;;;;;;;;;;;;;;;;;;;;;;;;;;;;;;;;;;;;;;;;
Медь рафинированная нелегированная необработанная;1,5;87,6;5,6;3,4;1,8;111,9;98,5;196,0;185,8;103,5;89,3;117,5;128,8;137,6;142,6;164,6;91,4;61,0;185,2;132,2;91,0;103,7;96,9;133,0;104,0;102,4;;;;;;;;;;;;;;;;;;;;;;;;;;;;;;;;;;;;;;;;;;;;;;;;;;;;;;;;;;;;;;;;;;;;;;;;;;;;;;;;;;;;;;;;;;;;;;;;;;;;;;;;;;;;;;;;;;;;;;;;;;;;;;;;;;;;;;;;;;;;;;;;;;;;;;;;;;;;;;;;;;;;;;;;;;;;;;;;;;;;;;;;;;;;;;;;;;;;;;;;;;;;;;;;;;;;;;;;;;;;;;;;;;;;;
Производство машин и оборудования;;;;;;;;;;;;;;;;;;;;;;;;;;;;;;;;;;;;;;;;;;;;;;;;;;;;;;;;;;;;;;;;;;;;;;;;;;;;;;;;;;;;;;;;;;;;;;;;;;;;;;;;;;;;;;;;;;;;;;;;;;;;;;;;;;;;;;;;;;;;;;;;;;;;;;;;;;;;;;;;;;;;;;;;;;;;;;;;;;;;;;;;;;;;;;;;;;;;;;;;;;;;;;;;;;;;;;;;;;;;;;;;;;;;;;;;;;;;;;;;;;;;;;;;;;;;;;;
"Двигатели внутреннего сгорания поршневые с воспламенением 
от сжатия прочие";;;;;;133,0;110,0;118,8;163,5;150,9;126,1;101,6;115,2;114,3;110,1;112,6;105,0;117,0;100,0;112,3;105,3;106,0;102,6;100,0;110,3;104,9;;;;;;;;;;;;;;;;;;;;;;;;;;;;;;;;;;;;;;;;;;;;;;;;;;;;;;;;;;;;;;;;;;;;;;;;;;;;;;;;;;;;;;;;;;;;;;;;;;;;;;;;;;;;;;;;;;;;;;;;;;;;;;;;;;;;;;;;;;;;;;;;;;;;;;;;;;;;;;;;;;;;;;;;;;;;;;;;;;;;;;;;;;;;;;;;;;;;;;;;;;;;;;;;;;;;;;;;;;;;;;;;;;;;;
Турбины на водяном паре и турбины паровые прочие;;;;;;180,2;115,8;147,1;137,5;132,1;117,4;144,0;118,8;124,9;133,1;105,0;117,0;126,6;115,0;115,0;119,8;110,0;100,0;102,1;102,1;100,0;;;;;;;;;;;;;;;;;;;;;;;;;;;;;;;;;;;;;;;;;;;;;;;;;;;;;;;;;;;;;;;;;;;;;;;;;;;;;;;;;;;;;;;;;;;;;;;;;;;;;;;;;;;;;;;;;;;;;;;;;;;;;;;;;;;;;;;;;;;;;;;;;;;;;;;;;;;;;;;;;;;;;;;;;;;;;;;;;;;;;;;;;;;;;;;;;;;;;;;;;;;;;;;;;;;;;;;;;;;;;;;;;;;;;
Компрессоры воздушные передвижные на колесных шасси27);;;;;;156,7;112,9;151,7;116,5;131,6;118,9;107,5;106,1;116,8;105,9;109,9;105,5;110,9;101,2;102,2;104,1;104,9;102,3;114,9;120,4;115,8;;;;;;;;;;;;;;;;;;;;;;;;;;;;;;;;;;;;;;;;;;;;;;;;;;;;;;;;;;;;;;;;;;;;;;;;;;;;;;;;;;;;;;;;;;;;;;;;;;;;;;;;;;;;;;;;;;;;;;;;;;;;;;;;;;;;;;;;;;;;;;;;;;;;;;;;;;;;;;;;;;;;;;;;;;;;;;;;;;;;;;;;;;;;;;;;;;;;;;;;;;;;;;;;;;;;;;;;;;;;;;;;;;;;;
Краны мостовые электрические общего назначения;;;;;;132,3;107,4;104,4;113,9;159,7;127,4;110,1;106,8;119,0;125,5;118,3;118,3;143,8;98,2;101,4;100,3;101,5;105,4;102,8;118,8;101,7;;;;;;;;;;;;;;;;;;;;;;;;;;;;;;;;;;;;;;;;;;;;;;;;;;;;;;;;;;;;;;;;;;;;;;;;;;;;;;;;;;;;;;;;;;;;;;;;;;;;;;;;;;;;;;;;;;;;;;;;;;;;;;;;;;;;;;;;;;;;;;;;;;;;;;;;;;;;;;;;;;;;;;;;;;;;;;;;;;;;;;;;;;;;;;;;;;;;;;;;;;;;;;;;;;;;;;;;;;;;;;;;;;;;;
Краны козловые и полукозловые электрические;;;;;;153,2;128,7;106,1;163,3;115,5;105,5;118,1;107,1;111,0;118,9;124,6;116,9;118,1;106,4;103,2;93,5;98,4;86,2;107,8;128,6;102,2;;;;;;;;;;;;;;;;;;;;;;;;;;;;;;;;;;;;;;;;;;;;;;;;;;;;;;;;;;;;;;;;;;;;;;;;;;;;;;;;;;;;;;;;;;;;;;;;;;;;;;;;;;;;;;;;;;;;;;;;;;;;;;;;;;;;;;;;;;;;;;;;;;;;;;;;;;;;;;;;;;;;;;;;;;;;;;;;;;;;;;;;;;;;;;;;;;;;;;;;;;;;;;;;;;;;;;;;;;;;;;;;;;;;;
Лифты;;;;;;144,1;113,0;100,1;134,1;174,0;123,3;105,1;116,5;116,8;105,6;109,2;113,3;123,2;93,8;106,9;102,7;104,9;100,0;105,0;120,4;100,4;;;;;;;;;;;;;;;;;;;;;;;;;;;;;;;;;;;;;;;;;;;;;;;;;;;;;;;;;;;;;;;;;;;;;;;;;;;;;;;;;;;;;;;;;;;;;;;;;;;;;;;;;;;;;;;;;;;;;;;;;;;;;;;;;;;;;;;;;;;;;;;;;;;;;;;;;;;;;;;;;;;;;;;;;;;;;;;;;;;;;;;;;;;;;;;;;;;;;;;;;;;;;;;;;;;;;;;;;;;;;;;;;;;;;
Погpузчики унивеpсальные сельскохозяйственного назначения;;;;;;130,2;102,1;143,4;138,3;137,5;116,3;105,4;117,6;121,3;110,0;123,2;130,0;108,8;99,4;112,6;111,2;99,7;99,8;98,6;115,0;104,4;;;;;;;;;;;;;;;;;;;;;;;;;;;;;;;;;;;;;;;;;;;;;;;;;;;;;;;;;;;;;;;;;;;;;;;;;;;;;;;;;;;;;;;;;;;;;;;;;;;;;;;;;;;;;;;;;;;;;;;;;;;;;;;;;;;;;;;;;;;;;;;;;;;;;;;;;;;;;;;;;;;;;;;;;;;;;;;;;;;;;;;;;;;;;;;;;;;;;;;;;;;;;;;;;;;;;;;;;;;;;;;;;;;;;
Плуги общего назначения28);;;;;;159,6;104,9;137,5;127,9;131,2;133,2;102,7;115,2;139,7;108,9;101,7;114,6;124,2;104,4;102,0;108,8;102,4;101,9;109,8;112,1;113,4;;;;;;;;;;;;;;;;;;;;;;;;;;;;;;;;;;;;;;;;;;;;;;;;;;;;;;;;;;;;;;;;;;;;;;;;;;;;;;;;;;;;;;;;;;;;;;;;;;;;;;;;;;;;;;;;;;;;;;;;;;;;;;;;;;;;;;;;;;;;;;;;;;;;;;;;;;;;;;;;;;;;;;;;;;;;;;;;;;;;;;;;;;;;;;;;;;;;;;;;;;;;;;;;;;;;;;;;;;;;;;;;;;;;;
Сеялки тракторные (без туковых);;;;;;149,6;115,7;110,1;158,2;123,3;122,1;102,8;106,3;118,9;109,5;103,7;115,0;126,9;101,0;104,6;107,7;104,4;102,8;107,3;125,7;109,4;;;;;;;;;;;;;;;;;;;;;;;;;;;;;;;;;;;;;;;;;;;;;;;;;;;;;;;;;;;;;;;;;;;;;;;;;;;;;;;;;;;;;;;;;;;;;;;;;;;;;;;;;;;;;;;;;;;;;;;;;;;;;;;;;;;;;;;;;;;;;;;;;;;;;;;;;;;;;;;;;;;;;;;;;;;;;;;;;;;;;;;;;;;;;;;;;;;;;;;;;;;;;;;;;;;;;;;;;;;;;;;;;;;;;
Комбайны зеpноубоpочные;;;;;;146,5;110,0;102,2;215,7;115,3;104,6;126,2;91,6;130,8;108,9;107,7;115,9;122,7;100,5;93,5;109,3;102,5;99,6;112,1;107,5;114,0;;;;;;;;;;;;;;;;;;;;;;;;;;;;;;;;;;;;;;;;;;;;;;;;;;;;;;;;;;;;;;;;;;;;;;;;;;;;;;;;;;;;;;;;;;;;;;;;;;;;;;;;;;;;;;;;;;;;;;;;;;;;;;;;;;;;;;;;;;;;;;;;;;;;;;;;;;;;;;;;;;;;;;;;;;;;;;;;;;;;;;;;;;;;;;;;;;;;;;;;;;;;;;;;;;;;;;;;;;;;;;;;;;;;;
Станки металлорежущие;;;;;;139,5;111,2;111,1;146,9;153,2;129,3;116,8;107,1;118,8;113,4;110,2;114,9;118,7;102,4;104,7;101,1;109,9;106,3;104,7;116,1;110,1;;;;;;;;;;;;;;;;;;;;;;;;;;;;;;;;;;;;;;;;;;;;;;;;;;;;;;;;;;;;;;;;;;;;;;;;;;;;;;;;;;;;;;;;;;;;;;;;;;;;;;;;;;;;;;;;;;;;;;;;;;;;;;;;;;;;;;;;;;;;;;;;;;;;;;;;;;;;;;;;;;;;;;;;;;;;;;;;;;;;;;;;;;;;;;;;;;;;;;;;;;;;;;;;;;;;;;;;;;;;;;;;;;;;;
Машины кузнечно-прессовые;;;;;;117,8;128,5;120,6;151,3;122,1;154,2;113,8;112,0;112,6;111,3;107,8;119,5;129,7;99,6;100,7;109,9;104,2;101,7;107,7;108,8;108,2;;;;;;;;;;;;;;;;;;;;;;;;;;;;;;;;;;;;;;;;;;;;;;;;;;;;;;;;;;;;;;;;;;;;;;;;;;;;;;;;;;;;;;;;;;;;;;;;;;;;;;;;;;;;;;;;;;;;;;;;;;;;;;;;;;;;;;;;;;;;;;;;;;;;;;;;;;;;;;;;;;;;;;;;;;;;;;;;;;;;;;;;;;;;;;;;;;;;;;;;;;;;;;;;;;;;;;;;;;;;;;;;;;;;;
Станки деревообрабатывающие;;;;;;119,4;107,8;112,6;164,6;167,9;121,1;107,9;103,3;113,5;110,2;107,5;105,7;112,1;104,8;103,2;103,3;101,9;106,0;100,0;106,4;125,2;;;;;;;;;;;;;;;;;;;;;;;;;;;;;;;;;;;;;;;;;;;;;;;;;;;;;;;;;;;;;;;;;;;;;;;;;;;;;;;;;;;;;;;;;;;;;;;;;;;;;;;;;;;;;;;;;;;;;;;;;;;;;;;;;;;;;;;;;;;;;;;;;;;;;;;;;;;;;;;;;;;;;;;;;;;;;;;;;;;;;;;;;;;;;;;;;;;;;;;;;;;;;;;;;;;;;;;;;;;;;;;;;;;;;
Тракторы гусеничные промышленные и универсальные;;;;;;136,4;111,8;120,1;183,8;121,3;106,9;121,3;106,9;113,2;107,7;104,4;109,1;116,9;108,3;104,6;95,6;104,9;98,7;102,6;115,9;103,2;;;;;;;;;;;;;;;;;;;;;;;;;;;;;;;;;;;;;;;;;;;;;;;;;;;;;;;;;;;;;;;;;;;;;;;;;;;;;;;;;;;;;;;;;;;;;;;;;;;;;;;;;;;;;;;;;;;;;;;;;;;;;;;;;;;;;;;;;;;;;;;;;;;;;;;;;;;;;;;;;;;;;;;;;;;;;;;;;;;;;;;;;;;;;;;;;;;;;;;;;;;;;;;;;;;;;;;;;;;;;;;;;;;;;
Холодильники и морозильники бытовые;;;;;;103,6;106,2;92,5;146,0;121,4;117,8;112,5;106,6;109,2;102,5;103,6;101,8;103,8;106,5;87,1;113,7;95,2;103,9;106,8;125,5;99,8;;;;;;;;;;;;;;;;;;;;;;;;;;;;;;;;;;;;;;;;;;;;;;;;;;;;;;;;;;;;;;;;;;;;;;;;;;;;;;;;;;;;;;;;;;;;;;;;;;;;;;;;;;;;;;;;;;;;;;;;;;;;;;;;;;;;;;;;;;;;;;;;;;;;;;;;;;;;;;;;;;;;;;;;;;;;;;;;;;;;;;;;;;;;;;;;;;;;;;;;;;;;;;;;;;;;;;;;;;;;;;;;;;;;;
Бытовые стиральные машины;;;;;;130,8;94,0;133,0;156,4;117,6;105,4;108,4;100,8;104,4;102,8;99,4;103,6;98,2;111,8;80,1;100,9;98,2;102,7;123,7;133,5;103,5;;;;;;;;;;;;;;;;;;;;;;;;;;;;;;;;;;;;;;;;;;;;;;;;;;;;;;;;;;;;;;;;;;;;;;;;;;;;;;;;;;;;;;;;;;;;;;;;;;;;;;;;;;;;;;;;;;;;;;;;;;;;;;;;;;;;;;;;;;;;;;;;;;;;;;;;;;;;;;;;;;;;;;;;;;;;;;;;;;;;;;;;;;;;;;;;;;;;;;;;;;;;;;;;;;;;;;;;;;;;;;;;;;;;;
Производство электрооборудования, электронного и оптического оборудования;;;;;;;;;;;;;;;;;;;;;;;;;;;;;;;;;;;;;;;;;;;;;;;;;;;;;;;;;;;;;;;;;;;;;;;;;;;;;;;;;;;;;;;;;;;;;;;;;;;;;;;;;;;;;;;;;;;;;;;;;;;;;;;;;;;;;;;;;;;;;;;;;;;;;;;;;;;;;;;;;;;;;;;;;;;;;;;;;;;;;;;;;;;;;;;;;;;;;;;;;;;;;;;;;;;;;;;;;;;;;;;;;;;;;;;;;;;;;;;;;;;;;;;;;;;;;;;
Компьютеры персональные настольные;;;;;;;;;;;;;;;;105,2;…;104,7;117,7;111,8;110,1;94,1;109,6;108,2;115,2;97,3;;;;;;;;;;;;;;;;;;;;;;;;;;;;;;;;;;;;;;;;;;;;;;;;;;;;;;;;;;;;;;;;;;;;;;;;;;;;;;;;;;;;;;;;;;;;;;;;;;;;;;;;;;;;;;;;;;;;;;;;;;;;;;;;;;;;;;;;;;;;;;;;;;;;;;;;;;;;;;;;;;;;;;;;;;;;;;;;;;;;;;;;;;;;;;;;;;;;;;;;;;;;;;;;;;;;;;;;;;;;;;;;;;;;;
"Электpодвигатели пеpеменного тока 
с высотой оси вpащения 63-355 мм";;;;;;;106,7;139,5;187,9;119,5;112,6;97,5;94,3;154,6;111,6;98,7;119,1;105,2;96,8;…;…;…;…;…;…;…;;;;;;;;;;;;;;;;;;;;;;;;;;;;;;;;;;;;;;;;;;;;;;;;;;;;;;;;;;;;;;;;;;;;;;;;;;;;;;;;;;;;;;;;;;;;;;;;;;;;;;;;;;;;;;;;;;;;;;;;;;;;;;;;;;;;;;;;;;;;;;;;;;;;;;;;;;;;;;;;;;;;;;;;;;;;;;;;;;;;;;;;;;;;;;;;;;;;;;;;;;;;;;;;;;;;;;;;;;;;;;;;;;;;;
Электромашины крупные;;;;;;136,9;107,8;117,5;124,2;111,3;117,4;108,7;107,3;111,9;113,4;103,4;115,7;132,7;122,4;…;…;…;…;…;…;…;;;;;;;;;;;;;;;;;;;;;;;;;;;;;;;;;;;;;;;;;;;;;;;;;;;;;;;;;;;;;;;;;;;;;;;;;;;;;;;;;;;;;;;;;;;;;;;;;;;;;;;;;;;;;;;;;;;;;;;;;;;;;;;;;;;;;;;;;;;;;;;;;;;;;;;;;;;;;;;;;;;;;;;;;;;;;;;;;;;;;;;;;;;;;;;;;;;;;;;;;;;;;;;;;;;;;;;;;;;;;;;;;;;;;
Производство электродвигателей, генераторов и трансформаторов;;;;;;;;;;;;105,2;108,8;124,9;115,0;112,9;118,3;117,6;104,4;109,4;108,9;101,0;103,7;98,7;106,8;107,7;;;;;;;;;;;;;;;;;;;;;;;;;;;;;;;;;;;;;;;;;;;;;;;;;;;;;;;;;;;;;;;;;;;;;;;;;;;;;;;;;;;;;;;;;;;;;;;;;;;;;;;;;;;;;;;;;;;;;;;;;;;;;;;;;;;;;;;;;;;;;;;;;;;;;;;;;;;;;;;;;;;;;;;;;;;;;;;;;;;;;;;;;;;;;;;;;;;;;;;;;;;;;;;;;;;;;;;;;;;;;;;;;;;;;
Провода обмоточные изолированные;;;;;;111,3;107,7;216,8;117,6;110,2;94,9;97,0;118,5;141,3;130,2;181,8;79,8;72,1;163,0;123,8;94,5;96,3;98,7;130,7;110,8;102,9;;;;;;;;;;;;;;;;;;;;;;;;;;;;;;;;;;;;;;;;;;;;;;;;;;;;;;;;;;;;;;;;;;;;;;;;;;;;;;;;;;;;;;;;;;;;;;;;;;;;;;;;;;;;;;;;;;;;;;;;;;;;;;;;;;;;;;;;;;;;;;;;;;;;;;;;;;;;;;;;;;;;;;;;;;;;;;;;;;;;;;;;;;;;;;;;;;;;;;;;;;;;;;;;;;;;;;;;;;;;;;;;;;;;;
"Кабели, провода и другие проводники, используемые 
для связи29)";;;;;;118,4;108,7;201,3;71,2;105,8;101,0;106,9;126,3;120,4;110,6;127,8;104,5;100,1;99,5;174,1;65,8;104,0;91,0;146,9;102,4;102,1;;;;;;;;;;;;;;;;;;;;;;;;;;;;;;;;;;;;;;;;;;;;;;;;;;;;;;;;;;;;;;;;;;;;;;;;;;;;;;;;;;;;;;;;;;;;;;;;;;;;;;;;;;;;;;;;;;;;;;;;;;;;;;;;;;;;;;;;;;;;;;;;;;;;;;;;;;;;;;;;;;;;;;;;;;;;;;;;;;;;;;;;;;;;;;;;;;;;;;;;;;;;;;;;;;;;;;;;;;;;;;;;;;;;;
"Проводники электрического тока 
на напряжение более 1 кВ прочие 
(с соединительными приспособлениями или без них30)";;;;;;105,5;115,8;268,4;91,3;108,5;101,0;94,6;111,1;135,6;122,6;164,1;111,7;87,4;118,8;135,3;103,9;111,3;85,7;150,4;110,3;95,8;;;;;;;;;;;;;;;;;;;;;;;;;;;;;;;;;;;;;;;;;;;;;;;;;;;;;;;;;;;;;;;;;;;;;;;;;;;;;;;;;;;;;;;;;;;;;;;;;;;;;;;;;;;;;;;;;;;;;;;;;;;;;;;;;;;;;;;;;;;;;;;;;;;;;;;;;;;;;;;;;;;;;;;;;;;;;;;;;;;;;;;;;;;;;;;;;;;;;;;;;;;;;;;;;;;;;;;;;;;;;;;;;;;;;
"Приемники телевизионные цветного изображения, кроме аппаратов 
с видеомагнитофонами или видеоплеерами";;;;;;109,0;102,0;163,4;145,9;109,0;116,3;96,1;95,0;98,8;100,8;94,0;92,7;90,5;152,5;84,9;88,9;103,9;103,0;99,3;116,9;119,3;;;;;;;;;;;;;;;;;;;;;;;;;;;;;;;;;;;;;;;;;;;;;;;;;;;;;;;;;;;;;;;;;;;;;;;;;;;;;;;;;;;;;;;;;;;;;;;;;;;;;;;;;;;;;;;;;;;;;;;;;;;;;;;;;;;;;;;;;;;;;;;;;;;;;;;;;;;;;;;;;;;;;;;;;;;;;;;;;;;;;;;;;;;;;;;;;;;;;;;;;;;;;;;;;;;;;;;;;;;;;;;;;;;;;
"Производство транспортных средств 
и оборудования";;;;;;;;;;;;;;;;;;;;;;;;;;;;;;;;;;;;;;;;;;;;;;;;;;;;;;;;;;;;;;;;;;;;;;;;;;;;;;;;;;;;;;;;;;;;;;;;;;;;;;;;;;;;;;;;;;;;;;;;;;;;;;;;;;;;;;;;;;;;;;;;;;;;;;;;;;;;;;;;;;;;;;;;;;;;;;;;;;;;;;;;;;;;;;;;;;;;;;;;;;;;;;;;;;;;;;;;;;;;;;;;;;;;;;;;;;;;;;;;;;;;;;;;;;;;;;;
Автомобили легковые (новые);;;;;;107,1;103,8;134,8;135,6;118,4;121,0;107,8;110,7;112,7;102,4;109,3;101,2;105,0;107,4;105,0;106,6;100,5;103,4;110,6;113,4;110,7;;;;;;;;;;;;;;;;;;;;;;;;;;;;;;;;;;;;;;;;;;;;;;;;;;;;;;;;;;;;;;;;;;;;;;;;;;;;;;;;;;;;;;;;;;;;;;;;;;;;;;;;;;;;;;;;;;;;;;;;;;;;;;;;;;;;;;;;;;;;;;;;;;;;;;;;;;;;;;;;;;;;;;;;;;;;;;;;;;;;;;;;;;;;;;;;;;;;;;;;;;;;;;;;;;;;;;;;;;;;;;;;;;;;;
Автобусы;;;;;;120,2;103,7;110,1;147,9;126,1;108,5;111,6;109,9;110,5;103,7;105,8;108,3;112,9;111,2;107,9;105,7;107,0;108,8;104,0;113,2;106,6;;;;;;;;;;;;;;;;;;;;;;;;;;;;;;;;;;;;;;;;;;;;;;;;;;;;;;;;;;;;;;;;;;;;;;;;;;;;;;;;;;;;;;;;;;;;;;;;;;;;;;;;;;;;;;;;;;;;;;;;;;;;;;;;;;;;;;;;;;;;;;;;;;;;;;;;;;;;;;;;;;;;;;;;;;;;;;;;;;;;;;;;;;;;;;;;;;;;;;;;;;;;;;;;;;;;;;;;;;;;;;;;;;;;;
"Автомобили грузовые 
(включая шасси)31)";;;;;;129,1;109,6;116,5;152,6;153,0;112,6;110,1;110,9;127,4;112,1;105,9;121,8;113,5;96,6;110,6;109,1;107,3;102,7;108,6;118,5;115,2;;;;;;;;;;;;;;;;;;;;;;;;;;;;;;;;;;;;;;;;;;;;;;;;;;;;;;;;;;;;;;;;;;;;;;;;;;;;;;;;;;;;;;;;;;;;;;;;;;;;;;;;;;;;;;;;;;;;;;;;;;;;;;;;;;;;;;;;;;;;;;;;;;;;;;;;;;;;;;;;;;;;;;;;;;;;;;;;;;;;;;;;;;;;;;;;;;;;;;;;;;;;;;;;;;;;;;;;;;;;;;;;;;;;;
Автокраны;;;;;;128,8;95,9;156,1;156,5;149,6;172,9;95,0;113,8;118,3;93,7;102,7;146,0;110,4;99,6;98,4;108,5;102,0;102,7;102,2;118,4;107,3;;;;;;;;;;;;;;;;;;;;;;;;;;;;;;;;;;;;;;;;;;;;;;;;;;;;;;;;;;;;;;;;;;;;;;;;;;;;;;;;;;;;;;;;;;;;;;;;;;;;;;;;;;;;;;;;;;;;;;;;;;;;;;;;;;;;;;;;;;;;;;;;;;;;;;;;;;;;;;;;;;;;;;;;;;;;;;;;;;;;;;;;;;;;;;;;;;;;;;;;;;;;;;;;;;;;;;;;;;;;;;;;;;;;;
Электровозы магистральные;;;;;;145,8;100,0;100,0;143,5;112,0;124,1;124,6;111,1;130,4;112,0;100,0;100,0;114,4;92,4;120,6;103,7;100,0;103,5;99,8;112,6;103,5;;;;;;;;;;;;;;;;;;;;;;;;;;;;;;;;;;;;;;;;;;;;;;;;;;;;;;;;;;;;;;;;;;;;;;;;;;;;;;;;;;;;;;;;;;;;;;;;;;;;;;;;;;;;;;;;;;;;;;;;;;;;;;;;;;;;;;;;;;;;;;;;;;;;;;;;;;;;;;;;;;;;;;;;;;;;;;;;;;;;;;;;;;;;;;;;;;;;;;;;;;;;;;;;;;;;;;;;;;;;;;;;;;;;;
Тепловозы магистральные;;;;;;130,8;100,8;104,7;158,4;123,0;132,6;119,6;119,8;125,0;112,1;100,0;100,0;146,7;93,0;109,2;108,0;105,2;104,4;104,5;115,7;105,0;;;;;;;;;;;;;;;;;;;;;;;;;;;;;;;;;;;;;;;;;;;;;;;;;;;;;;;;;;;;;;;;;;;;;;;;;;;;;;;;;;;;;;;;;;;;;;;;;;;;;;;;;;;;;;;;;;;;;;;;;;;;;;;;;;;;;;;;;;;;;;;;;;;;;;;;;;;;;;;;;;;;;;;;;;;;;;;;;;;;;;;;;;;;;;;;;;;;;;;;;;;;;;;;;;;;;;;;;;;;;;;;;;;;;
Вагоны пассажирские магистральные;;;;;;125,6;101,5;104,7;117,2;118,6;125,6;110,9;128,6;119,9;104,1;112,0;101,5;109,2;101,0;105,5;100,0;105,1;95,9;110,0;100,0;103,0;;;;;;;;;;;;;;;;;;;;;;;;;;;;;;;;;;;;;;;;;;;;;;;;;;;;;;;;;;;;;;;;;;;;;;;;;;;;;;;;;;;;;;;;;;;;;;;;;;;;;;;;;;;;;;;;;;;;;;;;;;;;;;;;;;;;;;;;;;;;;;;;;;;;;;;;;;;;;;;;;;;;;;;;;;;;;;;;;;;;;;;;;;;;;;;;;;;;;;;;;;;;;;;;;;;;;;;;;;;;;;;;;;;;;
Вагоны грузовые магистральные;;;;;;129,7;100,0;87,6;233,7;173,8;114,8;78,5;114,1;148,0;105,2;98,9;119,8;128,4;69,4;150,2;114,4;100,0;77,9;94,6;106,9;102,1;;;;;;;;;;;;;;;;;;;;;;;;;;;;;;;;;;;;;;;;;;;;;;;;;;;;;;;;;;;;;;;;;;;;;;;;;;;;;;;;;;;;;;;;;;;;;;;;;;;;;;;;;;;;;;;;;;;;;;;;;;;;;;;;;;;;;;;;;;;;;;;;;;;;;;;;;;;;;;;;;;;;;;;;;;;;;;;;;;;;;;;;;;;;;;;;;;;;;;;;;;;;;;;;;;;;;;;;;;;;;;;;;;;;;
Велосипеды;;;;;;137,6;117,3;124,8;131,0;128,9;101,4;109,7;112,7;104,7;103,1;101,2;100,0;100,3;132,4;121,5;110,3;87,6;98,9;99,8;103,2;100,1;;;;;;;;;;;;;;;;;;;;;;;;;;;;;;;;;;;;;;;;;;;;;;;;;;;;;;;;;;;;;;;;;;;;;;;;;;;;;;;;;;;;;;;;;;;;;;;;;;;;;;;;;;;;;;;;;;;;;;;;;;;;;;;;;;;;;;;;;;;;;;;;;;;;;;;;;;;;;;;;;;;;;;;;;;;;;;;;;;;;;;;;;;;;;;;;;;;;;;;;;;;;;;;;;;;;;;;;;;;;;;;;;;;;;
Прочие производства;;;;;;;;;;;;;;;;;;;;;;;;;;;;;;;;;;;;;;;;;;;;;;;;;;;;;;;;;;;;;;;;;;;;;;;;;;;;;;;;;;;;;;;;;;;;;;;;;;;;;;;;;;;;;;;;;;;;;;;;;;;;;;;;;;;;;;;;;;;;;;;;;;;;;;;;;;;;;;;;;;;;;;;;;;;;;;;;;;;;;;;;;;;;;;;;;;;;;;;;;;;;;;;;;;;;;;;;;;;;;;;;;;;;;;;;;;;;;;;;;;;;;;;;;;;;;;;
"Столы кухонные, для столовой 
и гостиной";;;;;;…;111,7;134,1;135,9;133,2;116,9;112,7;118,5;106,3;107,2;104,9;109,6;120,6;101,2;102,2;103,5;104,9;99,9;102,5;119,9;109,8;;;;;;;;;;;;;;;;;;;;;;;;;;;;;;;;;;;;;;;;;;;;;;;;;;;;;;;;;;;;;;;;;;;;;;;;;;;;;;;;;;;;;;;;;;;;;;;;;;;;;;;;;;;;;;;;;;;;;;;;;;;;;;;;;;;;;;;;;;;;;;;;;;;;;;;;;;;;;;;;;;;;;;;;;;;;;;;;;;;;;;;;;;;;;;;;;;;;;;;;;;;;;;;;;;;;;;;;;;;;;;;;;;;;;
Шкафы кухонные, для спальни, столовой и гостиной;;;;;;…;110,5;137,9;129,0;130,1;115,9;116,5;113,9;108,6;107,6;106,2;109,2;114,7;104,3;103,6;105,4;105,4;103,8;102,0;116,5;102,1;;;;;;;;;;;;;;;;;;;;;;;;;;;;;;;;;;;;;;;;;;;;;;;;;;;;;;;;;;;;;;;;;;;;;;;;;;;;;;;;;;;;;;;;;;;;;;;;;;;;;;;;;;;;;;;;;;;;;;;;;;;;;;;;;;;;;;;;;;;;;;;;;;;;;;;;;;;;;;;;;;;;;;;;;;;;;;;;;;;;;;;;;;;;;;;;;;;;;;;;;;;;;;;;;;;;;;;;;;;;;;;;;;;;;
Линолеум на текстильной подоснове;;;;;;108,5;103,5;120,4;160,4;109,1;100,6;101,1;106,2;99,1;93,9;105,4;101,3;116,0;109,0;104,8;107,7;98,4;109,1;107,9;110,8;106,9;;;;;;;;;;;;;;;;;;;;;;;;;;;;;;;;;;;;;;;;;;;;;;;;;;;;;;;;;;;;;;;;;;;;;;;;;;;;;;;;;;;;;;;;;;;;;;;;;;;;;;;;;;;;;;;;;;;;;;;;;;;;;;;;;;;;;;;;;;;;;;;;;;;;;;;;;;;;;;;;;;;;;;;;;;;;;;;;;;;;;;;;;;;;;;;;;;;;;;;;;;;;;;;;;;;;;;;;;;;;;;;;;;;;;
Производство и распределение электроэнергии, газа и воды;;;;;;;;;;;;;;;;;;;;;;;;;;;;;;;;;;;;;;;;;;;;;;;;;;;;;;;;;;;;;;;;;;;;;;;;;;;;;;;;;;;;;;;;;;;;;;;;;;;;;;;;;;;;;;;;;;;;;;;;;;;;;;;;;;;;;;;;;;;;;;;;;;;;;;;;;;;;;;;;;;;;;;;;;;;;;;;;;;;;;;;;;;;;;;;;;;;;;;;;;;;;;;;;;;;;;;;;;;;;;;;;;;;;;;;;;;;;;;;;;;;;;;;;;;;;;;;
Электроэнергия, отпущенная различным категориям потребителей;;;;;;137,4;108,5;102,2;119,7;141,7;128,8;128,3;113,4;111,4;111,0;110,3;114,1;117,5;117,3;115,3;103,5;104,2;107,5;104,5;109,7;104,1;;;;;;;;;;;;;;;;;;;;;;;;;;;;;;;;;;;;;;;;;;;;;;;;;;;;;;;;;;;;;;;;;;;;;;;;;;;;;;;;;;;;;;;;;;;;;;;;;;;;;;;;;;;;;;;;;;;;;;;;;;;;;;;;;;;;;;;;;;;;;;;;;;;;;;;;;;;;;;;;;;;;;;;;;;;;;;;;;;;;;;;;;;;;;;;;;;;;;;;;;;;;;;;;;;;;;;;;;;;;;;;;;;;;;
Теплоэнергия;;;;;;130,6;106,2;102,0;110,7;135,4;125,2;125,2;116,3;111,4;113,7;112,9;103,8;120,4;119,6;113,8;111,3;109,3;111,7;104,0;109,3;105,6;;;;;;;;;;;;;;;;;;;;;;;;;;;;;;;;;;;;;;;;;;;;;;;;;;;;;;;;;;;;;;;;;;;;;;;;;;;;;;;;;;;;;;;;;;;;;;;;;;;;;;;;;;;;;;;;;;;;;;;;;;;;;;;;;;;;;;;;;;;;;;;;;;;;;;;;;;;;;;;;;;;;;;;;;;;;;;;;;;;;;;;;;;;;;;;;;;;;;;;;;;;;;;;;;;;;;;;;;;;;;;;;;;;;;
В соответствии с Общероссийским классификатором продукции по видам экономической деятельности ОК 034-2014 (КПЕС 2008) (ОКПД2);;;;;;;;;;;;;;;;;;;;;;;;;;;;;;;;;;;;;;;;;;;;;;;;;;;;;;;;;;;;;;;;;;;;;;;;;;;;;;;;;;;;;;;;;;;;;;;;;;;;;;;;;;;;;;;;;;;;;;;;;;;;;;;;;;;;;;;;;;;;;;;;;;;;;;;;;;;;;;;;;;;;;;;;;;;;;;;;;;;;;;;;;;;;;;;;;;;;;;;;;;;;;;;;;;;;;;;;;;;;;;;;;;;;;;;;;;;;;;;;;;;;;;;;;;;;;;;
"Индексы цен производителей 
на отдельные виды промышленных товаров (на конец периода, в процентах к декабрю предыдущего периода)1)";;;;;;;;;;;;;;;;;;;;;;;;;;;;;;;;;;;;;;;;;;;;;;;;;;;;;;;;;;;;;;;;;;;;;;;;;;;;;;;;;;;;;;;;;;;;;;;;;;;;;;;;;;;;;;;;;;;;;;;;;;;;;;;;;;;;;;;;;;;;;;;;;;;;;;;;;;;;;;;;;;;;;;;;;;;;;;;;;;;;;;;;;;;;;;;;;;;;;;;;;;;;;;;;;;;;;;;;;;;;;;;;;;;;;;;;;;;;;;;;;;;;;;;;;;;;;;;
Добыча полезных ископаемых;;;;;;;;;;;;;;;;;;;;;;;;;;;;;;;;;;;;;;;;;;;;;;;;;;;;;;;;;;;;;;;;;;;;;;;;;;;;;;;;;;;;;;;;;;;;;;;;;;;;;;;;;;;;;;;;;;;;;;;;;;;;;;;;;;;;;;;;;;;;;;;;;;;;;;;;;;;;;;;;;;;;;;;;;;;;;;;;;;;;;;;;;;;;;;;;;;;;;;;;;;;;;;;;;;;;;;;;;;;;;;;;;;;;;;;;;;;;;;;;;;;;;;;;;;;;;;;
Уголь коксующийся;;;;;;110,8;92,5;102,2;157,1;149,8;125,1;112,2;106,5;149,6;119,6;90,0;108,1;149,5;70,8;152,8;146,3;69,9;84,2;98,0;132,9;179,7;103,4;114,6;57,1;82,1;333,1;49,8;147,8;77,2;;;;;;;;;;;;;;;;;;;;;;;;;;;;;;;;;;;;;;;;;;;;;;;;;;;;;;;;;;;;;;;;;;;;;;;;;;;;;;;;;;;;;;;;;;;;;;;;;;;;;;;;;;;;;;;;;;;;;;;;;;;;;;;;;;;;;;;;;;;;;;;;;;;;;;;;;;;;;;;;;;;;;;;;;;;;;;;;;;;;;;;;;;;;;;;;;;;;;;;;;;;;;;;;;;;;;;;;;;;;;
Уголь, за исключением антрацита, угля коксующегося и угля бурого2);;;;;;141,4;100,2;99,7;120,3;149,6;116,1;112,4;107,2;144,7;108,9;103,1;120,5;133,3;92,0;116,7;133,1;97,8;110,1;109,5;91,7;110,4;103,4;113,5;93,6;104,7;188,9;84,8;94,7;103,6;;;;;;;;;;;;;;;;;;;;;;;;;;;;;;;;;;;;;;;;;;;;;;;;;;;;;;;;;;;;;;;;;;;;;;;;;;;;;;;;;;;;;;;;;;;;;;;;;;;;;;;;;;;;;;;;;;;;;;;;;;;;;;;;;;;;;;;;;;;;;;;;;;;;;;;;;;;;;;;;;;;;;;;;;;;;;;;;;;;;;;;;;;;;;;;;;;;;;;;;;;;;;;;;;;;;;;;;;;;;;
Нефть сырая3);2,6;99,6;5,6;2,9;2,8;125,0;112,3;89,5;287,1;155,9;92,1;126,4;100,7;166,2;140,9;91,3;166,1;46,1;199,3;114,7;129,1;107,1;108,0;91,6;112,8;109,6;138,3;128,4;89,9;89,5;192,1;69,1;173,1;102,5;;;;;;;;;;;;;;;;;;;;;;;;;;;;;;;;;;;;;;;;;;;;;;;;;;;;;;;;;;;;;;;;;;;;;;;;;;;;;;;;;;;;;;;;;;;;;;;;;;;;;;;;;;;;;;;;;;;;;;;;;;;;;;;;;;;;;;;;;;;;;;;;;;;;;;;;;;;;;;;;;;;;;;;;;;;;;;;;;;;;;;;;;;;;;;;;;;;;;;;;;;;;;;;;;;;;;;;;;;;;;
"Газ нефтяной попутный 
(газ горючий природный нефтяных месторождений)";;;;;;;;;;146,6;164,9;117,9;89,6;115,9;107,3;106,5;105,1;130,9;121,4;105,8;121,8;116,8;115,3;103,3;108,7;107,8;107,0;111,6;93,9;101,0;97,6;105,5;119,4;108,0;;;;;;;;;;;;;;;;;;;;;;;;;;;;;;;;;;;;;;;;;;;;;;;;;;;;;;;;;;;;;;;;;;;;;;;;;;;;;;;;;;;;;;;;;;;;;;;;;;;;;;;;;;;;;;;;;;;;;;;;;;;;;;;;;;;;;;;;;;;;;;;;;;;;;;;;;;;;;;;;;;;;;;;;;;;;;;;;;;;;;;;;;;;;;;;;;;;;;;;;;;;;;;;;;;;;;;;;;;;;;
"Газ горючий природный 
(газ естественный)37)";1,9;13,2;9,2;3,9;2,6;232,8;100,6;108,6;113,6;162,4;163,2;135,9;70,5;211,5;118,6;113,5;114,4;123,1;96,0;114,4;127,0;184,3;106,2;125,3;97,6;84,4;124,2;119,3;84,0;96,9;113,0;166,4;104,2;101,0;;;;;;;;;;;;;;;;;;;;;;;;;;;;;;;;;;;;;;;;;;;;;;;;;;;;;;;;;;;;;;;;;;;;;;;;;;;;;;;;;;;;;;;;;;;;;;;;;;;;;;;;;;;;;;;;;;;;;;;;;;;;;;;;;;;;;;;;;;;;;;;;;;;;;;;;;;;;;;;;;;;;;;;;;;;;;;;;;;;;;;;;;;;;;;;;;;;;;;;;;;;;;;;;;;;;;;;;;;;;;
Руда железная товарная необогащенная;2,0;63,0;14,8;2,6;1,8;118,6;106,8;114,9;121,1;115,3;128,3;104,6;110,5;151,6;123,6;112,8;102,1;131,4;72,0;175,9;130,2;84,9;116,3;87,1;97,7;105,8;136,3;132,8;115,2;145,3;115,3;77,1;148,1;112,6;;;;;;;;;;;;;;;;;;;;;;;;;;;;;;;;;;;;;;;;;;;;;;;;;;;;;;;;;;;;;;;;;;;;;;;;;;;;;;;;;;;;;;;;;;;;;;;;;;;;;;;;;;;;;;;;;;;;;;;;;;;;;;;;;;;;;;;;;;;;;;;;;;;;;;;;;;;;;;;;;;;;;;;;;;;;;;;;;;;;;;;;;;;;;;;;;;;;;;;;;;;;;;;;;;;;;;;;;;;;;
Пески строительные;3,1;32,1;16,2;3,3;2,2;148,6;103,3;110,6;138,2;134,8;120,3;111,4;123,6;114,9;108,7;118,0;126,8;113,6;90,8;99,6;94,9;128,0;109,1;97,9;102,2;97,7;100,8;107,3;116,5;100,2;108,4;115,2;122,4;122,4;;;;;;;;;;;;;;;;;;;;;;;;;;;;;;;;;;;;;;;;;;;;;;;;;;;;;;;;;;;;;;;;;;;;;;;;;;;;;;;;;;;;;;;;;;;;;;;;;;;;;;;;;;;;;;;;;;;;;;;;;;;;;;;;;;;;;;;;;;;;;;;;;;;;;;;;;;;;;;;;;;;;;;;;;;;;;;;;;;;;;;;;;;;;;;;;;;;;;;;;;;;;;;;;;;;;;;;;;;;;;
Щебень5);;;;;;143,6;114,9;107,6;130,4;145,8;119,6;115,8;111,5;119,5;113,7;120,5;124,3;125,9;90,0;103,1;119,4;112,3;100,6;102,5;100,1;106,7;103,7;106,7;105,1;99,4;103,2;126,6;111,4;107,4;;;;;;;;;;;;;;;;;;;;;;;;;;;;;;;;;;;;;;;;;;;;;;;;;;;;;;;;;;;;;;;;;;;;;;;;;;;;;;;;;;;;;;;;;;;;;;;;;;;;;;;;;;;;;;;;;;;;;;;;;;;;;;;;;;;;;;;;;;;;;;;;;;;;;;;;;;;;;;;;;;;;;;;;;;;;;;;;;;;;;;;;;;;;;;;;;;;;;;;;;;;;;;;;;;;;;;;;;;;;;
Обрабатывающие производства;;;;;;;;;;;;;;;;;;;;;;;;;;;;;;;;;;;;;;;;;;;;;;;;;;;;;;;;;;;;;;;;;;;;;;;;;;;;;;;;;;;;;;;;;;;;;;;;;;;;;;;;;;;;;;;;;;;;;;;;;;;;;;;;;;;;;;;;;;;;;;;;;;;;;;;;;;;;;;;;;;;;;;;;;;;;;;;;;;;;;;;;;;;;;;;;;;;;;;;;;;;;;;;;;;;;;;;;;;;;;;;;;;;;;;;;;;;;;;;;;;;;;;;;;;;;;;;
Говядина, кроме субпродуктов;9,2;9,6;12,8;2,4;2,6;123,0;113,0;160,2;159,6;127,0;129,8;97,2;101,3;133,8;118,2;113,9;99,8;122,4;102,9;109,3;118,9;101,8;101,0;108,7;123,3;107,4;101,5;104,4;101,5;105,8;112,0;117,5;100,7;116,3;;;;;;;;;;;;;;;;;;;;;;;;;;;;;;;;;;;;;;;;;;;;;;;;;;;;;;;;;;;;;;;;;;;;;;;;;;;;;;;;;;;;;;;;;;;;;;;;;;;;;;;;;;;;;;;;;;;;;;;;;;;;;;;;;;;;;;;;;;;;;;;;;;;;;;;;;;;;;;;;;;;;;;;;;;;;;;;;;;;;;;;;;;;;;;;;;;;;;;;;;;;;;;;;;;;;;;;;;;;;;
Свинина кроме субпродуктов;6,6;15,9;11,4;2,8;2,3;127,9;113,3;144,7;146,1;144,2;122,0;93,1;106,1;141,5;102,4;102,7;104,2;136,3;94,2;105,4;110,9;97,9;95,5;135,5;92,6;102,6;92,7;120,7;80,9;113,8;116,1;94,2;118,8;103,4;;;;;;;;;;;;;;;;;;;;;;;;;;;;;;;;;;;;;;;;;;;;;;;;;;;;;;;;;;;;;;;;;;;;;;;;;;;;;;;;;;;;;;;;;;;;;;;;;;;;;;;;;;;;;;;;;;;;;;;;;;;;;;;;;;;;;;;;;;;;;;;;;;;;;;;;;;;;;;;;;;;;;;;;;;;;;;;;;;;;;;;;;;;;;;;;;;;;;;;;;;;;;;;;;;;;;;;;;;;;;
Мясо домашней птицы;3,1;18,5;13,9;2,5;1,9;142,1;121,2;180,4;128,5;144,3;111,7;102,1;125,8;99,5;112,9;105,0;113,5;111,3;101,0;104,7;98,1;112,6;93,4;125,7;100,0;107,2;90,2;131,6;88,1;103,8;125,4;95,3;133,8;95,2;;;;;;;;;;;;;;;;;;;;;;;;;;;;;;;;;;;;;;;;;;;;;;;;;;;;;;;;;;;;;;;;;;;;;;;;;;;;;;;;;;;;;;;;;;;;;;;;;;;;;;;;;;;;;;;;;;;;;;;;;;;;;;;;;;;;;;;;;;;;;;;;;;;;;;;;;;;;;;;;;;;;;;;;;;;;;;;;;;;;;;;;;;;;;;;;;;;;;;;;;;;;;;;;;;;;;;;;;;;;;
Колбасы (колбаски) вареные мясные;7,5;14,3;13,2;2,8;2,3;124,2;110,9;160,8;132,3;134,6;121,1;105,3;106,6;121,6;107,8;105,1;108,1;123,4;106,2;106,5;107,6;107,2;101,9;119,9;107,1;103,7;98,9;102,1;101,1;102,5;112,5;106,5;111,5;102,1;;;;;;;;;;;;;;;;;;;;;;;;;;;;;;;;;;;;;;;;;;;;;;;;;;;;;;;;;;;;;;;;;;;;;;;;;;;;;;;;;;;;;;;;;;;;;;;;;;;;;;;;;;;;;;;;;;;;;;;;;;;;;;;;;;;;;;;;;;;;;;;;;;;;;;;;;;;;;;;;;;;;;;;;;;;;;;;;;;;;;;;;;;;;;;;;;;;;;;;;;;;;;;;;;;;;;;;;;;;;;
Консервы мясные;;;;;;114,7;115,6;161,8;129,3;115,0;126,7;99,7;103,8;116,1;117,6;105,9;112,7;123,0;113,0;102,7;104,8;106,3;108,3;122,7;121,0;100,2;107,0;97,2;98,4;109,8;106,8;122,2;98,9;103,1;;;;;;;;;;;;;;;;;;;;;;;;;;;;;;;;;;;;;;;;;;;;;;;;;;;;;;;;;;;;;;;;;;;;;;;;;;;;;;;;;;;;;;;;;;;;;;;;;;;;;;;;;;;;;;;;;;;;;;;;;;;;;;;;;;;;;;;;;;;;;;;;;;;;;;;;;;;;;;;;;;;;;;;;;;;;;;;;;;;;;;;;;;;;;;;;;;;;;;;;;;;;;;;;;;;;;;;;;;;;;
Рыба мороженая;2,7;25,2;7,2;2,7;2,3;113,3;121,3;171,6;185,1;120,3;132,4;112,5;104,6;111,8;107,9;101,3;120,9;100,7;109,9;104,8;138,4;97,7;94,7;121,2;138,0;115,0;99,9;108,1;111,6;94,3;103,6;112,1;106,4;126,6;;;;;;;;;;;;;;;;;;;;;;;;;;;;;;;;;;;;;;;;;;;;;;;;;;;;;;;;;;;;;;;;;;;;;;;;;;;;;;;;;;;;;;;;;;;;;;;;;;;;;;;;;;;;;;;;;;;;;;;;;;;;;;;;;;;;;;;;;;;;;;;;;;;;;;;;;;;;;;;;;;;;;;;;;;;;;;;;;;;;;;;;;;;;;;;;;;;;;;;;;;;;;;;;;;;;;;;;;;;;;
Консервы рыбные;;;;;;119,9;108,4;135,9;147,0;110,1;106,8;99,4;107,9;107,3;108,7;103,3;110,5;108,8;102,6;106,9;107,9;100,2;102,5;117,9;140,7;108,3;106,5;104,6;99,8;110,7;115,4;106,5;103,6;119,8;;;;;;;;;;;;;;;;;;;;;;;;;;;;;;;;;;;;;;;;;;;;;;;;;;;;;;;;;;;;;;;;;;;;;;;;;;;;;;;;;;;;;;;;;;;;;;;;;;;;;;;;;;;;;;;;;;;;;;;;;;;;;;;;;;;;;;;;;;;;;;;;;;;;;;;;;;;;;;;;;;;;;;;;;;;;;;;;;;;;;;;;;;;;;;;;;;;;;;;;;;;;;;;;;;;;;;;;;;;;;
Масла растительные8);2,0;58,8;8,8;3,8;2,2;81,9;128,7;222,8;133,5;81,6;176,2;93,1;107,4;109,6;90,5;98,4;175,8;79,9;103,4;155,2;86,4;99,0;87,0;115,5;138,8;95,7;90,3;106,5;96,1;165,0;117,3;86,9;99,3;131,4;;;;;;;;;;;;;;;;;;;;;;;;;;;;;;;;;;;;;;;;;;;;;;;;;;;;;;;;;;;;;;;;;;;;;;;;;;;;;;;;;;;;;;;;;;;;;;;;;;;;;;;;;;;;;;;;;;;;;;;;;;;;;;;;;;;;;;;;;;;;;;;;;;;;;;;;;;;;;;;;;;;;;;;;;;;;;;;;;;;;;;;;;;;;;;;;;;;;;;;;;;;;;;;;;;;;;;;;;;;;;
Молоко, кроме сырого;5,5;19,4;11,7;3,7;2,6;122,8;111,6;163,6;147,8;115,2;115,7;108,3;112,7;113,7;111,8;106,9;137,4;106,1;103,7;124,1;103,6;102,7;114,8;113,2;105,1;107,5;102,4;100,9;107,0;102,9;111,1;116,4;101,5;116,5;;;;;;;;;;;;;;;;;;;;;;;;;;;;;;;;;;;;;;;;;;;;;;;;;;;;;;;;;;;;;;;;;;;;;;;;;;;;;;;;;;;;;;;;;;;;;;;;;;;;;;;;;;;;;;;;;;;;;;;;;;;;;;;;;;;;;;;;;;;;;;;;;;;;;;;;;;;;;;;;;;;;;;;;;;;;;;;;;;;;;;;;;;;;;;;;;;;;;;;;;;;;;;;;;;;;;;;;;;;;;
Масло сливочное9);6,5;19,5;7,9;3,9;1,9;119,5;110,2;200,7;130,7;104,0;99,4;109,2;114,1;102,4;107,3;104,2;146,2;96,6;115,9;129,1;98,6;101,9;124,2;110,1;103,9;126,3;102,3;103,5;110,4;101,0;114,1;112,7;106,1;138,5;;;;;;;;;;;;;;;;;;;;;;;;;;;;;;;;;;;;;;;;;;;;;;;;;;;;;;;;;;;;;;;;;;;;;;;;;;;;;;;;;;;;;;;;;;;;;;;;;;;;;;;;;;;;;;;;;;;;;;;;;;;;;;;;;;;;;;;;;;;;;;;;;;;;;;;;;;;;;;;;;;;;;;;;;;;;;;;;;;;;;;;;;;;;;;;;;;;;;;;;;;;;;;;;;;;;;;;;;;;;;
"Продукты кисломолочные 
(кроме сметаны)10)";4,7;26,6;12,8;3,7;2,5;119,8;114,3;168,3;140,2;115,1;113,7;107,5;112,3;113,9;111,8;107,6;132,7;106,0;107,5;122,7;104,2;102,3;113,2;113,0;108,7;108,0;104,6;100,2;106,1;101,5;109,2;116,0;101,7;112,7;;;;;;;;;;;;;;;;;;;;;;;;;;;;;;;;;;;;;;;;;;;;;;;;;;;;;;;;;;;;;;;;;;;;;;;;;;;;;;;;;;;;;;;;;;;;;;;;;;;;;;;;;;;;;;;;;;;;;;;;;;;;;;;;;;;;;;;;;;;;;;;;;;;;;;;;;;;;;;;;;;;;;;;;;;;;;;;;;;;;;;;;;;;;;;;;;;;;;;;;;;;;;;;;;;;;;;;;;;;;;
Мука пшеничная;;;;;;117,7;94,3;103,6;239,3;106,8;99,4;83,2;183,5;96,3;76,2;127,4;143,9;102,2;80,4;141,7;78,6;156,6;84,8;123,7;107,3;98,9;82,2;128,4;103,6;124,1;106,7;93,4;101,8;113,0;;;;;;;;;;;;;;;;;;;;;;;;;;;;;;;;;;;;;;;;;;;;;;;;;;;;;;;;;;;;;;;;;;;;;;;;;;;;;;;;;;;;;;;;;;;;;;;;;;;;;;;;;;;;;;;;;;;;;;;;;;;;;;;;;;;;;;;;;;;;;;;;;;;;;;;;;;;;;;;;;;;;;;;;;;;;;;;;;;;;;;;;;;;;;;;;;;;;;;;;;;;;;;;;;;;;;;;;;;;;;
Крупа;;;;;;133,4;100,4;137,5;235,5;81,1;86,8;145,7;110,9;91,9;95,3;127,3;120,3;105,2;87,1;261,4;56,0;101,8;89,6;152,4;110,2;108,9;62,3;108,4;138,8;133,1;133,0;79,2;89,3;100,7;;;;;;;;;;;;;;;;;;;;;;;;;;;;;;;;;;;;;;;;;;;;;;;;;;;;;;;;;;;;;;;;;;;;;;;;;;;;;;;;;;;;;;;;;;;;;;;;;;;;;;;;;;;;;;;;;;;;;;;;;;;;;;;;;;;;;;;;;;;;;;;;;;;;;;;;;;;;;;;;;;;;;;;;;;;;;;;;;;;;;;;;;;;;;;;;;;;;;;;;;;;;;;;;;;;;;;;;;;;;;
Изделия хлебобулочные из ржаной муки и смеси ржаной и пшеничной муки11);;;;;;…;103,4;108,0;175,2;124,2;111,6;103,6;136,0;120,1;101,7;112,8;123,9;125,3;100,7;109,1;109,0;113,0;108,2;107,3;111,5;105,4;101,6;105,7;106,5;107,1;109,5;111,3;107,0;111,7;;;;;;;;;;;;;;;;;;;;;;;;;;;;;;;;;;;;;;;;;;;;;;;;;;;;;;;;;;;;;;;;;;;;;;;;;;;;;;;;;;;;;;;;;;;;;;;;;;;;;;;;;;;;;;;;;;;;;;;;;;;;;;;;;;;;;;;;;;;;;;;;;;;;;;;;;;;;;;;;;;;;;;;;;;;;;;;;;;;;;;;;;;;;;;;;;;;;;;;;;;;;;;;;;;;;;;;;;;;;;
"Изделия хлебобулочные 
из пшеничной муки";;;;;;123,7;103,6;111,8;182,8;117,0;112,6;104,2;132,8;117,2;101,8;112,3;124,6;125,9;100,9;108,4;109,3;112,5;107,8;106,7;111,4;104,5;101,1;105,0;105,7;107,2;108,1;112,0;107,1;111,9;;;;;;;;;;;;;;;;;;;;;;;;;;;;;;;;;;;;;;;;;;;;;;;;;;;;;;;;;;;;;;;;;;;;;;;;;;;;;;;;;;;;;;;;;;;;;;;;;;;;;;;;;;;;;;;;;;;;;;;;;;;;;;;;;;;;;;;;;;;;;;;;;;;;;;;;;;;;;;;;;;;;;;;;;;;;;;;;;;;;;;;;;;;;;;;;;;;;;;;;;;;;;;;;;;;;;;;;;;;;;
Печенье сладкое;;;;;;115,9;107,4;165,4;137,2;107,0;110,7;105,6;111,1;112,8;104,7;107,7;114,1;124,9;110,3;109,3;110,4;107,9;103,6;109,1;114,4;103,1;103,0;101,5;101,1;104,3;108,9;122,3;107,2;109,4;;;;;;;;;;;;;;;;;;;;;;;;;;;;;;;;;;;;;;;;;;;;;;;;;;;;;;;;;;;;;;;;;;;;;;;;;;;;;;;;;;;;;;;;;;;;;;;;;;;;;;;;;;;;;;;;;;;;;;;;;;;;;;;;;;;;;;;;;;;;;;;;;;;;;;;;;;;;;;;;;;;;;;;;;;;;;;;;;;;;;;;;;;;;;;;;;;;;;;;;;;;;;;;;;;;;;;;;;;;;;
Изделия макаронные и аналогичные мучные изделия;;;;;;113,1;97,8;134,9;160,5;106,1;107,5;98,8;118,0;110,0;93,1;106,3;118,7;124,2;92,5;113,3;94,0;115,5;99,2;113,3;114,5;98,2;96,0;103,6;105,4;109,5;115,8;108,1;97,6;110,9;;;;;;;;;;;;;;;;;;;;;;;;;;;;;;;;;;;;;;;;;;;;;;;;;;;;;;;;;;;;;;;;;;;;;;;;;;;;;;;;;;;;;;;;;;;;;;;;;;;;;;;;;;;;;;;;;;;;;;;;;;;;;;;;;;;;;;;;;;;;;;;;;;;;;;;;;;;;;;;;;;;;;;;;;;;;;;;;;;;;;;;;;;;;;;;;;;;;;;;;;;;;;;;;;;;;;;;;;;;;;
"Сахар белый свекловичный 
или тростниковый и химически чистая сахароза в твердом состоянии 
без вкусоароматических 
или красящих добавок";1,7;40,8;7,7;2,7;2,2;82,0;131,2;235,6;91,0;181,4;97,5;127,0;94,2;106,7;99,1;111,4;93,6;107,0;141,1;123,2;82,0;106,9;101,4;139,8;123,3;90,8;71,3;136,7;57,4;197,7;112,9;101,3;117,4;103,4;;;;;;;;;;;;;;;;;;;;;;;;;;;;;;;;;;;;;;;;;;;;;;;;;;;;;;;;;;;;;;;;;;;;;;;;;;;;;;;;;;;;;;;;;;;;;;;;;;;;;;;;;;;;;;;;;;;;;;;;;;;;;;;;;;;;;;;;;;;;;;;;;;;;;;;;;;;;;;;;;;;;;;;;;;;;;;;;;;;;;;;;;;;;;;;;;;;;;;;;;;;;;;;;;;;;;;;;;;;;;
Конфеты шоколадные12);;;;;;116,6;109,2;192,0;119,5;106,7;108,5;116,6;109,7;106,1;108,8;104,1;108,4;118,4;110,1;107,2;110,5;101,6;103,5;111,0;118,2;105,6;90,8;83,5;113,9;103,5;111,5;120,2;113,5;123,1;;;;;;;;;;;;;;;;;;;;;;;;;;;;;;;;;;;;;;;;;;;;;;;;;;;;;;;;;;;;;;;;;;;;;;;;;;;;;;;;;;;;;;;;;;;;;;;;;;;;;;;;;;;;;;;;;;;;;;;;;;;;;;;;;;;;;;;;;;;;;;;;;;;;;;;;;;;;;;;;;;;;;;;;;;;;;;;;;;;;;;;;;;;;;;;;;;;;;;;;;;;;;;;;;;;;;;;;;;;;;
Водка;;;;;;…;223,5;129,9;170,7;119,1;120,1;107,6;114,9;116,8;108,1;109,0;111,2;110,6;104,4;108,5;109,3;117,9;101,9;129,4;94,2;109,3;94,2;101,0;106,1;107,1;102,9;109,6;109,1;112,6;;;;;;;;;;;;;;;;;;;;;;;;;;;;;;;;;;;;;;;;;;;;;;;;;;;;;;;;;;;;;;;;;;;;;;;;;;;;;;;;;;;;;;;;;;;;;;;;;;;;;;;;;;;;;;;;;;;;;;;;;;;;;;;;;;;;;;;;;;;;;;;;;;;;;;;;;;;;;;;;;;;;;;;;;;;;;;;;;;;;;;;;;;;;;;;;;;;;;;;;;;;;;;;;;;;;;;;;;;;;;
Вина;;;;;;214,3;117,5;139,7;138,4;117,1;113,5;95,7;112,8;146,5;104,9;108,1;102,7;117,3;102,3;105,5;104,6;108,8;109,2;107,3;109,3;106,5;101,5;100,2;100,3;100,7;111,1;123,5;96,3;99,0;;;;;;;;;;;;;;;;;;;;;;;;;;;;;;;;;;;;;;;;;;;;;;;;;;;;;;;;;;;;;;;;;;;;;;;;;;;;;;;;;;;;;;;;;;;;;;;;;;;;;;;;;;;;;;;;;;;;;;;;;;;;;;;;;;;;;;;;;;;;;;;;;;;;;;;;;;;;;;;;;;;;;;;;;;;;;;;;;;;;;;;;;;;;;;;;;;;;;;;;;;;;;;;;;;;;;;;;;;;;;
Пиво, кроме отходов пивоварения;;;;;;184,0;115,9;134,1;149,7;129,7;115,7;138,1;104,7;121,5;107,0;104,2;106,8;112,1;108,7;108,1;111,4;104,3;113,7;105,8;112,3;104,1;102,4;102,9;104,5;101,2;101,7;117,9;110,5;113,9;;;;;;;;;;;;;;;;;;;;;;;;;;;;;;;;;;;;;;;;;;;;;;;;;;;;;;;;;;;;;;;;;;;;;;;;;;;;;;;;;;;;;;;;;;;;;;;;;;;;;;;;;;;;;;;;;;;;;;;;;;;;;;;;;;;;;;;;;;;;;;;;;;;;;;;;;;;;;;;;;;;;;;;;;;;;;;;;;;;;;;;;;;;;;;;;;;;;;;;;;;;;;;;;;;;;;;;;;;;;;
Напитки безалкогольные прочие;;;;;;123,1;106,3;126,9;108,6;117,8;116,3;117,5;109,0;112,0;104,5;105,8;114,3;112,7;111,8;106,3;105,2;104,1;105,3;115,3;109,2;109,4;102,9;107,9;101,5;108,2;101,0;120,6;102,8;114,0;;;;;;;;;;;;;;;;;;;;;;;;;;;;;;;;;;;;;;;;;;;;;;;;;;;;;;;;;;;;;;;;;;;;;;;;;;;;;;;;;;;;;;;;;;;;;;;;;;;;;;;;;;;;;;;;;;;;;;;;;;;;;;;;;;;;;;;;;;;;;;;;;;;;;;;;;;;;;;;;;;;;;;;;;;;;;;;;;;;;;;;;;;;;;;;;;;;;;;;;;;;;;;;;;;;;;;;;;;;;;
Сигареты13);;;;;;117,0;130,1;235,7;117,1;100,0;112,7;99,8;95,2;98,4;100,8;114,8;98,5;115,1;128,2;107,7;104,0;107,6;110,3;107,5;138,7;104,4;83,5;107,5;105,7;111,1;101,2;124,6;119,1;103,3;;;;;;;;;;;;;;;;;;;;;;;;;;;;;;;;;;;;;;;;;;;;;;;;;;;;;;;;;;;;;;;;;;;;;;;;;;;;;;;;;;;;;;;;;;;;;;;;;;;;;;;;;;;;;;;;;;;;;;;;;;;;;;;;;;;;;;;;;;;;;;;;;;;;;;;;;;;;;;;;;;;;;;;;;;;;;;;;;;;;;;;;;;;;;;;;;;;;;;;;;;;;;;;;;;;;;;;;;;;;;
"Ткани из шерсти или тонкого 
или грубого волоса животных, 
или конского волоса, подвергнутого кардо- и гребнечесанию";;;;;;122,8;108,1;145,1;168,1;109,8;103,9;102,2;110,2;114,6;98,4;104,0;109,9;101,4;93,3;108,3;124,1;113,0;100,8;108,6;127,1;105,5;98,7;101,3;100,3;95,7;88,4;114,5;107,5;104,5;;;;;;;;;;;;;;;;;;;;;;;;;;;;;;;;;;;;;;;;;;;;;;;;;;;;;;;;;;;;;;;;;;;;;;;;;;;;;;;;;;;;;;;;;;;;;;;;;;;;;;;;;;;;;;;;;;;;;;;;;;;;;;;;;;;;;;;;;;;;;;;;;;;;;;;;;;;;;;;;;;;;;;;;;;;;;;;;;;;;;;;;;;;;;;;;;;;;;;;;;;;;;;;;;;;;;;;;;;;;;
Ткани льняные15);7,0;10,3;6,8;4,2;2,5;118,0;106,0;159,5;141,0;120,0;104,9;104,7;117,2;98,8;109,7;96,9;101,1;102,0;101,4;97,9;144,1;108,9;106,6;101,0;106,4;146,8;100,2;116,3;108,1;121,9;118,0;126,5;109,4;131,4;;;;;;;;;;;;;;;;;;;;;;;;;;;;;;;;;;;;;;;;;;;;;;;;;;;;;;;;;;;;;;;;;;;;;;;;;;;;;;;;;;;;;;;;;;;;;;;;;;;;;;;;;;;;;;;;;;;;;;;;;;;;;;;;;;;;;;;;;;;;;;;;;;;;;;;;;;;;;;;;;;;;;;;;;;;;;;;;;;;;;;;;;;;;;;;;;;;;;;;;;;;;;;;;;;;;;;;;;;;;;
Ткани хлопчатобумажные32);4,4;11,1;5,5;3,9;2,6;106,4;104,3;140,4;122,9;111,3;102,2;105,5;127,7;94,7;98,5;99,6;116,6;106,9;112,6;139,6;114,3;100,1;109,5;90,0;100,0;100,0;100,5;105,8;100,5;107,3;121,3;112,3;99,1;103,4;;;;;;;;;;;;;;;;;;;;;;;;;;;;;;;;;;;;;;;;;;;;;;;;;;;;;;;;;;;;;;;;;;;;;;;;;;;;;;;;;;;;;;;;;;;;;;;;;;;;;;;;;;;;;;;;;;;;;;;;;;;;;;;;;;;;;;;;;;;;;;;;;;;;;;;;;;;;;;;;;;;;;;;;;;;;;;;;;;;;;;;;;;;;;;;;;;;;;;;;;;;;;;;;;;;;;;;;;;;;;
"Одежда верхняя трикотажная 
или вязаная";;;;;;126,2;109,1;148,8;188,3;120,5;110,0;110,3;109,5;109,2;105,9;104,0;107,1;118,9;106,7;103,3;106,0;108,0;101,9;110,0;118,5;104,4;99,7;102,6;101,5;102,4;115,5;112,0;116,1;100,8;;;;;;;;;;;;;;;;;;;;;;;;;;;;;;;;;;;;;;;;;;;;;;;;;;;;;;;;;;;;;;;;;;;;;;;;;;;;;;;;;;;;;;;;;;;;;;;;;;;;;;;;;;;;;;;;;;;;;;;;;;;;;;;;;;;;;;;;;;;;;;;;;;;;;;;;;;;;;;;;;;;;;;;;;;;;;;;;;;;;;;;;;;;;;;;;;;;;;;;;;;;;;;;;;;;;;;;;;;;;;
Костюмы мужские или для мальчиков из текстильных материалов, кроме трикотажных или вязаных17);;;;;;137,0;110,8;124,2;156,4;127,0;109,7;107,2;113,2;109,7;110,0;106,4;105,6;121,3;107,8;102,1;109,6;108,8;103,3;107,3;115,0;107,4;106,8;98,8;100,5;104,6;101,9;121,8;111,4;106,2;;;;;;;;;;;;;;;;;;;;;;;;;;;;;;;;;;;;;;;;;;;;;;;;;;;;;;;;;;;;;;;;;;;;;;;;;;;;;;;;;;;;;;;;;;;;;;;;;;;;;;;;;;;;;;;;;;;;;;;;;;;;;;;;;;;;;;;;;;;;;;;;;;;;;;;;;;;;;;;;;;;;;;;;;;;;;;;;;;;;;;;;;;;;;;;;;;;;;;;;;;;;;;;;;;;;;;;;;;;;;
"Пальто, полупальто женские 
или для девочек из текстильных материалов, кроме трикотажных 
или вязаных16)";;;;;;132,2;114,6;172,6;159,0;128,4;108,9;106,8;107,4;104,5;102,5;104,4;105,9;105,9;101,7;102,7;112,6;104,5;104,9;108,6;114,8;104,3;106,1;104,3;100,4;105,5;110,1;118,1;101,8;101,7;;;;;;;;;;;;;;;;;;;;;;;;;;;;;;;;;;;;;;;;;;;;;;;;;;;;;;;;;;;;;;;;;;;;;;;;;;;;;;;;;;;;;;;;;;;;;;;;;;;;;;;;;;;;;;;;;;;;;;;;;;;;;;;;;;;;;;;;;;;;;;;;;;;;;;;;;;;;;;;;;;;;;;;;;;;;;;;;;;;;;;;;;;;;;;;;;;;;;;;;;;;;;;;;;;;;;;;;;;;;;
Изделия чулочно-носочные трикотажные или вязаные;3,0;20,1;10,3;3,9;2,2;113,0;109,2;156,6;129,5;123,4;111,4;108,7;108,7;107,0;106,7;106,4;106,2;116,1;111,5;112,5;111,6;103,6;103,0;103,0;123,8;109,4;101,0;101,2;105,9;104,4;105,7;116,2;103,3;104,9;;;;;;;;;;;;;;;;;;;;;;;;;;;;;;;;;;;;;;;;;;;;;;;;;;;;;;;;;;;;;;;;;;;;;;;;;;;;;;;;;;;;;;;;;;;;;;;;;;;;;;;;;;;;;;;;;;;;;;;;;;;;;;;;;;;;;;;;;;;;;;;;;;;;;;;;;;;;;;;;;;;;;;;;;;;;;;;;;;;;;;;;;;;;;;;;;;;;;;;;;;;;;;;;;;;;;;;;;;;;;
Обувь;3,7;21,2;8,2;2,9;2,4;121,1;108,3;140,3;178,2;123,0;122,6;102,6;108,1;107,8;106,0;113,0;112,2;107,7;109,1;113,2;105,8;115,6;99,1;106,3;119,2;115,2;100,5;101,4;94,5;103,2;104,7;108,9;116,6;109,6;;;;;;;;;;;;;;;;;;;;;;;;;;;;;;;;;;;;;;;;;;;;;;;;;;;;;;;;;;;;;;;;;;;;;;;;;;;;;;;;;;;;;;;;;;;;;;;;;;;;;;;;;;;;;;;;;;;;;;;;;;;;;;;;;;;;;;;;;;;;;;;;;;;;;;;;;;;;;;;;;;;;;;;;;;;;;;;;;;;;;;;;;;;;;;;;;;;;;;;;;;;;;;;;;;;;;;;;;;;;;
Пиломатериалы хвойных пород33);;;;;;123,6;114,9;115,6;167,4;121,3;120,1;112,3;109,8;111,0;109,2;110,8;126,0;104,8;99,2;108,8;107,3;99,2;110,0;109,1;103,5;105,6;97,4;115,3;100,5;108,6;151,3;74,2;107,0;113,9;;;;;;;;;;;;;;;;;;;;;;;;;;;;;;;;;;;;;;;;;;;;;;;;;;;;;;;;;;;;;;;;;;;;;;;;;;;;;;;;;;;;;;;;;;;;;;;;;;;;;;;;;;;;;;;;;;;;;;;;;;;;;;;;;;;;;;;;;;;;;;;;;;;;;;;;;;;;;;;;;;;;;;;;;;;;;;;;;;;;;;;;;;;;;;;;;;;;;;;;;;;;;;;;;;;;;;;;;;;;;
Фанера;;;;;;123,5;111,7;150,2;143,1;120,1;113,3;110,0;104,5;114,3;110,2;100,9;144,4;87,2;90,7;124,2;105,0;100,2;104,3;112,1;106,5;115,5;96,0;114,2;83,8;112,3;193,7;52,3;110,8;119,7;;;;;;;;;;;;;;;;;;;;;;;;;;;;;;;;;;;;;;;;;;;;;;;;;;;;;;;;;;;;;;;;;;;;;;;;;;;;;;;;;;;;;;;;;;;;;;;;;;;;;;;;;;;;;;;;;;;;;;;;;;;;;;;;;;;;;;;;;;;;;;;;;;;;;;;;;;;;;;;;;;;;;;;;;;;;;;;;;;;;;;;;;;;;;;;;;;;;;;;;;;;;;;;;;;;;;;;;;;;;;
"Плиты древесно-стружечные 
и аналогичные плиты из древесины или других одревесневших материалов";2,8;18,6;13,0;2,9;2,6;131,0;107,1;112,4;122,8;173,8;127,5;106,5;114,9;110,9;111,8;108,0;108,8;110,0;91,6;106,4;114,3;106,1;98,0;98,7;99,8;100,8;104,7;113,7;95,0;113,5;140,8;84,9;116,8;113,1;;;;;;;;;;;;;;;;;;;;;;;;;;;;;;;;;;;;;;;;;;;;;;;;;;;;;;;;;;;;;;;;;;;;;;;;;;;;;;;;;;;;;;;;;;;;;;;;;;;;;;;;;;;;;;;;;;;;;;;;;;;;;;;;;;;;;;;;;;;;;;;;;;;;;;;;;;;;;;;;;;;;;;;;;;;;;;;;;;;;;;;;;;;;;;;;;;;;;;;;;;;;;;;;;;;;;;;;;;;;;
"Плиты древесно-волокнистые 
из древесины или других одревесневших материалов";3,3;20,3;9,5;3,4;2,8;121,1;107,5;112,4;154,6;122,4;113,0;111,2;121,4;120,5;113,5;108,7;126,6;117,5;81,2;112,8;104,2;96,3;115,4;95,6;96,0;106,9;96,6;108,4;105,6;107,5;164,8;68,6;91,3;105,4;;;;;;;;;;;;;;;;;;;;;;;;;;;;;;;;;;;;;;;;;;;;;;;;;;;;;;;;;;;;;;;;;;;;;;;;;;;;;;;;;;;;;;;;;;;;;;;;;;;;;;;;;;;;;;;;;;;;;;;;;;;;;;;;;;;;;;;;;;;;;;;;;;;;;;;;;;;;;;;;;;;;;;;;;;;;;;;;;;;;;;;;;;;;;;;;;;;;;;;;;;;;;;;;;;;;;;;;;;;;;
"Целлюлоза древесная и целлюлоза 
из прочих волокнистых материалов";6,8;12,1;7,5;6,4;1,9;80,0;109,8;183,6;192,0;119,6;77,6;112,6;101,5;107,0;107,1;115,9;111,5;95,7;117,4;127,9;88,2;96,7;106,7;112,9;130,9;106,8;97,5;122,8;77,4;113,0;136,1;118,7;87,2;106,7;;;;;;;;;;;;;;;;;;;;;;;;;;;;;;;;;;;;;;;;;;;;;;;;;;;;;;;;;;;;;;;;;;;;;;;;;;;;;;;;;;;;;;;;;;;;;;;;;;;;;;;;;;;;;;;;;;;;;;;;;;;;;;;;;;;;;;;;;;;;;;;;;;;;;;;;;;;;;;;;;;;;;;;;;;;;;;;;;;;;;;;;;;;;;;;;;;;;;;;;;;;;;;;;;;;;;;;;;;;;;
"Бумага газетная в рулонах 
или листах18)";4,1;15,3;10,3;4,3;3,0;79,4;102,0;197,0;180,3;140,4;101,6;94,5;101,3;107,8;115,8;115,1;108,1;106,1;90,1;104,9;111,8;101,2;99,8;101,2;116,6;114,5;105,2;108,9;96,3;98,0;111,7;106,7;101,6;103,6;;;;;;;;;;;;;;;;;;;;;;;;;;;;;;;;;;;;;;;;;;;;;;;;;;;;;;;;;;;;;;;;;;;;;;;;;;;;;;;;;;;;;;;;;;;;;;;;;;;;;;;;;;;;;;;;;;;;;;;;;;;;;;;;;;;;;;;;;;;;;;;;;;;;;;;;;;;;;;;;;;;;;;;;;;;;;;;;;;;;;;;;;;;;;;;;;;;;;;;;;;;;;;;;;;;;;;;;;;;;;
Бумага офсетная;;;;;;;;;;108,8;102,7;110,1;109,8;112,1;103,3;107,8;107,0;106,9;103,2;116,1;100,4;99,9;100,7;104,0;132,7;112,4;101,2;110,5;100,9;94,3;122,2;111,9;105,6;104,8;;;;;;;;;;;;;;;;;;;;;;;;;;;;;;;;;;;;;;;;;;;;;;;;;;;;;;;;;;;;;;;;;;;;;;;;;;;;;;;;;;;;;;;;;;;;;;;;;;;;;;;;;;;;;;;;;;;;;;;;;;;;;;;;;;;;;;;;;;;;;;;;;;;;;;;;;;;;;;;;;;;;;;;;;;;;;;;;;;;;;;;;;;;;;;;;;;;;;;;;;;;;;;;;;;;;;;;;;;;;;
Картон тарный (крафт-лайнер) небеленый, немелованный19);4,7;13,8;8,4;5,4;2,6;86,6;99,6;134,6;209,8;122,4;89,5;120,2;99,9;122,1;96,0;114,4;108,2;101,9;97,9;140,6;104,3;103,8;97,9;104,0;141,9;104,7;109,9;129,7;75,5;106,2;162,9;65,0;130,0;106,3;;;;;;;;;;;;;;;;;;;;;;;;;;;;;;;;;;;;;;;;;;;;;;;;;;;;;;;;;;;;;;;;;;;;;;;;;;;;;;;;;;;;;;;;;;;;;;;;;;;;;;;;;;;;;;;;;;;;;;;;;;;;;;;;;;;;;;;;;;;;;;;;;;;;;;;;;;;;;;;;;;;;;;;;;;;;;;;;;;;;;;;;;;;;;;;;;;;;;;;;;;;;;;;;;;;;;;;;;;;;;
Кокс и полукокс из каменного угля;;60,6;8,4;3,4;2,4;104,9;97,8;128,2;149,7;126,2;108,9;101,7;136,8;260,1;63,6;93,7;182,5;89,3;107,3;154,9;102,2;77,2;82,5;112,7;133,8;156,0;120,9;96,4;79,7;111,3;296,5;38,7;168,7;91,8;;;;;;;;;;;;;;;;;;;;;;;;;;;;;;;;;;;;;;;;;;;;;;;;;;;;;;;;;;;;;;;;;;;;;;;;;;;;;;;;;;;;;;;;;;;;;;;;;;;;;;;;;;;;;;;;;;;;;;;;;;;;;;;;;;;;;;;;;;;;;;;;;;;;;;;;;;;;;;;;;;;;;;;;;;;;;;;;;;;;;;;;;;;;;;;;;;;;;;;;;;;;;;;;;;;;;;;;;;;;;
Бензин автомобильный;2,2;144,9;5,6;2,8;3,0;123,1;115,6;124,0;401,5;119,6;80,9;113,1;116,7;133,6;102,3;115,2;126,2;61,7;137,6;122,0;109,8;103,5;107,4;105,3;106,6;105,6;114,4;111,2;82,7;104,1;112,2;62,0;128,4;138,9;;;;;;;;;;;;;;;;;;;;;;;;;;;;;;;;;;;;;;;;;;;;;;;;;;;;;;;;;;;;;;;;;;;;;;;;;;;;;;;;;;;;;;;;;;;;;;;;;;;;;;;;;;;;;;;;;;;;;;;;;;;;;;;;;;;;;;;;;;;;;;;;;;;;;;;;;;;;;;;;;;;;;;;;;;;;;;;;;;;;;;;;;;;;;;;;;;;;;;;;;;;;;;;;;;;;;;;;;;;;;
Топливо дизельное;2,4;152,3;6,0;2,5;2,9;140,9;121,0;107,6;322,5;154,0;93,1;104,3;127,0;159,9;118,1;96,6;130,6;65,6;112,9;132,6;128,0;107,9;102,4;100,7;107,8;100,2;116,2;129,8;86,4;91,5;127,1;101,8;108,5;103,6;;;;;;;;;;;;;;;;;;;;;;;;;;;;;;;;;;;;;;;;;;;;;;;;;;;;;;;;;;;;;;;;;;;;;;;;;;;;;;;;;;;;;;;;;;;;;;;;;;;;;;;;;;;;;;;;;;;;;;;;;;;;;;;;;;;;;;;;;;;;;;;;;;;;;;;;;;;;;;;;;;;;;;;;;;;;;;;;;;;;;;;;;;;;;;;;;;;;;;;;;;;;;;;;;;;;;;;;;;;;;
Мазут топочный;2,4;130,9;3,6;3,9;2,8;146,7;116,0;106,2;257,2;187,5;64,0;155,5;97,9;94,8;207,6;101,3;162,9;52,1;156,0;103,4;112,4;95,8;98,5;89,1;64,8;166,9;123,7;125,8;60,9;118,9;182,1;35,5;235,8;144,7;;;;;;;;;;;;;;;;;;;;;;;;;;;;;;;;;;;;;;;;;;;;;;;;;;;;;;;;;;;;;;;;;;;;;;;;;;;;;;;;;;;;;;;;;;;;;;;;;;;;;;;;;;;;;;;;;;;;;;;;;;;;;;;;;;;;;;;;;;;;;;;;;;;;;;;;;;;;;;;;;;;;;;;;;;;;;;;;;;;;;;;;;;;;;;;;;;;;;;;;;;;;;;;;;;;;;;;;;;;;;
"Масла нефтяные смазочные; дистилляты тяжелые, не включенные 
в другие группировки";3,3;111,7;4,6;3,3;2,9;125,1;109,2;99,0;201,2;123,0;112,4;104,9;123,2;126,8;144,5;118,7;95,5;93,1;93,5;134,2;116,9;94,0;99,3;105,1;117,1;112,5;107,3;133,3;96,1;99,5;169,0;134,4;88,1;97,9;;;;;;;;;;;;;;;;;;;;;;;;;;;;;;;;;;;;;;;;;;;;;;;;;;;;;;;;;;;;;;;;;;;;;;;;;;;;;;;;;;;;;;;;;;;;;;;;;;;;;;;;;;;;;;;;;;;;;;;;;;;;;;;;;;;;;;;;;;;;;;;;;;;;;;;;;;;;;;;;;;;;;;;;;;;;;;;;;;;;;;;;;;;;;;;;;;;;;;;;;;;;;;;;;;;;;;;;;;;;;
Битумы нефтяные дорожные;3,0;120,3;4,5;3,1;3,0;135,3;112,9;98,1;240,3;175,7;87,5;114,0;100,8;89,5;188,5;110,0;145,2;83,7;112,1;105,4;124,5;96,7;104,5;108,1;79,4;121,7;154,3;118,9;73,9;110,9;164,7;74,6;142,1;113,3;;;;;;;;;;;;;;;;;;;;;;;;;;;;;;;;;;;;;;;;;;;;;;;;;;;;;;;;;;;;;;;;;;;;;;;;;;;;;;;;;;;;;;;;;;;;;;;;;;;;;;;;;;;;;;;;;;;;;;;;;;;;;;;;;;;;;;;;;;;;;;;;;;;;;;;;;;;;;;;;;;;;;;;;;;;;;;;;;;;;;;;;;;;;;;;;;;;;;;;;;;;;;;;;;;;;;;;;;;;;;
Карбонат динатрия (карбонат натрия, сода кальцинированная);2,4;47,4;4,9;3,6;2,2;124,2;105,2;95,9;157,6;155,6;110,2;107,0;112,7;143,2;122,1;111,0;113,3;146,2;102,6;110,4;105,8;104,0;105,2;86,8;128,5;115,5;100,9;116,0;102,0;99,4;96,5;113,3;115,0;109,2;;;;;;;;;;;;;;;;;;;;;;;;;;;;;;;;;;;;;;;;;;;;;;;;;;;;;;;;;;;;;;;;;;;;;;;;;;;;;;;;;;;;;;;;;;;;;;;;;;;;;;;;;;;;;;;;;;;;;;;;;;;;;;;;;;;;;;;;;;;;;;;;;;;;;;;;;;;;;;;;;;;;;;;;;;;;;;;;;;;;;;;;;;;;;;;;;;;;;;;;;;;;;;;;;;;;;;;;;;;;;
Этилен;;;;;;123,6;105,2;107,6;348,1;141,3;93,4;110,4;112,6;124,6;104,4;103,3;117,0;80,2;98,8;122,2;114,9;105,1;102,8;87,0;113,7;111,2;133,3;101,5;104,7;94,4;199,8;60,9;132,4;102,8;;;;;;;;;;;;;;;;;;;;;;;;;;;;;;;;;;;;;;;;;;;;;;;;;;;;;;;;;;;;;;;;;;;;;;;;;;;;;;;;;;;;;;;;;;;;;;;;;;;;;;;;;;;;;;;;;;;;;;;;;;;;;;;;;;;;;;;;;;;;;;;;;;;;;;;;;;;;;;;;;;;;;;;;;;;;;;;;;;;;;;;;;;;;;;;;;;;;;;;;;;;;;;;;;;;;;;;;;;;;;
Удобpения и  соединения азотные20);1,6;40,5;11,9;4,6;2,9;123,4;101,0;119,9;118,7;129,4;126,2;114,4;112,5;131,8;112,0;109,9;132,3;102,3;76,5;144,0;127,4;109,1;86,5;134,4;123,3;81,9;107,3;116,8;87,4;111,6;195,5;92,7;83,7;104,7;;;;;;;;;;;;;;;;;;;;;;;;;;;;;;;;;;;;;;;;;;;;;;;;;;;;;;;;;;;;;;;;;;;;;;;;;;;;;;;;;;;;;;;;;;;;;;;;;;;;;;;;;;;;;;;;;;;;;;;;;;;;;;;;;;;;;;;;;;;;;;;;;;;;;;;;;;;;;;;;;;;;;;;;;;;;;;;;;;;;;;;;;;;;;;;;;;;;;;;;;;;;;;;;;;;;;;;;;;;;;
удобрения азотные минеральные или химические;1,6;41,1;9,8;4,1;3,3;119,3;95,7;108,6;117,1;143,0;122,7;119,4;117,6;142,6;110,6;107,3;130,2;95,1;105,8;149,7;124,7;111,3;98,1;136,1;108,0;89,0;107,9;106,8;87,7;114,5;189,9;91,9;84,6;102,3;;;;;;;;;;;;;;;;;;;;;;;;;;;;;;;;;;;;;;;;;;;;;;;;;;;;;;;;;;;;;;;;;;;;;;;;;;;;;;;;;;;;;;;;;;;;;;;;;;;;;;;;;;;;;;;;;;;;;;;;;;;;;;;;;;;;;;;;;;;;;;;;;;;;;;;;;;;;;;;;;;;;;;;;;;;;;;;;;;;;;;;;;;;;;;;;;;;;;;;;;;;;;;;;;;;;;;;;;;;;;
удобрения фосфорные минеральные или химические;1,2;43,1;13,2;3,4;2,9;159,1;104,4;148,6;125,1;113,8;124,4;107,1;100,5;98,7;104,1;118,8;124,9;138,7;84,5;102,6;122,3;100,0;94,3;107,0;100,0;…;…;109,2;108,4;92,5;105,0;-;-;-;;;;;;;;;;;;;;;;;;;;;;;;;;;;;;;;;;;;;;;;;;;;;;;;;;;;;;;;;;;;;;;;;;;;;;;;;;;;;;;;;;;;;;;;;;;;;;;;;;;;;;;;;;;;;;;;;;;;;;;;;;;;;;;;;;;;;;;;;;;;;;;;;;;;;;;;;;;;;;;;;;;;;;;;;;;;;;;;;;;;;;;;;;;;;;;;;;;;;;;;;;;;;;;;;;;;;;;;;;;;;
удобрения калийные минеральные или химические;;19,4;16,6;6,2;2,3;142,3;108,1;106,3;146,4;139,2;118,2;109,1;102,9;139,4;106,5;110,9;136,2;134,6;63,3;103,0;142,9;123,0;63,2;112,5;172,9;68,6;117,0;134,4;104,8;85,2;256,0;103,6;67,9;88,8;;;;;;;;;;;;;;;;;;;;;;;;;;;;;;;;;;;;;;;;;;;;;;;;;;;;;;;;;;;;;;;;;;;;;;;;;;;;;;;;;;;;;;;;;;;;;;;;;;;;;;;;;;;;;;;;;;;;;;;;;;;;;;;;;;;;;;;;;;;;;;;;;;;;;;;;;;;;;;;;;;;;;;;;;;;;;;;;;;;;;;;;;;;;;;;;;;;;;;;;;;;;;;;;;;;;;;;;;;;;;
удобрения, не включенные в другие группировки;;;;;;109,6;114,0;165,9;108,9;112,4;136,7;107,9;101,0;114,2;117,4;116,4;137,3;112,9;75,5;169,6;117,8;107,2;82,4;143,9;131,9;76,6;100,6;130,5;69,3;133,2;172,5;90,2;93,3;115,1;;;;;;;;;;;;;;;;;;;;;;;;;;;;;;;;;;;;;;;;;;;;;;;;;;;;;;;;;;;;;;;;;;;;;;;;;;;;;;;;;;;;;;;;;;;;;;;;;;;;;;;;;;;;;;;;;;;;;;;;;;;;;;;;;;;;;;;;;;;;;;;;;;;;;;;;;;;;;;;;;;;;;;;;;;;;;;;;;;;;;;;;;;;;;;;;;;;;;;;;;;;;;;;;;;;;;;;;;;;;;
Полимеры этилена в первичных формах;;;;;;105,3;112,0;128,6;271,0;127,0;91,5;97,7;122,5;126,3;102,7;129,8;93,1;68,2;150,5;128,0;103,0;112,2;95,5;118,0;131,5;93,1;93,9;115,6;79,7;104,4;167,2;76,6;111,9;102,8;;;;;;;;;;;;;;;;;;;;;;;;;;;;;;;;;;;;;;;;;;;;;;;;;;;;;;;;;;;;;;;;;;;;;;;;;;;;;;;;;;;;;;;;;;;;;;;;;;;;;;;;;;;;;;;;;;;;;;;;;;;;;;;;;;;;;;;;;;;;;;;;;;;;;;;;;;;;;;;;;;;;;;;;;;;;;;;;;;;;;;;;;;;;;;;;;;;;;;;;;;;;;;;;;;;;;;;;;;;;;
Каучуки синтетические в первичных формах;2,1;76,1;6,9;3,4;2,6;127,3;106,3;111,9;151,2;143,7;98,8;111,9;105,8;126,2;119,4;109,8;116,3;90,5;108,0;143,6;126,0;67,2;83,6;121,6;104,8;97,4;105,8;115,1;92,6;105,8;132,9;95,6;92,4;126,1;;;;;;;;;;;;;;;;;;;;;;;;;;;;;;;;;;;;;;;;;;;;;;;;;;;;;;;;;;;;;;;;;;;;;;;;;;;;;;;;;;;;;;;;;;;;;;;;;;;;;;;;;;;;;;;;;;;;;;;;;;;;;;;;;;;;;;;;;;;;;;;;;;;;;;;;;;;;;;;;;;;;;;;;;;;;;;;;;;;;;;;;;;;;;;;;;;;;;;;;;;;;;;;;;;;;;;;;;;;;;
Пестициды и агрохимические продукты прочие;;;;;;112,1;119,1;181,8;137,2;136,5;110,3;89,0;104,8;104,0;96,2;85,8;97,3;116,2;124,1;106,4;102,9;115,5;109,4;108,9;113,7;103,5;116,3;101,5;102,4;100,9;101,6;134,5;92,2;93,8;;;;;;;;;;;;;;;;;;;;;;;;;;;;;;;;;;;;;;;;;;;;;;;;;;;;;;;;;;;;;;;;;;;;;;;;;;;;;;;;;;;;;;;;;;;;;;;;;;;;;;;;;;;;;;;;;;;;;;;;;;;;;;;;;;;;;;;;;;;;;;;;;;;;;;;;;;;;;;;;;;;;;;;;;;;;;;;;;;;;;;;;;;;;;;;;;;;;;;;;;;;;;;;;;;;;;;;;;;;;;
Средства моющие21);;35,7;8,1;4,5;2,3;117,2;110,5;159,2;135,5;105,1;105,3;106,4;111,2;108,3;112,9;105,0;105,6;125,5;106,2;103,5;106,1;103,6;103,0;103,0;127,4;100,8;99,0;104,1;106,5;89,7;112,2;167,4;94,0;103,3;;;;;;;;;;;;;;;;;;;;;;;;;;;;;;;;;;;;;;;;;;;;;;;;;;;;;;;;;;;;;;;;;;;;;;;;;;;;;;;;;;;;;;;;;;;;;;;;;;;;;;;;;;;;;;;;;;;;;;;;;;;;;;;;;;;;;;;;;;;;;;;;;;;;;;;;;;;;;;;;;;;;;;;;;;;;;;;;;;;;;;;;;;;;;;;;;;;;;;;;;;;;;;;;;;;;;;;;;;;;;
Волокна синтетические;2,2;40,8;8,7;3,3;2,7;115,0;105,1;118,5;166,6;115,9;94,5;108,6;104,6;144,4;100,0;105,9;109,4;114,3;105,3;117,6;123,0;103,9;102,4;113,1;114,4;108,6;105,8;108,2;101,7;100,0;118,3;100,2;106,2;114,6;;;;;;;;;;;;;;;;;;;;;;;;;;;;;;;;;;;;;;;;;;;;;;;;;;;;;;;;;;;;;;;;;;;;;;;;;;;;;;;;;;;;;;;;;;;;;;;;;;;;;;;;;;;;;;;;;;;;;;;;;;;;;;;;;;;;;;;;;;;;;;;;;;;;;;;;;;;;;;;;;;;;;;;;;;;;;;;;;;;;;;;;;;;;;;;;;;;;;;;;;;;;;;;;;;;;;;;;;;;;;
Волокна искусственные;4,0;41,0;8,4;3,3;2,7;91,3;109,6;115,5;192,5;125,5;106,5;104,9;99,8;114,1;113,3;105,9;116,5;104,6;;;;;;;118,5;93,9;103,7;118,0;96,1;92,3;163,0;90,4;129,1;...;;;;;;;;;;;;;;;;;;;;;;;;;;;;;;;;;;;;;;;;;;;;;;;;;;;;;;;;;;;;;;;;;;;;;;;;;;;;;;;;;;;;;;;;;;;;;;;;;;;;;;;;;;;;;;;;;;;;;;;;;;;;;;;;;;;;;;;;;;;;;;;;;;;;;;;;;;;;;;;;;;;;;;;;;;;;;;;;;;;;;;;;;;;;;;;;;;;;;;;;;;;;;;;;;;;;;;;;;;;;;
Препараты лекарственные;;;;;;;;;;120,5;101,2;100,6;114,9;98,4;117,1;104,4;147,5;110,5;124,4;102,7;98,0;104,7;103,4;106,2;118,5;103,7;99,6;100,1;100,2;101,0;99,2;108,0;105,6;101,6;;;;;;;;;;;;;;;;;;;;;;;;;;;;;;;;;;;;;;;;;;;;;;;;;;;;;;;;;;;;;;;;;;;;;;;;;;;;;;;;;;;;;;;;;;;;;;;;;;;;;;;;;;;;;;;;;;;;;;;;;;;;;;;;;;;;;;;;;;;;;;;;;;;;;;;;;;;;;;;;;;;;;;;;;;;;;;;;;;;;;;;;;;;;;;;;;;;;;;;;;;;;;;;;;;;;;;;;;;;;;
"Шины, покрышки пневматические 
для легковых автомобилей новые";3,6;39,6;5,4;4,0;2,9;118,9;108,9;113,8;193,7;125,1;95,5;100,8;104,9;103,8;112,9;108,8;117,7;104,3;105,8;121,0;112,0;97,4;92,5;107,7;134,5;103,3;109,8;102,5;99,0;103,1;115,7;118,1;100,8;112,8;;;;;;;;;;;;;;;;;;;;;;;;;;;;;;;;;;;;;;;;;;;;;;;;;;;;;;;;;;;;;;;;;;;;;;;;;;;;;;;;;;;;;;;;;;;;;;;;;;;;;;;;;;;;;;;;;;;;;;;;;;;;;;;;;;;;;;;;;;;;;;;;;;;;;;;;;;;;;;;;;;;;;;;;;;;;;;;;;;;;;;;;;;;;;;;;;;;;;;;;;;;;;;;;;;;;;;;;;;;;;
"Шины и покрышки пневматические для автобусов, троллейбусов 
и грузовых автомобилей новые";2,3;57,7;5,6;4,3;3,0;107,7;112,6;122,7;161,4;123,9;92,6;102,5;116,8;106,0;132,5;111,1;109,6;109,7;105,6;129,1;116,6;97,4;98,8;88,7;119,8;94,4;103,9;104,7;102,4;105,8;117,2;117,3;105,8;109,7;;;;;;;;;;;;;;;;;;;;;;;;;;;;;;;;;;;;;;;;;;;;;;;;;;;;;;;;;;;;;;;;;;;;;;;;;;;;;;;;;;;;;;;;;;;;;;;;;;;;;;;;;;;;;;;;;;;;;;;;;;;;;;;;;;;;;;;;;;;;;;;;;;;;;;;;;;;;;;;;;;;;;;;;;;;;;;;;;;;;;;;;;;;;;;;;;;;;;;;;;;;;;;;;;;;;;;;;;;;;;
Шины и покрышки пневматические для сельскохозяйственных машин;2,3;63,0;8,0;4,1;3,0;113,2;109,1;124,8;203,6;118,6;96,8;100,9;106,7;108,6;126,1;114,4;109,0;105,4;100,3;118,7;142,4;90,1;107,7;98,2;112,5;118,9;93,8;104,9;103,2;106,1;139,5;119,1;113,9;95,4;;;;;;;;;;;;;;;;;;;;;;;;;;;;;;;;;;;;;;;;;;;;;;;;;;;;;;;;;;;;;;;;;;;;;;;;;;;;;;;;;;;;;;;;;;;;;;;;;;;;;;;;;;;;;;;;;;;;;;;;;;;;;;;;;;;;;;;;;;;;;;;;;;;;;;;;;;;;;;;;;;;;;;;;;;;;;;;;;;;;;;;;;;;;;;;;;;;;;;;;;;;;;;;;;;;;;;;;;;;;;
"Линолеум и твердые неполимерные материалы для покрытия пола, т. е. упругие напольные покрытия, такие как виниловое покрытие, линолеум 
и аналогичные изделия";;;;;;108,5;103,5;120,4;160,4;109,1;100,6;101,1;106,2;99,1;93,9;105,4;101,3;116,0;109,0;104,8;107,7;98,4;109,1;107,9;110,8;106,9;92,7;106,3;99,1;100,0;124,7;106,8;116,4;101,3;;;;;;;;;;;;;;;;;;;;;;;;;;;;;;;;;;;;;;;;;;;;;;;;;;;;;;;;;;;;;;;;;;;;;;;;;;;;;;;;;;;;;;;;;;;;;;;;;;;;;;;;;;;;;;;;;;;;;;;;;;;;;;;;;;;;;;;;;;;;;;;;;;;;;;;;;;;;;;;;;;;;;;;;;;;;;;;;;;;;;;;;;;;;;;;;;;;;;;;;;;;;;;;;;;;;;;;;;;;;;
Стекло листовое22);;;;;;117,8;102,1;111,9;146,1;144,0;115,2;104,3;142,6;102,5;91,2;138,8;95,5;96,7;83,5;129,8;91,1;103,1;66,4;122,4;126,6;139,7;101,7;101,3;94,3;120,2;135,6;73,4;122,6;98,8;;;;;;;;;;;;;;;;;;;;;;;;;;;;;;;;;;;;;;;;;;;;;;;;;;;;;;;;;;;;;;;;;;;;;;;;;;;;;;;;;;;;;;;;;;;;;;;;;;;;;;;;;;;;;;;;;;;;;;;;;;;;;;;;;;;;;;;;;;;;;;;;;;;;;;;;;;;;;;;;;;;;;;;;;;;;;;;;;;;;;;;;;;;;;;;;;;;;;;;;;;;;;;;;;;;;;;;;;;;;;
Плитки керамические глазурованные для внутренней облицовки стен;;;;;;139,5;109,3;127,4;148,1;123,0;107,3;111,8;110,6;107,3;109,1;118,6;95,8;113,6;107,3;98,9;110,4;107,3;103,3;95,2;114,0;108,4;105,5;106,7;104,9;104,3;112,7;114,7;104,4;107,1;;;;;;;;;;;;;;;;;;;;;;;;;;;;;;;;;;;;;;;;;;;;;;;;;;;;;;;;;;;;;;;;;;;;;;;;;;;;;;;;;;;;;;;;;;;;;;;;;;;;;;;;;;;;;;;;;;;;;;;;;;;;;;;;;;;;;;;;;;;;;;;;;;;;;;;;;;;;;;;;;;;;;;;;;;;;;;;;;;;;;;;;;;;;;;;;;;;;;;;;;;;;;;;;;;;;;;;;;;;;;
Плитки керамические для полов;;;;;;126,6;112,9;308,2;124,9;124,2;110,3;105,0;110,7;103,7;101,2;104,1;103,5;114,5;100,5;100,7;105,9;95,0;101,2;97,3;111,1;110,0;106,4;102,8;102,6;105,7;111,7;137,2;99,7;112,4;;;;;;;;;;;;;;;;;;;;;;;;;;;;;;;;;;;;;;;;;;;;;;;;;;;;;;;;;;;;;;;;;;;;;;;;;;;;;;;;;;;;;;;;;;;;;;;;;;;;;;;;;;;;;;;;;;;;;;;;;;;;;;;;;;;;;;;;;;;;;;;;;;;;;;;;;;;;;;;;;;;;;;;;;;;;;;;;;;;;;;;;;;;;;;;;;;;;;;;;;;;;;;;;;;;;;;;;;;;;;
Кирпич керамический неогнеупорный строительный23);2,9;25,5;11,6;3,2;2,6;127,8;108,5;114,5;135,6;145,6;125,9;121,8;120,5;114,5;115,4;128,2;132,2;120,4;83,8;103,1;113,4;117,5;105,5;104,8;92,8;97,5;100,6;103,8;108,2;103,8;126,8;118,5;104,0;108,5;;;;;;;;;;;;;;;;;;;;;;;;;;;;;;;;;;;;;;;;;;;;;;;;;;;;;;;;;;;;;;;;;;;;;;;;;;;;;;;;;;;;;;;;;;;;;;;;;;;;;;;;;;;;;;;;;;;;;;;;;;;;;;;;;;;;;;;;;;;;;;;;;;;;;;;;;;;;;;;;;;;;;;;;;;;;;;;;;;;;;;;;;;;;;;;;;;;;;;;;;;;;;;;;;;;;;;;;;;;;;
"Портландцемент, цемент глиноземистый, цемент шлаковый 
и аналогичные гидравлические цементы";;;;;;137,0;107,9;106,0;132,8;149,6;124,5;121,4;127,4;114,4;118,0;126,2;165,5;78,6;82,4;104,9;129,4;102,3;97,3;99,1;103,4;113,7;106,6;106,3;100,4;101,6;114,5;119,6;113,9;110,6;;;;;;;;;;;;;;;;;;;;;;;;;;;;;;;;;;;;;;;;;;;;;;;;;;;;;;;;;;;;;;;;;;;;;;;;;;;;;;;;;;;;;;;;;;;;;;;;;;;;;;;;;;;;;;;;;;;;;;;;;;;;;;;;;;;;;;;;;;;;;;;;;;;;;;;;;;;;;;;;;;;;;;;;;;;;;;;;;;;;;;;;;;;;;;;;;;;;;;;;;;;;;;;;;;;;;;;;;;;;;
Известь гидравлическая;;;;;;151,9;111,4;99,8;126,1;121,9;107,5;115,2;111,2;157,2;103,6;107,4;128,8;120,8;102,4;118,9;135,7;108,1;114,2;109,1;99,3;96,6;109,9;106,6;99,8;107,1;105,2;106,3;100,0;100,0;;;;;;;;;;;;;;;;;;;;;;;;;;;;;;;;;;;;;;;;;;;;;;;;;;;;;;;;;;;;;;;;;;;;;;;;;;;;;;;;;;;;;;;;;;;;;;;;;;;;;;;;;;;;;;;;;;;;;;;;;;;;;;;;;;;;;;;;;;;;;;;;;;;;;;;;;;;;;;;;;;;;;;;;;;;;;;;;;;;;;;;;;;;;;;;;;;;;;;;;;;;;;;;;;;;;;;;;;;;;;
Панели стеновые наружные железобетонные;;;;;;145,8;112,6;106,1;124,4;127,6;122,2;118,6;117,5;113,1;114,1;117,6;128,8;116,8;97,5;99,7;108,4;100,1;102,6;104,0;104,1;111,2;105,2;101,5;98,1;117,3;102,2;122,3;104,0;120,3;;;;;;;;;;;;;;;;;;;;;;;;;;;;;;;;;;;;;;;;;;;;;;;;;;;;;;;;;;;;;;;;;;;;;;;;;;;;;;;;;;;;;;;;;;;;;;;;;;;;;;;;;;;;;;;;;;;;;;;;;;;;;;;;;;;;;;;;;;;;;;;;;;;;;;;;;;;;;;;;;;;;;;;;;;;;;;;;;;;;;;;;;;;;;;;;;;;;;;;;;;;;;;;;;;;;;;;;;;;;;
Плиты, панели и настилы перекрытий и покрытий железобетонные;;;;;;;;;;;;;;;;;;;90,3;100,4;112,3;107,8;100,1;102,7;100,9;102,9;103,7;110,4;106,2;101,3;123,1;112,2;106,8;111,2;;;;;;;;;;;;;;;;;;;;;;;;;;;;;;;;;;;;;;;;;;;;;;;;;;;;;;;;;;;;;;;;;;;;;;;;;;;;;;;;;;;;;;;;;;;;;;;;;;;;;;;;;;;;;;;;;;;;;;;;;;;;;;;;;;;;;;;;;;;;;;;;;;;;;;;;;;;;;;;;;;;;;;;;;;;;;;;;;;;;;;;;;;;;;;;;;;;;;;;;;;;;;;;;;;;;;;;;;;;;;
Шпалы и брусья железобетонные;;;;;;;;;;;;;;;;;;;92,9;103,1;111,7;104,1;112,5;99,9;115,0;100,6;105,1;104,5;109,6;105,4;104,4;174,4;87,6;106,3;;;;;;;;;;;;;;;;;;;;;;;;;;;;;;;;;;;;;;;;;;;;;;;;;;;;;;;;;;;;;;;;;;;;;;;;;;;;;;;;;;;;;;;;;;;;;;;;;;;;;;;;;;;;;;;;;;;;;;;;;;;;;;;;;;;;;;;;;;;;;;;;;;;;;;;;;;;;;;;;;;;;;;;;;;;;;;;;;;;;;;;;;;;;;;;;;;;;;;;;;;;;;;;;;;;;;;;;;;;;;
"Материалы рулонные кровельные 
и гидроизоляционные24)";5,2;29,0;8,4;3,8;3,3;114,6;107,0;104,4;176,2;146,2;107,0;98,8;109,2;102,1;113,3;117,7;108,5;124,1;104,0;102,8;101,1;104,9;95,4;103,1;105,2;101,1;107,6;110,5;105,0;93,3;131,6;96,9;118,2;102,5;;;;;;;;;;;;;;;;;;;;;;;;;;;;;;;;;;;;;;;;;;;;;;;;;;;;;;;;;;;;;;;;;;;;;;;;;;;;;;;;;;;;;;;;;;;;;;;;;;;;;;;;;;;;;;;;;;;;;;;;;;;;;;;;;;;;;;;;;;;;;;;;;;;;;;;;;;;;;;;;;;;;;;;;;;;;;;;;;;;;;;;;;;;;;;;;;;;;;;;;;;;;;;;;;;;;;;;;;;;;;
"Чугун зеркальный и передельный 
в чушках, болванках или в прочих первичных формах";3,3;44,6;9,8;3,4;2,6;107,2;105,1;87,9;191,8;129,5;93,0;142,9;131,5;204,9;74,1;115,9;126,6;79,3;112,9;166,7;102,7;87,7;106,7;127,7;75,7;139,5;127,9;117,3;89,7;127,4;171,5;65,4;138,8;108,9;;;;;;;;;;;;;;;;;;;;;;;;;;;;;;;;;;;;;;;;;;;;;;;;;;;;;;;;;;;;;;;;;;;;;;;;;;;;;;;;;;;;;;;;;;;;;;;;;;;;;;;;;;;;;;;;;;;;;;;;;;;;;;;;;;;;;;;;;;;;;;;;;;;;;;;;;;;;;;;;;;;;;;;;;;;;;;;;;;;;;;;;;;;;;;;;;;;;;;;;;;;;;;;;;;;;;;;;;;;;;
Прокат листовой горячекатаный стальной, без дополнительной обработки26);3,0;29,5;11,8;3,7;2,7;118,6;98,6;110,2;233,5;120,7;102,2;124,2;127,2;162,5;100,8;115,5;99,3;113,6;91,6;117,5;106,4;88,7;102,4;113,0;110,7;117,3;105,7;104,1;92,1;120,3;165,1;77,3;118,8;94,4;;;;;;;;;;;;;;;;;;;;;;;;;;;;;;;;;;;;;;;;;;;;;;;;;;;;;;;;;;;;;;;;;;;;;;;;;;;;;;;;;;;;;;;;;;;;;;;;;;;;;;;;;;;;;;;;;;;;;;;;;;;;;;;;;;;;;;;;;;;;;;;;;;;;;;;;;;;;;;;;;;;;;;;;;;;;;;;;;;;;;;;;;;;;;;;;;;;;;;;;;;;;;;;;;;;;;;;;;;;;;
Алюминий необработанный;4,7;39,1;6,1;4,5;2,0;102,5;104,7;199,4;167,1;108,7;91,7;110,4;100,5;114,9;113,9;128,8;83,7;94,8;100,1;132,5;95,9;95,4;93,7;160,8;115,2;103,2;114,1;109,0;82,0;122,0;154,8;111,9;138,6;127,8;;;;;;;;;;;;;;;;;;;;;;;;;;;;;;;;;;;;;;;;;;;;;;;;;;;;;;;;;;;;;;;;;;;;;;;;;;;;;;;;;;;;;;;;;;;;;;;;;;;;;;;;;;;;;;;;;;;;;;;;;;;;;;;;;;;;;;;;;;;;;;;;;;;;;;;;;;;;;;;;;;;;;;;;;;;;;;;;;;;;;;;;;;;;;;;;;;;;;;;;;;;;;;;;;;;;;;;;;;;;;
Свинец необработанный;;13,5;6,2;2,7;2,7;149,2;114,7;122,6;235,7;108,2;90,7;107,0;90,3;159,2;113,6;106,3;226,0;56,4;167,9;113,0;90,9;102,5;104,2;137,0;118,7;106,1;;;99,8;101,1;132,2;67,8;132,1;114,5;;;;;;;;;;;;;;;;;;;;;;;;;;;;;;;;;;;;;;;;;;;;;;;;;;;;;;;;;;;;;;;;;;;;;;;;;;;;;;;;;;;;;;;;;;;;;;;;;;;;;;;;;;;;;;;;;;;;;;;;;;;;;;;;;;;;;;;;;;;;;;;;;;;;;;;;;;;;;;;;;;;;;;;;;;;;;;;;;;;;;;;;;;;;;;;;;;;;;;;;;;;;;;;;;;;;;;;;;;;;;
Цинк необработанный;5,4;42,4;6,4;3,9;1,7;124,6;117,0;272,2;164,2;91,8;77,9;113,4;110,5;116,6;168,5;220,1;52,4;52,2;225,4;103,5;85,4;103,6;97,4;189,5;94,0;139,8;102,2;95,0;80,8;143,2;123,9;87,9;104,9;139,2;;;;;;;;;;;;;;;;;;;;;;;;;;;;;;;;;;;;;;;;;;;;;;;;;;;;;;;;;;;;;;;;;;;;;;;;;;;;;;;;;;;;;;;;;;;;;;;;;;;;;;;;;;;;;;;;;;;;;;;;;;;;;;;;;;;;;;;;;;;;;;;;;;;;;;;;;;;;;;;;;;;;;;;;;;;;;;;;;;;;;;;;;;;;;;;;;;;;;;;;;;;;;;;;;;;;;;;;;;;;;
Медь рафинированная необработанная;1,5;87,6;5,6;3,4;1,8;111,9;98,5;196,0;185,8;103,5;89,3;117,5;128,8;137,6;142,6;164,6;91,4;61,0;185,2;132,2;91,0;103,7;96,9;133,0;104,0;102,4;121,5;102,8;91,5;149,2;120,2;81,6;154,6;111,8;;;;;;;;;;;;;;;;;;;;;;;;;;;;;;;;;;;;;;;;;;;;;;;;;;;;;;;;;;;;;;;;;;;;;;;;;;;;;;;;;;;;;;;;;;;;;;;;;;;;;;;;;;;;;;;;;;;;;;;;;;;;;;;;;;;;;;;;;;;;;;;;;;;;;;;;;;;;;;;;;;;;;;;;;;;;;;;;;;;;;;;;;;;;;;;;;;;;;;;;;;;;;;;;;;;;;;;;;;;;;
Машины вычислительные электронные цифровые, поставляемые в виде систем для автоматической обработки данных;;;;;;;;;;;;;;;;;;;;;;;;;;;;;…;99,7;88,6;90,3;130,0;117,6;;;;;;;;;;;;;;;;;;;;;;;;;;;;;;;;;;;;;;;;;;;;;;;;;;;;;;;;;;;;;;;;;;;;;;;;;;;;;;;;;;;;;;;;;;;;;;;;;;;;;;;;;;;;;;;;;;;;;;;;;;;;;;;;;;;;;;;;;;;;;;;;;;;;;;;;;;;;;;;;;;;;;;;;;;;;;;;;;;;;;;;;;;;;;;;;;;;;;;;;;;;;;;;;;;;;;;;;;;;;;
Машины вычислительные электронные цифровые прочие, содержащие или не содержащие в одном корпусе одно или два из следующих устройств для автоматической обработки данных: запоминающие устройства, устройства ввода, устройства вывода;;;;;;;;;;;;;;;;105,2;…;104,7;117,7;111,8;110,1;94,1;109,6;108,2;115,2;97,3;110,3;99,3;98,4;105,8;94,5;100,0;…;70,0;;;;;;;;;;;;;;;;;;;;;;;;;;;;;;;;;;;;;;;;;;;;;;;;;;;;;;;;;;;;;;;;;;;;;;;;;;;;;;;;;;;;;;;;;;;;;;;;;;;;;;;;;;;;;;;;;;;;;;;;;;;;;;;;;;;;;;;;;;;;;;;;;;;;;;;;;;;;;;;;;;;;;;;;;;;;;;;;;;;;;;;;;;;;;;;;;;;;;;;;;;;;;;;;;;;;;;;;;;;;;
"Приемники телевизионные (телевизоры) цветного изображения без устройств записи 
и воспроизведения звука 
и изображения";;;;;;109,0;102,0;163,4;145,9;109,0;116,3;96,1;95,0;98,8;100,8;94,0;92,7;90,5;152,5;84,9;88,9;103,9;103,0;99,3;116,9;119,3;83,7;95,0;93,4;92,4;111,7;92,5;100,0;91,5;;;;;;;;;;;;;;;;;;;;;;;;;;;;;;;;;;;;;;;;;;;;;;;;;;;;;;;;;;;;;;;;;;;;;;;;;;;;;;;;;;;;;;;;;;;;;;;;;;;;;;;;;;;;;;;;;;;;;;;;;;;;;;;;;;;;;;;;;;;;;;;;;;;;;;;;;;;;;;;;;;;;;;;;;;;;;;;;;;;;;;;;;;;;;;;;;;;;;;;;;;;;;;;;;;;;;;;;;;;;;
"Электродвигатели переменного 
и постоянного тока универсальные мощностью более 37,5 Вт";;;;;;;;;;;;;;;;;;;;98,9;102,1;103,6;100,3;104,0;106,8;102,3;108,7;104,2;123,5;103,9;105,6;115,1;111,6;111,4;;;;;;;;;;;;;;;;;;;;;;;;;;;;;;;;;;;;;;;;;;;;;;;;;;;;;;;;;;;;;;;;;;;;;;;;;;;;;;;;;;;;;;;;;;;;;;;;;;;;;;;;;;;;;;;;;;;;;;;;;;;;;;;;;;;;;;;;;;;;;;;;;;;;;;;;;;;;;;;;;;;;;;;;;;;;;;;;;;;;;;;;;;;;;;;;;;;;;;;;;;;;;;;;;;;;;;;;;;;;;
Генераторы переменного тока (синхронные генераторы);;;;;;;;;;;;;;;;;;;;115,0;115,4;104,7;106,1;101,3;101,4;101,1;106,0;102,3;101,9;105,6;99,3;101,7;142,8;101,9;;;;;;;;;;;;;;;;;;;;;;;;;;;;;;;;;;;;;;;;;;;;;;;;;;;;;;;;;;;;;;;;;;;;;;;;;;;;;;;;;;;;;;;;;;;;;;;;;;;;;;;;;;;;;;;;;;;;;;;;;;;;;;;;;;;;;;;;;;;;;;;;;;;;;;;;;;;;;;;;;;;;;;;;;;;;;;;;;;;;;;;;;;;;;;;;;;;;;;;;;;;;;;;;;;;;;;;;;;;;;
"Аккумуляторы свинцовые 
для запуска поршневых двигателей";;;;;;123,8;107,2;156,7;155,2;108,4;101,3;102,9;106,9;108,2;117,7;109,3;151,7;85,3;96,8;109,9;113,3;85,9;104,9;104,6;148,8;105,4;102,8;100,8;97,3;101,5;122,6;96,4;115,0;109,1;;;;;;;;;;;;;;;;;;;;;;;;;;;;;;;;;;;;;;;;;;;;;;;;;;;;;;;;;;;;;;;;;;;;;;;;;;;;;;;;;;;;;;;;;;;;;;;;;;;;;;;;;;;;;;;;;;;;;;;;;;;;;;;;;;;;;;;;;;;;;;;;;;;;;;;;;;;;;;;;;;;;;;;;;;;;;;;;;;;;;;;;;;;;;;;;;;;;;;;;;;;;;;;;;;;;;;;;;;;;;
Провода обмоточные изолированные;;;;;;111,3;107,7;216,8;117,6;110,2;94,9;97,0;118,5;141,3;130,2;181,8;79,8;72,1;163,0;123,8;94,5;96,3;98,7;130,7;110,8;102,9;103,7;102,1;94,6;135,6;128,3;100,7;109,4;107,5;;;;;;;;;;;;;;;;;;;;;;;;;;;;;;;;;;;;;;;;;;;;;;;;;;;;;;;;;;;;;;;;;;;;;;;;;;;;;;;;;;;;;;;;;;;;;;;;;;;;;;;;;;;;;;;;;;;;;;;;;;;;;;;;;;;;;;;;;;;;;;;;;;;;;;;;;;;;;;;;;;;;;;;;;;;;;;;;;;;;;;;;;;;;;;;;;;;;;;;;;;;;;;;;;;;;;;;;;;;;;
Кабели, провода и шнуры связи29);;;;;;118,4;108,7;201,3;71,2;105,8;101,0;106,9;126,3;120,4;110,6;127,8;104,5;100,1;99,5;174,1;65,8;104,0;91,0;146,9;102,4;102,1;101,6;109,2;97,0;109,5;107,6;116,9;93,7;101,9;;;;;;;;;;;;;;;;;;;;;;;;;;;;;;;;;;;;;;;;;;;;;;;;;;;;;;;;;;;;;;;;;;;;;;;;;;;;;;;;;;;;;;;;;;;;;;;;;;;;;;;;;;;;;;;;;;;;;;;;;;;;;;;;;;;;;;;;;;;;;;;;;;;;;;;;;;;;;;;;;;;;;;;;;;;;;;;;;;;;;;;;;;;;;;;;;;;;;;;;;;;;;;;;;;;;;;;;;;;;;
"Проводники электрические прочие 
на напряжение более 1 кВ30)";;;;;;105,5;115,8;268,4;91,3;108,5;101,0;94,6;111,1;135,6;122,6;164,1;111,7;87,4;118,8;135,3;103,9;111,3;85,7;150,4;110,3;95,8;105,0;97,4;96,5;101,6;101,6;91,6;110,8;114,8;;;;;;;;;;;;;;;;;;;;;;;;;;;;;;;;;;;;;;;;;;;;;;;;;;;;;;;;;;;;;;;;;;;;;;;;;;;;;;;;;;;;;;;;;;;;;;;;;;;;;;;;;;;;;;;;;;;;;;;;;;;;;;;;;;;;;;;;;;;;;;;;;;;;;;;;;;;;;;;;;;;;;;;;;;;;;;;;;;;;;;;;;;;;;;;;;;;;;;;;;;;;;;;;;;;;;;;;;;;;;
"Лампы накаливания 
или газоразрядные лампы; дуговые лампы; светодиодные лампы";;;;;;;;;;;;;;;;;;;;102,4;107,0;101,3;107,5;112,7;134,5;90,4;92,7;107,9;100,6;110,3;104,7;119,8;110,6;106,8;;;;;;;;;;;;;;;;;;;;;;;;;;;;;;;;;;;;;;;;;;;;;;;;;;;;;;;;;;;;;;;;;;;;;;;;;;;;;;;;;;;;;;;;;;;;;;;;;;;;;;;;;;;;;;;;;;;;;;;;;;;;;;;;;;;;;;;;;;;;;;;;;;;;;;;;;;;;;;;;;;;;;;;;;;;;;;;;;;;;;;;;;;;;;;;;;;;;;;;;;;;;;;;;;;;;;;;;;;;;;
Холодильники и морозильники бытовые;;;;;;103,6;106,2;92,5;146,0;121,4;117,8;112,5;106,6;109,2;102,5;103,6;101,8;103,8;106,5;87,1;113,7;95,2;103,9;106,8;125,5;99,8;89,2;110,3;105,0;107,1;123,0;112,1;101,9;103,6;;;;;;;;;;;;;;;;;;;;;;;;;;;;;;;;;;;;;;;;;;;;;;;;;;;;;;;;;;;;;;;;;;;;;;;;;;;;;;;;;;;;;;;;;;;;;;;;;;;;;;;;;;;;;;;;;;;;;;;;;;;;;;;;;;;;;;;;;;;;;;;;;;;;;;;;;;;;;;;;;;;;;;;;;;;;;;;;;;;;;;;;;;;;;;;;;;;;;;;;;;;;;;;;;;;;;;;;;;;;;
Машины стиральные бытовые;;;;;;130,8;94,0;133,0;156,4;117,6;105,4;108,4;100,8;104,4;102,8;99,4;103,6;98,2;111,8;80,1;100,9;98,2;102,7;123,7;133,5;103,5;89,4;107,2;97,0;105,5;109,0;109,4;91,1;113,3;;;;;;;;;;;;;;;;;;;;;;;;;;;;;;;;;;;;;;;;;;;;;;;;;;;;;;;;;;;;;;;;;;;;;;;;;;;;;;;;;;;;;;;;;;;;;;;;;;;;;;;;;;;;;;;;;;;;;;;;;;;;;;;;;;;;;;;;;;;;;;;;;;;;;;;;;;;;;;;;;;;;;;;;;;;;;;;;;;;;;;;;;;;;;;;;;;;;;;;;;;;;;;;;;;;;;;;;;;;;;
"Двигатели внутреннего сгорания поршневые с воспламенением 
от сжатия прочие";;;;;;133,0;110,0;118,8;163,5;150,9;126,1;101,6;115,2;114,3;110,1;112,6;105,0;117,0;100,0;112,3;105,3;106,0;102,6;100,0;110,3;104,9;102,2;103,5;109,2;103,4;102,5;130,2;108,0;134,7;;;;;;;;;;;;;;;;;;;;;;;;;;;;;;;;;;;;;;;;;;;;;;;;;;;;;;;;;;;;;;;;;;;;;;;;;;;;;;;;;;;;;;;;;;;;;;;;;;;;;;;;;;;;;;;;;;;;;;;;;;;;;;;;;;;;;;;;;;;;;;;;;;;;;;;;;;;;;;;;;;;;;;;;;;;;;;;;;;;;;;;;;;;;;;;;;;;;;;;;;;;;;;;;;;;;;;;;;;;;;
Турбины на водяном паре и прочие паровые турбины;;;;;;180,2;115,8;147,1;137,5;132,1;117,4;144,0;118,8;124,9;133,1;105,0;117,0;126,6;115,0;115,0;119,8;110,0;100,0;102,1;102,1;100,0;100,0;100,0;99,3;100,0;100,0;100,0;104,0;100,0;;;;;;;;;;;;;;;;;;;;;;;;;;;;;;;;;;;;;;;;;;;;;;;;;;;;;;;;;;;;;;;;;;;;;;;;;;;;;;;;;;;;;;;;;;;;;;;;;;;;;;;;;;;;;;;;;;;;;;;;;;;;;;;;;;;;;;;;;;;;;;;;;;;;;;;;;;;;;;;;;;;;;;;;;;;;;;;;;;;;;;;;;;;;;;;;;;;;;;;;;;;;;;;;;;;;;;;;;;;;;
Компрессоры воздушные передвижные на колесных шасси27);;;;;;156,7;112,9;151,7;116,5;131,6;118,9;107,5;106,1;116,8;105,9;109,9;105,5;110,9;101,2;102,2;104,1;104,9;102,3;114,9;120,4;115,8;112,7;105,5;110,3;98,6;109,2;116,6;113,2;109,7;;;;;;;;;;;;;;;;;;;;;;;;;;;;;;;;;;;;;;;;;;;;;;;;;;;;;;;;;;;;;;;;;;;;;;;;;;;;;;;;;;;;;;;;;;;;;;;;;;;;;;;;;;;;;;;;;;;;;;;;;;;;;;;;;;;;;;;;;;;;;;;;;;;;;;;;;;;;;;;;;;;;;;;;;;;;;;;;;;;;;;;;;;;;;;;;;;;;;;;;;;;;;;;;;;;;;;;;;;;;;
Краны мостовые электрические;;;;;;132,3;107,4;104,4;113,9;159,7;127,4;110,1;106,8;119,0;125,5;118,3;118,3;143,8;98,2;101,4;100,3;101,5;105,4;102,8;118,8;101,7;106,3;100,4;91,5;99,0;100,5;101,6;120,6;96,2;;;;;;;;;;;;;;;;;;;;;;;;;;;;;;;;;;;;;;;;;;;;;;;;;;;;;;;;;;;;;;;;;;;;;;;;;;;;;;;;;;;;;;;;;;;;;;;;;;;;;;;;;;;;;;;;;;;;;;;;;;;;;;;;;;;;;;;;;;;;;;;;;;;;;;;;;;;;;;;;;;;;;;;;;;;;;;;;;;;;;;;;;;;;;;;;;;;;;;;;;;;;;;;;;;;;;;;;;;;;;
Краны козловые и полукозловые электрические;;;;;;153,2;128,7;106,1;163,3;115,5;105,5;118,1;107,1;111,0;118,9;124,6;116,9;118,1;106,4;103,2;93,5;98,4;86,2;107,8;128,6;102,2;148,2;109,8;97,3;134,9;140,6;158,5;77,2;117,3;;;;;;;;;;;;;;;;;;;;;;;;;;;;;;;;;;;;;;;;;;;;;;;;;;;;;;;;;;;;;;;;;;;;;;;;;;;;;;;;;;;;;;;;;;;;;;;;;;;;;;;;;;;;;;;;;;;;;;;;;;;;;;;;;;;;;;;;;;;;;;;;;;;;;;;;;;;;;;;;;;;;;;;;;;;;;;;;;;;;;;;;;;;;;;;;;;;;;;;;;;;;;;;;;;;;;;;;;;;;;
Лифты;;;;;;144,1;113,0;100,1;134,1;174,0;123,3;105,1;116,5;116,8;105,6;109,2;113,3;123,2;93,8;106,9;102,7;104,9;100,0;105,0;120,4;100,4;108,7;104,3;103,0;101,1;103,3;105,6;107,4;96,8;;;;;;;;;;;;;;;;;;;;;;;;;;;;;;;;;;;;;;;;;;;;;;;;;;;;;;;;;;;;;;;;;;;;;;;;;;;;;;;;;;;;;;;;;;;;;;;;;;;;;;;;;;;;;;;;;;;;;;;;;;;;;;;;;;;;;;;;;;;;;;;;;;;;;;;;;;;;;;;;;;;;;;;;;;;;;;;;;;;;;;;;;;;;;;;;;;;;;;;;;;;;;;;;;;;;;;;;;;;;;
Погрузчики универсальные сельскохозяйственного назначения;;;;;;130,2;102,1;143,4;138,3;137,5;116,3;105,4;117,6;121,3;110,0;123,2;130,0;108,8;99,4;112,6;111,2;99,7;99,8;98,6;115,0;104,4;103,4;101,1;101,9;100,0;136,2;119,4;105,4;105,1;;;;;;;;;;;;;;;;;;;;;;;;;;;;;;;;;;;;;;;;;;;;;;;;;;;;;;;;;;;;;;;;;;;;;;;;;;;;;;;;;;;;;;;;;;;;;;;;;;;;;;;;;;;;;;;;;;;;;;;;;;;;;;;;;;;;;;;;;;;;;;;;;;;;;;;;;;;;;;;;;;;;;;;;;;;;;;;;;;;;;;;;;;;;;;;;;;;;;;;;;;;;;;;;;;;;;;;;;;;;;
Плуги общего назначения;;;;;;159,6;104,9;137,5;127,9;131,2;133,2;102,7;115,2;139,7;108,9;101,7;114,6;124,2;104,4;102,0;108,8;102,4;101,9;109,8;112,1;113,4;105,3;102,2;105,8;108,0;134,0;123,8;96,0;100,7;;;;;;;;;;;;;;;;;;;;;;;;;;;;;;;;;;;;;;;;;;;;;;;;;;;;;;;;;;;;;;;;;;;;;;;;;;;;;;;;;;;;;;;;;;;;;;;;;;;;;;;;;;;;;;;;;;;;;;;;;;;;;;;;;;;;;;;;;;;;;;;;;;;;;;;;;;;;;;;;;;;;;;;;;;;;;;;;;;;;;;;;;;;;;;;;;;;;;;;;;;;;;;;;;;;;;;;;;;;;;
Сеялки;;;;;;149,6;115,7;110,1;158,2;123,3;122,1;102,8;106,3;118,9;109,5;103,7;115,0;126,9;101,0;104,6;107,7;104,4;102,8;107,3;125,7;109,4;103,7;104,5;98,4;110,2;107,6;105,3;125,9;101,6;;;;;;;;;;;;;;;;;;;;;;;;;;;;;;;;;;;;;;;;;;;;;;;;;;;;;;;;;;;;;;;;;;;;;;;;;;;;;;;;;;;;;;;;;;;;;;;;;;;;;;;;;;;;;;;;;;;;;;;;;;;;;;;;;;;;;;;;;;;;;;;;;;;;;;;;;;;;;;;;;;;;;;;;;;;;;;;;;;;;;;;;;;;;;;;;;;;;;;;;;;;;;;;;;;;;;;;;;;;;;
Комбайны зерноуборочные;;;;;;146,5;110,0;102,2;215,7;115,3;104,6;126,2;91,6;130,8;108,9;107,7;115,9;122,7;100,5;93,5;109,3;102,5;99,6;112,1;107,5;114,0;113,2;96,0;116,2;112,2;120,5;131,6;101,6;88,1;;;;;;;;;;;;;;;;;;;;;;;;;;;;;;;;;;;;;;;;;;;;;;;;;;;;;;;;;;;;;;;;;;;;;;;;;;;;;;;;;;;;;;;;;;;;;;;;;;;;;;;;;;;;;;;;;;;;;;;;;;;;;;;;;;;;;;;;;;;;;;;;;;;;;;;;;;;;;;;;;;;;;;;;;;;;;;;;;;;;;;;;;;;;;;;;;;;;;;;;;;;;;;;;;;;;;;;;;;;;;
Станки деревообрабатывающие;;;;;;119,4;107,8;112,6;164,6;167,9;121,1;107,9;103,3;113,5;110,2;107,5;105,7;112,1;104,8;103,2;103,3;101,9;106,0;100,0;106,4;125,2;98,9;106,2;113,1;103,0;121,5;116,3;100,8;108,5;;;;;;;;;;;;;;;;;;;;;;;;;;;;;;;;;;;;;;;;;;;;;;;;;;;;;;;;;;;;;;;;;;;;;;;;;;;;;;;;;;;;;;;;;;;;;;;;;;;;;;;;;;;;;;;;;;;;;;;;;;;;;;;;;;;;;;;;;;;;;;;;;;;;;;;;;;;;;;;;;;;;;;;;;;;;;;;;;;;;;;;;;;;;;;;;;;;;;;;;;;;;;;;;;;;;;;;;;;;;;
Тракторы гусеничные;;;;;;136,4;111,8;120,1;183,8;121,3;106,9;121,3;106,9;113,2;107,7;104,4;109,1;116,9;108,3;104,6;95,6;104,9;98,7;102,6;115,9;103,2;110,5;93,2;119,9;91,9;120,8;138,0;100,0;...;;;;;;;;;;;;;;;;;;;;;;;;;;;;;;;;;;;;;;;;;;;;;;;;;;;;;;;;;;;;;;;;;;;;;;;;;;;;;;;;;;;;;;;;;;;;;;;;;;;;;;;;;;;;;;;;;;;;;;;;;;;;;;;;;;;;;;;;;;;;;;;;;;;;;;;;;;;;;;;;;;;;;;;;;;;;;;;;;;;;;;;;;;;;;;;;;;;;;;;;;;;;;;;;;;;;;;;;;;;;;
Автомобили легковые;;;;;;107,1;103,8;134,8;135,6;118,4;121,0;107,8;110,7;112,7;102,4;109,3;101,2;105,0;107,4;105,0;106,6;100,5;103,4;110,6;113,4;110,7;104,4;103,1;103,4;111,9;110,6;135,9;111,3;103,1;;;;;;;;;;;;;;;;;;;;;;;;;;;;;;;;;;;;;;;;;;;;;;;;;;;;;;;;;;;;;;;;;;;;;;;;;;;;;;;;;;;;;;;;;;;;;;;;;;;;;;;;;;;;;;;;;;;;;;;;;;;;;;;;;;;;;;;;;;;;;;;;;;;;;;;;;;;;;;;;;;;;;;;;;;;;;;;;;;;;;;;;;;;;;;;;;;;;;;;;;;;;;;;;;;;;;;;;;;;;;
"Автобусы, имеющие технически допустимую максимальную массу более 5 т, кроме автобусов, приводимых в движение исключительно электрическим двигателем и заряжаемых с помощью внешнего источника электроэнергии40)
";;;;;;120,2;103,7;110,1;147,9;126,1;108,5;111,6;109,9;110,5;103,7;105,8;108,3;112,9;111,2;107,9;105,7;107,0;108,8;104,0;113,2;106,6;100,9;105,5;103,0;104,5;111,2;118,4;105,1;105,8;;;;;;;;;;;;;;;;;;;;;;;;;;;;;;;;;;;;;;;;;;;;;;;;;;;;;;;;;;;;;;;;;;;;;;;;;;;;;;;;;;;;;;;;;;;;;;;;;;;;;;;;;;;;;;;;;;;;;;;;;;;;;;;;;;;;;;;;;;;;;;;;;;;;;;;;;;;;;;;;;;;;;;;;;;;;;;;;;;;;;;;;;;;;;;;;;;;;;;;;;;;;;;;;;;;;;;;;;;;;;
Автобусы, имеющие технически допустимую максимальную массу не  более 5 т, кроме автобусов, приводимых в движение исключительно электрическим двигателем и заряжаемых с помощью внешнего источника электроэнергии;;;;;;;;;;;;;;;;;;;;;;;;;;;…;…;…;…;…;…;106,8;109,2;;;;;;;;;;;;;;;;;;;;;;;;;;;;;;;;;;;;;;;;;;;;;;;;;;;;;;;;;;;;;;;;;;;;;;;;;;;;;;;;;;;;;;;;;;;;;;;;;;;;;;;;;;;;;;;;;;;;;;;;;;;;;;;;;;;;;;;;;;;;;;;;;;;;;;;;;;;;;;;;;;;;;;;;;;;;;;;;;;;;;;;;;;;;;;;;;;;;;;;;;;;;;;;;;;;;;;;;;;;;;
Средства автотранспортные грузовые;;;;;;129,1;109,6;116,5;152,6;153,0;112,6;110,1;110,9;127,4;112,1;105,9;121,8;113,5;96,6;110,6;109,1;107,3;102,7;108,6;118,5;115,2;101,7;101,8;103,6;107,3;110,0;127,9;102,4;109,3;;;;;;;;;;;;;;;;;;;;;;;;;;;;;;;;;;;;;;;;;;;;;;;;;;;;;;;;;;;;;;;;;;;;;;;;;;;;;;;;;;;;;;;;;;;;;;;;;;;;;;;;;;;;;;;;;;;;;;;;;;;;;;;;;;;;;;;;;;;;;;;;;;;;;;;;;;;;;;;;;;;;;;;;;;;;;;;;;;;;;;;;;;;;;;;;;;;;;;;;;;;;;;;;;;;;;;;;;;;;;
Автокраны;;;;;;128,8;95,9;156,1;156,5;149,6;172,9;95,0;113,8;118,3;93,7;102,7;146,0;110,4;99,6;98,4;108,5;102,0;102,7;102,2;118,4;107,3;107,0;109,9;103,8;104,6;109,8;141,5;111,1;103,9;;;;;;;;;;;;;;;;;;;;;;;;;;;;;;;;;;;;;;;;;;;;;;;;;;;;;;;;;;;;;;;;;;;;;;;;;;;;;;;;;;;;;;;;;;;;;;;;;;;;;;;;;;;;;;;;;;;;;;;;;;;;;;;;;;;;;;;;;;;;;;;;;;;;;;;;;;;;;;;;;;;;;;;;;;;;;;;;;;;;;;;;;;;;;;;;;;;;;;;;;;;;;;;;;;;;;;;;;;;;;
Электровозы магистральные;;;;;;145,8;100,0;100,0;143,5;112,0;124,1;124,6;111,1;130,4;112,0;100,0;100,0;114,4;92,4;120,6;103,7;100,0;103,5;99,8;112,6;103,5;100,0;100,0;103,2;104,3;103,4;118,3;117,7;118,5;;;;;;;;;;;;;;;;;;;;;;;;;;;;;;;;;;;;;;;;;;;;;;;;;;;;;;;;;;;;;;;;;;;;;;;;;;;;;;;;;;;;;;;;;;;;;;;;;;;;;;;;;;;;;;;;;;;;;;;;;;;;;;;;;;;;;;;;;;;;;;;;;;;;;;;;;;;;;;;;;;;;;;;;;;;;;;;;;;;;;;;;;;;;;;;;;;;;;;;;;;;;;;;;;;;;;;;;;;;;;
Тепловозы магистральные;;;;;;130,8;100,8;104,7;158,4;123,0;132,6;119,6;119,8;125,0;112,1;100,0;100,0;146,7;93,0;109,2;108,0;105,2;104,4;104,5;115,7;105,0;105,6;102,0;102,0;100,0;112,8;123,2;97,0;100,0;;;;;;;;;;;;;;;;;;;;;;;;;;;;;;;;;;;;;;;;;;;;;;;;;;;;;;;;;;;;;;;;;;;;;;;;;;;;;;;;;;;;;;;;;;;;;;;;;;;;;;;;;;;;;;;;;;;;;;;;;;;;;;;;;;;;;;;;;;;;;;;;;;;;;;;;;;;;;;;;;;;;;;;;;;;;;;;;;;;;;;;;;;;;;;;;;;;;;;;;;;;;;;;;;;;;;;;;;;;;;
Вагоны пассажирские железнодорожные;;;;;;125,6;101,5;104,7;117,2;118,6;125,6;110,9;128,6;119,9;104,1;112,0;101,5;109,2;101,0;105,5;100,0;105,1;95,9;110,0;100,0;103,0;107,0;103,0;102,0;102,9;103,4;118,8;105,1;115,3;;;;;;;;;;;;;;;;;;;;;;;;;;;;;;;;;;;;;;;;;;;;;;;;;;;;;;;;;;;;;;;;;;;;;;;;;;;;;;;;;;;;;;;;;;;;;;;;;;;;;;;;;;;;;;;;;;;;;;;;;;;;;;;;;;;;;;;;;;;;;;;;;;;;;;;;;;;;;;;;;;;;;;;;;;;;;;;;;;;;;;;;;;;;;;;;;;;;;;;;;;;;;;;;;;;;;;;;;;;;;
Вагоны грузовые магистральные широкой колеи;;;;;;129,7;100,0;87,6;233,7;173,8;114,8;78,5;114,1;148,0;105,2;98,9;119,8;128,4;69,4;150,2;114,4;100,0;77,9;94,6;106,9;102,1;106,9;114,7;107,9;95,2;104,3;115,5;109,2;133,4;;;;;;;;;;;;;;;;;;;;;;;;;;;;;;;;;;;;;;;;;;;;;;;;;;;;;;;;;;;;;;;;;;;;;;;;;;;;;;;;;;;;;;;;;;;;;;;;;;;;;;;;;;;;;;;;;;;;;;;;;;;;;;;;;;;;;;;;;;;;;;;;;;;;;;;;;;;;;;;;;;;;;;;;;;;;;;;;;;;;;;;;;;;;;;;;;;;;;;;;;;;;;;;;;;;;;;;;;;;;;
Велосипеды двухколесные и прочие, без двигателя;;;;;;137,6;117,3;124,8;131,0;128,9;101,4;109,7;112,7;104,7;103,1;101,2;100,0;100,3;132,4;121,5;110,3;87,6;98,9;99,8;103,2;100,1;99,0;110,4;97,8;114,5;127,7;96,0;108,6;108,8;;;;;;;;;;;;;;;;;;;;;;;;;;;;;;;;;;;;;;;;;;;;;;;;;;;;;;;;;;;;;;;;;;;;;;;;;;;;;;;;;;;;;;;;;;;;;;;;;;;;;;;;;;;;;;;;;;;;;;;;;;;;;;;;;;;;;;;;;;;;;;;;;;;;;;;;;;;;;;;;;;;;;;;;;;;;;;;;;;;;;;;;;;;;;;;;;;;;;;;;;;;;;;;;;;;;;;;;;;;;;
Шкафы деревянные для спальни34);;;;;;…;110,5;137,9;129,0;130,1;115,9;116,5;113,9;108,6;107,6;106,2;109,2;114,7;104,3;103,6;105,4;105,4;103,8;102,0;116,5;102,1;101,7;109,5;112,3;104,3;114,9;102,3;110,2;115,0;;;;;;;;;;;;;;;;;;;;;;;;;;;;;;;;;;;;;;;;;;;;;;;;;;;;;;;;;;;;;;;;;;;;;;;;;;;;;;;;;;;;;;;;;;;;;;;;;;;;;;;;;;;;;;;;;;;;;;;;;;;;;;;;;;;;;;;;;;;;;;;;;;;;;;;;;;;;;;;;;;;;;;;;;;;;;;;;;;;;;;;;;;;;;;;;;;;;;;;;;;;;;;;;;;;;;;;;;;;;;
"Столы обеденные деревянные 
для столовой и гостиной35)";;;;;;…;111,7;134,1;135,9;133,2;116,9;112,7;118,5;106,3;107,2;104,9;109,6;120,6;101,2;102,2;103,5;104,9;99,9;102,5;119,9;109,8;100,6;103,9;105,6;103,8;122,6;116,4;103,0;110,5;;;;;;;;;;;;;;;;;;;;;;;;;;;;;;;;;;;;;;;;;;;;;;;;;;;;;;;;;;;;;;;;;;;;;;;;;;;;;;;;;;;;;;;;;;;;;;;;;;;;;;;;;;;;;;;;;;;;;;;;;;;;;;;;;;;;;;;;;;;;;;;;;;;;;;;;;;;;;;;;;;;;;;;;;;;;;;;;;;;;;;;;;;;;;;;;;;;;;;;;;;;;;;;;;;;;;;;;;;;;;
"Обеспечение электрической энергией, газом и паром; кондиционирование воздуха:";;;;;;;;;;;;;;;;;;;;;;;;;;;;;;;;;;;;;;;;;;;;;;;;;;;;;;;;;;;;;;;;;;;;;;;;;;;;;;;;;;;;;;;;;;;;;;;;;;;;;;;;;;;;;;;;;;;;;;;;;;;;;;;;;;;;;;;;;;;;;;;;;;;;;;;;;;;;;;;;;;;;;;;;;;;;;;;;;;;;;;;;;;;;;;;;;;;;;;;;;;;;;;;;;;;;;;;;;;;;;;;;;;;;;;;;;;;;;;;;;;;;;;;;;;;;;;;
Электроэнергия, отпущенная различным категориям потребителей;;;;;;137,4;108,5;102,2;119,7;141,7;128,8;128,3;113,4;111,4;111,0;110,3;114,1;117,5;117,3;115,3;103,5;104,2;107,5;104,5;109,7;104,1;110,1;102,1;103,5;105,5;104,9;104,3;109,7;112,5;;;;;;;;;;;;;;;;;;;;;;;;;;;;;;;;;;;;;;;;;;;;;;;;;;;;;;;;;;;;;;;;;;;;;;;;;;;;;;;;;;;;;;;;;;;;;;;;;;;;;;;;;;;;;;;;;;;;;;;;;;;;;;;;;;;;;;;;;;;;;;;;;;;;;;;;;;;;;;;;;;;;;;;;;;;;;;;;;;;;;;;;;;;;;;;;;;;;;;;;;;;;;;;;;;;;;;;;;;;;;
Пар и горячая вода;;;;;;130,6;106,2;102,0;110,7;135,4;125,2;125,2;116,3;111,4;113,7;112,9;103,8;120,4;119,6;113,8;111,3;109,3;111,7;104,0;109,3;105,6;104,0;103,5;103,3;102,9;103,6;109,0;105,2;110,8;;;;;;;;;;;;;;;;;;;;;;;;;;;;;;;;;;;;;;;;;;;;;;;;;;;;;;;;;;;;;;;;;;;;;;;;;;;;;;;;;;;;;;;;;;;;;;;;;;;;;;;;;;;;;;;;;;;;;;;;;;;;;;;;;;;;;;;;;;;;;;;;;;;;;;;;;;;;;;;;;;;;;;;;;;;;;;;;;;;;;;;;;;;;;;;;;;;;;;;;;;;;;;;;;;;;;;;;;;;;;
"Средние цены производителей 
на основные виды топливно-энергетических ресурсов 
(рублей за единицу измерения, 
до 1998 г. - тыс.руб.)";;;;;;;;;;;;;;;;;;;;;;;;;;;;;;;;;;;;;;;;;;;;;;;;;;;;;;;;;;;;;;;;;;;;;;;;;;;;;;;;;;;;;;;;;;;;;;;;;;;;;;;;;;;;;;;;;;;;;;;;;;;;;;;;;;;;;;;;;;;;;;;;;;;;;;;;;;;;;;;;;;;;;;;;;;;;;;;;;;;;;;;;;;;;;;;;;;;;;;;;;;;;;;;;;;;;;;;;;;;;;;;;;;;;;;;;;;;;;;;;;;;;;;;;;;;;;;;
Нефть3), за т;0,07;3,6;31,3;101,0;282,0;355,2;376,3;339,0;999,6;1 545;1 504;1 929;2 065;3 426;4 812;4 434;7 075;3 377 ;6 633 ;7 566 ;9 765 ;10 360 ;11 328 ;10 064 ;11 417 ;12 607 ;17 416 ;22 284 ;20 377 ;18 162 ;34 854 ;23 768 ;41 852 ;42 921 ;;;;;;;;;;;;;;;;;;;;;;;;;;;;;;;;;;;;;;;;;;;;;;;;;;;;;;;;;;;;;;;;;;;;;;;;;;;;;;;;;;;;;;;;;;;;;;;;;;;;;;;;;;;;;;;;;;;;;;;;;;;;;;;;;;;;;;;;;;;;;;;;;;;;;;;;;;;;;;;;;;;;;;;;;;;;;;;;;;;;;;;;;;;;;;;;;;;;;;;;;;;;;;;;;;;;;;;;;;;;;
Уголь, за т;0,02;0,7;9,6;31,4;80,6;136,8;114,0;113,7;124,1;170;212;229;230;359;433;495;491;565 ;624 ;683 ;1 005 ;955 ;962 ;1 027 ;1 039 ;1 412 ;;;;;;;;;;;;;;;;;;;;;;;;;;;;;;;;;;;;;;;;;;;;;;;;;;;;;;;;;;;;;;;;;;;;;;;;;;;;;;;;;;;;;;;;;;;;;;;;;;;;;;;;;;;;;;;;;;;;;;;;;;;;;;;;;;;;;;;;;;;;;;;;;;;;;;;;;;;;;;;;;;;;;;;;;;;;;;;;;;;;;;;;;;;;;;;;;;;;;;;;;;;;;;;;;;;;;;;;;;;;;;;;;;;;;
коксующийся, за т;0,04;1,3;12,8;49,9;120,0;139,6;124,3;114,0;190,6;290;339;354;381;557;787;743;788;1 125 ;1 026 ;1 555 ;2 456 ;1 790 ;1 590 ;1 440 ;2 029 ;3 809 ;4 106 ;4 734 ;3 003 ;2 445 ;8 891 ;4 127 ;6 587 ;5 177 ;;;;;;;;;;;;;;;;;;;;;;;;;;;;;;;;;;;;;;;;;;;;;;;;;;;;;;;;;;;;;;;;;;;;;;;;;;;;;;;;;;;;;;;;;;;;;;;;;;;;;;;;;;;;;;;;;;;;;;;;;;;;;;;;;;;;;;;;;;;;;;;;;;;;;;;;;;;;;;;;;;;;;;;;;;;;;;;;;;;;;;;;;;;;;;;;;;;;;;;;;;;;;;;;;;;;;;;;;;;;;
уголь, за исключением антрацита, угля коксующегося и угля бурого36), за т;0,03;0,9;9,4;25,9;71,4;136,0;137,8;141,2;170,8;253;288;309;303;489;453;465;568;746;712;822;1 001 ;1 058 ;1 283 ;1 391 ;1 268 ;1 497 ;1 559 ;1 790 ;1 703 ;1 461 ;2 969 ;1 996 ;2 066 ;2 168 ;;;;;;;;;;;;;;;;;;;;;;;;;;;;;;;;;;;;;;;;;;;;;;;;;;;;;;;;;;;;;;;;;;;;;;;;;;;;;;;;;;;;;;;;;;;;;;;;;;;;;;;;;;;;;;;;;;;;;;;;;;;;;;;;;;;;;;;;;;;;;;;;;;;;;;;;;;;;;;;;;;;;;;;;;;;;;;;;;;;;;;;;;;;;;;;;;;;;;;;;;;;;;;;;;;;;;;;;;;;;;
"Газ горючий природный 
(газ естественный)37), за тыс. м3";0,01;0,2;1,7;6,7;17,6;38,4;39,4;44,1;57,8;87;142;186;129;275;330;378;431;533;510;626;686;1 224 ;1 301 ;1 639 ;1 785 ;1 434 ;1 971 ;2 005 ;1 717 ;1 771 ;1 860 ;3 159 ;3 313 ;3 357 ;;;;;;;;;;;;;;;;;;;;;;;;;;;;;;;;;;;;;;;;;;;;;;;;;;;;;;;;;;;;;;;;;;;;;;;;;;;;;;;;;;;;;;;;;;;;;;;;;;;;;;;;;;;;;;;;;;;;;;;;;;;;;;;;;;;;;;;;;;;;;;;;;;;;;;;;;;;;;;;;;;;;;;;;;;;;;;;;;;;;;;;;;;;;;;;;;;;;;;;;;;;;;;;;;;;;;;;;;;;;;
Бензин автомобильный, за т;0,12;6,1;103,0;226,0;756,0;912,0;1 011 ;1 309 ;4 640 ;5 612 ;4 566 ;5 363 ;6 976 ;9 244 ;9 159 ;10 965 ;14 268 ;8 963 ;13 831 ;16 699 ;18 576 ;19 094 ;20 108 ;20 946 ;21 995 ;23 066 ;26 495 ;29 404 ;24 345 ;25 378 ;28 800 ;17 692 ;23 140 ;31 838 ;;;;;;;;;;;;;;;;;;;;;;;;;;;;;;;;;;;;;;;;;;;;;;;;;;;;;;;;;;;;;;;;;;;;;;;;;;;;;;;;;;;;;;;;;;;;;;;;;;;;;;;;;;;;;;;;;;;;;;;;;;;;;;;;;;;;;;;;;;;;;;;;;;;;;;;;;;;;;;;;;;;;;;;;;;;;;;;;;;;;;;;;;;;;;;;;;;;;;;;;;;;;;;;;;;;;;;;;;;;;;
Топливо дизельное, за т;0,11;5,6;92,4;230,0;640,0;855,2;1 013 ;1 092 ;3 375 ;5 209 ;4 777 ;4 887 ;6 312 ;10 110 ;12 000 ;11 218 ;17 000 ;10 180 ;11 938 ;16 340 ;20 766 ;23 512 ;22 847 ;23 587 ;25 463 ;25 557 ;29 677 ;38 257 ;33 440 ;30 047 ;38 870 ;40 507 ;43 119 ;44 117 ;;;;;;;;;;;;;;;;;;;;;;;;;;;;;;;;;;;;;;;;;;;;;;;;;;;;;;;;;;;;;;;;;;;;;;;;;;;;;;;;;;;;;;;;;;;;;;;;;;;;;;;;;;;;;;;;;;;;;;;;;;;;;;;;;;;;;;;;;;;;;;;;;;;;;;;;;;;;;;;;;;;;;;;;;;;;;;;;;;;;;;;;;;;;;;;;;;;;;;;;;;;;;;;;;;;;;;;;;;;;;
Мазут топочный, за т;0,06;2,9;30,2;113,0;284,0;395,9;440 ;455 ;1 245 ;2 244 ;1 420 ;2 102 ;1 945 ;1 927 ;4 108 ;3 917 ;6 789 ;3 673 ;7 584 ;7 805 ;8 843 ;8 362 ;7 717 ;7 242 ;4 957 ;7 870 ;9 566 ;12 918 ;7 187 ;12 455 ;23 052 ;7 164 ;17 192 ;28 661 ;;;;;;;;;;;;;;;;;;;;;;;;;;;;;;;;;;;;;;;;;;;;;;;;;;;;;;;;;;;;;;;;;;;;;;;;;;;;;;;;;;;;;;;;;;;;;;;;;;;;;;;;;;;;;;;;;;;;;;;;;;;;;;;;;;;;;;;;;;;;;;;;;;;;;;;;;;;;;;;;;;;;;;;;;;;;;;;;;;;;;;;;;;;;;;;;;;;;;;;;;;;;;;;;;;;;;;;;;;;;;
Электроэнергия собственного производства, за тыс. кВт?ч;;;;;;;;;153;191;247;297;332;374;451;536;627;677;559;665;782;859;910;1 009 ;989 ;1 013 ;1 015 ;1 097 ;992 ;1 027 ;1 154 ;1 211 ;1 323 ;1 701 ;;;;;;;;;;;;;;;;;;;;;;;;;;;;;;;;;;;;;;;;;;;;;;;;;;;;;;;;;;;;;;;;;;;;;;;;;;;;;;;;;;;;;;;;;;;;;;;;;;;;;;;;;;;;;;;;;;;;;;;;;;;;;;;;;;;;;;;;;;;;;;;;;;;;;;;;;;;;;;;;;;;;;;;;;;;;;;;;;;;;;;;;;;;;;;;;;;;;;;;;;;;;;;;;;;;;;;;;;;;;;
"Индексы цен на приобретенные промышленными организациями основные виды топливно-энергетических ресурсов 
(на конец периода, в процентах 
к декабрю предыдущего периода)1)";;;;;;;;;;;;;;;;;;;;;;;;;;;;;;;;;;;;;;;;;;;;;;;;;;;;;;;;;;;;;;;;;;;;;;;;;;;;;;;;;;;;;;;;;;;;;;;;;;;;;;;;;;;;;;;;;;;;;;;;;;;;;;;;;;;;;;;;;;;;;;;;;;;;;;;;;;;;;;;;;;;;;;;;;;;;;;;;;;;;;;;;;;;;;;;;;;;;;;;;;;;;;;;;;;;;;;;;;;;;;;;;;;;;;;;;;;;;;;;;;;;;;;;;;;;;;;;
Уголь коксующийся;;;;;;;;123,1;118,2;207,8;111,9;118,6;125,8;153,2;98,3;94,5;127,0;166,0;77,5;154,2;110,4;72,7;89,1;100,6;127,6;155,2;110,9;112,4;75,1;88,9;325,0;49,3;146,3;87,7;;;;;;;;;;;;;;;;;;;;;;;;;;;;;;;;;;;;;;;;;;;;;;;;;;;;;;;;;;;;;;;;;;;;;;;;;;;;;;;;;;;;;;;;;;;;;;;;;;;;;;;;;;;;;;;;;;;;;;;;;;;;;;;;;;;;;;;;;;;;;;;;;;;;;;;;;;;;;;;;;;;;;;;;;;;;;;;;;;;;;;;;;;;;;;;;;;;;;;;;;;;;;;;;;;;;;;;;;;;;;
Уголь, за исключением антрацита, угля коксующегося и угля бурого36);;;;;;;;97,2;105,0;130,3;134,0;106,4;116,3;112,8;106,6;110,9;106,6;117,7;106,9;112,9;113,1;107,5;103,3;100,5;107,3;102,9;101,3;109,2;107,7;98,1;148,1;97,8;103,8;113,0;;;;;;;;;;;;;;;;;;;;;;;;;;;;;;;;;;;;;;;;;;;;;;;;;;;;;;;;;;;;;;;;;;;;;;;;;;;;;;;;;;;;;;;;;;;;;;;;;;;;;;;;;;;;;;;;;;;;;;;;;;;;;;;;;;;;;;;;;;;;;;;;;;;;;;;;;;;;;;;;;;;;;;;;;;;;;;;;;;;;;;;;;;;;;;;;;;;;;;;;;;;;;;;;;;;;;;;;;;;;;
Уголь бурый ;;;;;;;;102,0;106,6;151,8;158,1;115,5;111,1;105,3;105,1;110,5;114,1;120,1;115,6;107,8;109,3;106,3;105,3;103,2;104,8;109,2;102,6;106,7;107,7;103,6;105,9;105,1;111,5;116,3;;;;;;;;;;;;;;;;;;;;;;;;;;;;;;;;;;;;;;;;;;;;;;;;;;;;;;;;;;;;;;;;;;;;;;;;;;;;;;;;;;;;;;;;;;;;;;;;;;;;;;;;;;;;;;;;;;;;;;;;;;;;;;;;;;;;;;;;;;;;;;;;;;;;;;;;;;;;;;;;;;;;;;;;;;;;;;;;;;;;;;;;;;;;;;;;;;;;;;;;;;;;;;;;;;;;;;;;;;;;;
 Нефть;;;;;;;;91,0;348,8;166,5;70,8;132,7;137,3;94,3;144,4;85,9;161,8;29,3;252,2;146,3;112,3;103,5;109,7;68,4;126,2;144,8;124,7;91,2;123,3;95,5;138,1;56,0;203,2;124,2;;;;;;;;;;;;;;;;;;;;;;;;;;;;;;;;;;;;;;;;;;;;;;;;;;;;;;;;;;;;;;;;;;;;;;;;;;;;;;;;;;;;;;;;;;;;;;;;;;;;;;;;;;;;;;;;;;;;;;;;;;;;;;;;;;;;;;;;;;;;;;;;;;;;;;;;;;;;;;;;;;;;;;;;;;;;;;;;;;;;;;;;;;;;;;;;;;;;;;;;;;;;;;;;;;;;;;;;;;;;;
"Газ горючий природный 
(газ естественный)37)";;;;;;;;102,2;110,5;126,1;122,5;139,9;122,6;121,2;119,1;110,9;119,4;125,2;121,9;114,2;113,5;112,9;116,6;99,8;106,8;100,3;104,2;104,8;103,5;103,7;102,0;119,3;101,2;109,5;;;;;;;;;;;;;;;;;;;;;;;;;;;;;;;;;;;;;;;;;;;;;;;;;;;;;;;;;;;;;;;;;;;;;;;;;;;;;;;;;;;;;;;;;;;;;;;;;;;;;;;;;;;;;;;;;;;;;;;;;;;;;;;;;;;;;;;;;;;;;;;;;;;;;;;;;;;;;;;;;;;;;;;;;;;;;;;;;;;;;;;;;;;;;;;;;;;;;;;;;;;;;;;;;;;;;;;;;;;;;
 Бензин автомобильный;;;;;;;;104,8;289,4;137,7;86,3;97,8;119,1;135,5;116,9;111,0;109,2;106,8;102,2;105,8;115,0;105,0;106,1;108,7;104,2;100,7;112,9;114,6;95,7;102,1;108,1;94,6;108,0;109,1;;;;;;;;;;;;;;;;;;;;;;;;;;;;;;;;;;;;;;;;;;;;;;;;;;;;;;;;;;;;;;;;;;;;;;;;;;;;;;;;;;;;;;;;;;;;;;;;;;;;;;;;;;;;;;;;;;;;;;;;;;;;;;;;;;;;;;;;;;;;;;;;;;;;;;;;;;;;;;;;;;;;;;;;;;;;;;;;;;;;;;;;;;;;;;;;;;;;;;;;;;;;;;;;;;;;;;;;;;;;;
 Топливо дизельное;;;;;;;;97,1;241,8;156,2;100,2;107,0;121,8;132,0;130,9;102,0;113,0;108,9;94,0;117,1;126,6;111,0;106,1;101,9;105;101,5;115,7;119,5;98,3;96,0;109,6;108,2;109,0;105,7;;;;;;;;;;;;;;;;;;;;;;;;;;;;;;;;;;;;;;;;;;;;;;;;;;;;;;;;;;;;;;;;;;;;;;;;;;;;;;;;;;;;;;;;;;;;;;;;;;;;;;;;;;;;;;;;;;;;;;;;;;;;;;;;;;;;;;;;;;;;;;;;;;;;;;;;;;;;;;;;;;;;;;;;;;;;;;;;;;;;;;;;;;;;;;;;;;;;;;;;;;;;;;;;;;;;;;;;;;;;;
 Мазут топочный;;;;;;;;112,6;209,1;184,6;79,0;131,0;91,5;99,8;151,9;130,4;126,1;89,6;154,2;102,7;112,0;101,2;99,9;95,9;75,4;142,4;118,5;144,3;62,0;119,6;184,0;54,8;192,1;120,6;;;;;;;;;;;;;;;;;;;;;;;;;;;;;;;;;;;;;;;;;;;;;;;;;;;;;;;;;;;;;;;;;;;;;;;;;;;;;;;;;;;;;;;;;;;;;;;;;;;;;;;;;;;;;;;;;;;;;;;;;;;;;;;;;;;;;;;;;;;;;;;;;;;;;;;;;;;;;;;;;;;;;;;;;;;;;;;;;;;;;;;;;;;;;;;;;;;;;;;;;;;;;;;;;;;;;;;;;;;;;
 Масла смазочные;;;;;;;;93,7;124,3;154,3;111,2;98,5;119,6;128,1;142,5;129,6;103,8;111,9;98,8;114,1;111,5;100,4;101,5;107,1;110,3;106,9;105,1;110,8;98,2;100,7;76,8;112,9;95,7;99,8;;;;;;;;;;;;;;;;;;;;;;;;;;;;;;;;;;;;;;;;;;;;;;;;;;;;;;;;;;;;;;;;;;;;;;;;;;;;;;;;;;;;;;;;;;;;;;;;;;;;;;;;;;;;;;;;;;;;;;;;;;;;;;;;;;;;;;;;;;;;;;;;;;;;;;;;;;;;;;;;;;;;;;;;;;;;;;;;;;;;;;;;;;;;;;;;;;;;;;;;;;;;;;;;;;;;;;;;;;;;;
 Битумы нефтяные дорожные жидкие;;;;;;;;117,1;213,0;176,8;122,4;105,3;100,2;96,3;126,9;107,3;130,1;111,5;110,6;96,8;148,2;94,6;99,3;115,6;79,4;101,7;125,3;116,1;95,9;91,5;176,5;86,5;130,8;97,7;;;;;;;;;;;;;;;;;;;;;;;;;;;;;;;;;;;;;;;;;;;;;;;;;;;;;;;;;;;;;;;;;;;;;;;;;;;;;;;;;;;;;;;;;;;;;;;;;;;;;;;;;;;;;;;;;;;;;;;;;;;;;;;;;;;;;;;;;;;;;;;;;;;;;;;;;;;;;;;;;;;;;;;;;;;;;;;;;;;;;;;;;;;;;;;;;;;;;;;;;;;;;;;;;;;;;;;;;;;;;
 Электроэнергия;;;;;;;;100,8;119,9;142,9;131,5;123,3;107,0;112,2;109,9;108,4;118,3;114,0;120,2;113,3;107,5;108,2;109,1;103,1;105,3;104,5;109,7;103,8;105,9;101,7;106,6;110,5;102,5;116,1;;;;;;;;;;;;;;;;;;;;;;;;;;;;;;;;;;;;;;;;;;;;;;;;;;;;;;;;;;;;;;;;;;;;;;;;;;;;;;;;;;;;;;;;;;;;;;;;;;;;;;;;;;;;;;;;;;;;;;;;;;;;;;;;;;;;;;;;;;;;;;;;;;;;;;;;;;;;;;;;;;;;;;;;;;;;;;;;;;;;;;;;;;;;;;;;;;;;;;;;;;;;;;;;;;;;;;;;;;;;;
 Тепловая энергия;;;;;;;;98,6;122,5;136,4;117,9;126,2;111,8;109,7;118,2;108,7;120,4;118,6;118,0;110,3;106,7;107,2;112,7;104,6;106,4;105,7;106,0;102,4;105,3;101,1;103,9;112,1;103,9;111,6;;;;;;;;;;;;;;;;;;;;;;;;;;;;;;;;;;;;;;;;;;;;;;;;;;;;;;;;;;;;;;;;;;;;;;;;;;;;;;;;;;;;;;;;;;;;;;;;;;;;;;;;;;;;;;;;;;;;;;;;;;;;;;;;;;;;;;;;;;;;;;;;;;;;;;;;;;;;;;;;;;;;;;;;;;;;;;;;;;;;;;;;;;;;;;;;;;;;;;;;;;;;;;;;;;;;;;;;;;;;;
"Средние цены на приобретенные промышленными организациями основные виды топливно-энергетических ресурсов 
(рублей за единицу измерения)";;;;;;;;;;;;;;;;;;;;;;;;;;;;;;;;;;;;;;;;;;;;;;;;;;;;;;;;;;;;;;;;;;;;;;;;;;;;;;;;;;;;;;;;;;;;;;;;;;;;;;;;;;;;;;;;;;;;;;;;;;;;;;;;;;;;;;;;;;;;;;;;;;;;;;;;;;;;;;;;;;;;;;;;;;;;;;;;;;;;;;;;;;;;;;;;;;;;;;;;;;;;;;;;;;;;;;;;;;;;;;;;;;;;;;;;;;;;;;;;;;;;;;;;;;;;;;;
Нефть, за т;;;;;;;;511;2 103;4 152;2 618;2991;4 176;4 433 ;6 569 ;5 711 ;10 368 ;3 025 ;7 429 ;11 045 ;12 417 ;12 797 ;14 414 ;9 832 ;12 325 ;18 180 ;22 697 ;19 869 ;25 402 ;24 554 ;38 010 ;21 032 ;42 992 ;53 503 ;;;;;;;;;;;;;;;;;;;;;;;;;;;;;;;;;;;;;;;;;;;;;;;;;;;;;;;;;;;;;;;;;;;;;;;;;;;;;;;;;;;;;;;;;;;;;;;;;;;;;;;;;;;;;;;;;;;;;;;;;;;;;;;;;;;;;;;;;;;;;;;;;;;;;;;;;;;;;;;;;;;;;;;;;;;;;;;;;;;;;;;;;;;;;;;;;;;;;;;;;;;;;;;;;;;;;;;;;;;;;
Уголь, за т;;;;;;;;242;296;416;593;713;882;1 236 ;1 119 ;1 209 ;1 512 ;1 698 ;1 620 ;2 082 ;2 228 ;1 933 ;1 896 ;1 883 ;2 222 ;2 929 ;3 083 ;3 497 ;3 012 ;2 880 ;6 958 ;3 573 ;4 867 ;4 252 ;;;;;;;;;;;;;;;;;;;;;;;;;;;;;;;;;;;;;;;;;;;;;;;;;;;;;;;;;;;;;;;;;;;;;;;;;;;;;;;;;;;;;;;;;;;;;;;;;;;;;;;;;;;;;;;;;;;;;;;;;;;;;;;;;;;;;;;;;;;;;;;;;;;;;;;;;;;;;;;;;;;;;;;;;;;;;;;;;;;;;;;;;;;;;;;;;;;;;;;;;;;;;;;;;;;;;;;;;;;;;
коксующийся, за т;;;;;;;;406;463;928;1 065;1 360;1 546;2 382 ;2 402 ;2 199 ;2 819 ;4 505 ;3 782 ;5 920 ;6 505 ;4 523 ;4 045 ;4 225 ;5 524 ;8 524 ;9 552 ;11 029 ;7 716 ;6 587 ;22 584 ;11 185 ;17 350 ;14 319 ;;;;;;;;;;;;;;;;;;;;;;;;;;;;;;;;;;;;;;;;;;;;;;;;;;;;;;;;;;;;;;;;;;;;;;;;;;;;;;;;;;;;;;;;;;;;;;;;;;;;;;;;;;;;;;;;;;;;;;;;;;;;;;;;;;;;;;;;;;;;;;;;;;;;;;;;;;;;;;;;;;;;;;;;;;;;;;;;;;;;;;;;;;;;;;;;;;;;;;;;;;;;;;;;;;;;;;;;;;;;;
уголь, за исключением антрацита, угля коксующегося и угля бурого36), за т;;;;;;;;236;305;390;516;547;681;752 ;792 ;871 ;949 ;1 101 ;1 174 ;1 308 ;1 498 ;1 526 ;1 512 ;1 591 ;1 658 ;1 679 ;1 723 ;2 066 ;2 257 ;2 047 ;3 090 ;2 922 ;3 242 ;3 669 ;;;;;;;;;;;;;;;;;;;;;;;;;;;;;;;;;;;;;;;;;;;;;;;;;;;;;;;;;;;;;;;;;;;;;;;;;;;;;;;;;;;;;;;;;;;;;;;;;;;;;;;;;;;;;;;;;;;;;;;;;;;;;;;;;;;;;;;;;;;;;;;;;;;;;;;;;;;;;;;;;;;;;;;;;;;;;;;;;;;;;;;;;;;;;;;;;;;;;;;;;;;;;;;;;;;;;;;;;;;;;
"Газ горючий природный 
(газ естественный)37), за тыс. м3 ";;;;;;;;338;370;468;572;819;1008;1 193 ;1 436 ;1 582 ;1 856 ;2 312 ;2 764 ;3 081 ;3 562 ;4 062 ;4 638 ;4 666 ;5 205 ;5 055 ;5 137 ;5 319 ;5 339 ;5 466 ;5 969 ;6 588 ;6 730 ;7 412 ;;;;;;;;;;;;;;;;;;;;;;;;;;;;;;;;;;;;;;;;;;;;;;;;;;;;;;;;;;;;;;;;;;;;;;;;;;;;;;;;;;;;;;;;;;;;;;;;;;;;;;;;;;;;;;;;;;;;;;;;;;;;;;;;;;;;;;;;;;;;;;;;;;;;;;;;;;;;;;;;;;;;;;;;;;;;;;;;;;;;;;;;;;;;;;;;;;;;;;;;;;;;;;;;;;;;;;;;;;;;;
Бензин автомобильный, за т;;;;;;;;1 985;6 135;8 688;7 382;8 712;10 152;13 679 ;16 984 ;18 822 ;21 505 ;24 834 ;23 377 ;24 814 ;28 775 ;34 523 ;35 539 ;38 496 ;40 470 ;43 170 ;46 131 ;49 428 ;54 999 ;56 038 ;59 386 ;57 664 ;66 513 ;72 821 ;;;;;;;;;;;;;;;;;;;;;;;;;;;;;;;;;;;;;;;;;;;;;;;;;;;;;;;;;;;;;;;;;;;;;;;;;;;;;;;;;;;;;;;;;;;;;;;;;;;;;;;;;;;;;;;;;;;;;;;;;;;;;;;;;;;;;;;;;;;;;;;;;;;;;;;;;;;;;;;;;;;;;;;;;;;;;;;;;;;;;;;;;;;;;;;;;;;;;;;;;;;;;;;;;;;;;;;;;;;;;
Топливо дизельное, за т;;;;;;;;1 643;5 186;7 528;7 206;7 036;9 857;12 707 ;16 830 ;16 925 ;19 711 ;20 286 ;19 661 ;24 157 ;30 488 ;34 075 ;36 275 ;36 622 ;40 015 ;39 721 ;46 998 ;57 707 ;56 908 ;53 316 ;65 067 ;71 801 ;78 491 ;83 425 ;;;;;;;;;;;;;;;;;;;;;;;;;;;;;;;;;;;;;;;;;;;;;;;;;;;;;;;;;;;;;;;;;;;;;;;;;;;;;;;;;;;;;;;;;;;;;;;;;;;;;;;;;;;;;;;;;;;;;;;;;;;;;;;;;;;;;;;;;;;;;;;;;;;;;;;;;;;;;;;;;;;;;;;;;;;;;;;;;;;;;;;;;;;;;;;;;;;;;;;;;;;;;;;;;;;;;;;;;;;;;
Мазут топочный, за т;;;;;;;;700;1 437;2 966;2 030;3 123;2 915;2 984 ;5 242 ;5 680 ;8 018 ;6 325 ;11 594 ;12 058 ;13 856 ;12 716 ;12 357 ;11 462 ;7 099 ;12 431 ;16 997 ;22 154 ;11 923 ;17 749 ;31 221 ;15 316 ;30 062 ;41 562 ;;;;;;;;;;;;;;;;;;;;;;;;;;;;;;;;;;;;;;;;;;;;;;;;;;;;;;;;;;;;;;;;;;;;;;;;;;;;;;;;;;;;;;;;;;;;;;;;;;;;;;;;;;;;;;;;;;;;;;;;;;;;;;;;;;;;;;;;;;;;;;;;;;;;;;;;;;;;;;;;;;;;;;;;;;;;;;;;;;;;;;;;;;;;;;;;;;;;;;;;;;;;;;;;;;;;;;;;;;;;;
Электроэнергия, за тыс. кВт?ч;;;;;;;;237;285;410;525;713;761;845 ;914 ;1 016 ;1 009 ;1 284 ;1 551 ;1 539 ;1 914 ;1 933 ;2 149 ;2 103 ;2 189 ;2 253 ;2 579 ;2 582 ;2 640 ;2 661 ;2 867 ;3 207 ;3 232 ;3 714 ;;;;;;;;;;;;;;;;;;;;;;;;;;;;;;;;;;;;;;;;;;;;;;;;;;;;;;;;;;;;;;;;;;;;;;;;;;;;;;;;;;;;;;;;;;;;;;;;;;;;;;;;;;;;;;;;;;;;;;;;;;;;;;;;;;;;;;;;;;;;;;;;;;;;;;;;;;;;;;;;;;;;;;;;;;;;;;;;;;;;;;;;;;;;;;;;;;;;;;;;;;;;;;;;;;;;;;;;;;;;;
"Индексы цен производителей сельскохозяйственной продукции 
(на конец периода, в процентах 
к декабрю предыдущего периода)";;;;;;;;;;;;;;;;;;;;;;;;;;;;;;;;;;;;;;;;;;;;;;;;;;;;;;;;;;;;;;;;;;;;;;;;;;;;;;;;;;;;;;;;;;;;;;;;;;;;;;;;;;;;;;;;;;;;;;;;;;;;;;;;;;;;;;;;;;;;;;;;;;;;;;;;;;;;;;;;;;;;;;;;;;;;;;;;;;;;;;;;;;;;;;;;;;;;;;;;;;;;;;;;;;;;;;;;;;;;;;;;;;;;;;;;;;;;;;;;;;;;;;;;;;;;;;;
Сельское хозяйство;;;;;3,3;143,5;109,1;141,9;191,4;122,2;117,5;98,1;124,7;117,7;103,0;110,4;130,2;102,5;98,2;123,6;94,9;110,8;102,7;114,1;108,5;101,8;92,2;112,9;95,5;113,1;113,6;95,9;109,1;105,9;;;;;;;;;;;;;;;;;;;;;;;;;;;;;;;;;;;;;;;;;;;;;;;;;;;;;;;;;;;;;;;;;;;;;;;;;;;;;;;;;;;;;;;;;;;;;;;;;;;;;;;;;;;;;;;;;;;;;;;;;;;;;;;;;;;;;;;;;;;;;;;;;;;;;;;;;;;;;;;;;;;;;;;;;;;;;;;;;;;;;;;;;;;;;;;;;;;;;;;;;;;;;;;;;;;;;;;;;;;;;
Растениеводство;;;;;2,9;162,1;98,4;110,5;235,3;124,7;108,8;95,1;146,2;112,5;93,9;121,0;137,3;97,4;93,4;138,3;85,3;122,7;96,6;107,6;124,7;97,1;89,1;115,9;97,5;126,8;113,0;87,2;101,7;112,0;;;;;;;;;;;;;;;;;;;;;;;;;;;;;;;;;;;;;;;;;;;;;;;;;;;;;;;;;;;;;;;;;;;;;;;;;;;;;;;;;;;;;;;;;;;;;;;;;;;;;;;;;;;;;;;;;;;;;;;;;;;;;;;;;;;;;;;;;;;;;;;;;;;;;;;;;;;;;;;;;;;;;;;;;;;;;;;;;;;;;;;;;;;;;;;;;;;;;;;;;;;;;;;;;;;;;;;;;;;;;
Зерновые и зернобобовые культуры;;;;;3,1;188,4;96,8;98,1;256,9;133,2;99,6;82,3;165,0;111,7;85,9;129,4;145,5;95,4;86,6;131,4;95,8;131,9;94,5;104,3;120,3;98,9;88,6;123,5;103,2;121,2;109,1;87,5;94,8;112,0;;;;;;;;;;;;;;;;;;;;;;;;;;;;;;;;;;;;;;;;;;;;;;;;;;;;;;;;;;;;;;;;;;;;;;;;;;;;;;;;;;;;;;;;;;;;;;;;;;;;;;;;;;;;;;;;;;;;;;;;;;;;;;;;;;;;;;;;;;;;;;;;;;;;;;;;;;;;;;;;;;;;;;;;;;;;;;;;;;;;;;;;;;;;;;;;;;;;;;;;;;;;;;;;;;;;;;;;;;;;;
Пшеница;;;;;3,4;175,2;97,2;98,4;276,9;127,7;99,3;80,6;177,1;108,4;80,2;134,9;144,6;92,9;87,8;127,8;96,7;136,6;93,1;106,3;117,6;97,4;88,4;127,3;103,1;123,2;105,7;85,1;95,6;113,4;;;;;;;;;;;;;;;;;;;;;;;;;;;;;;;;;;;;;;;;;;;;;;;;;;;;;;;;;;;;;;;;;;;;;;;;;;;;;;;;;;;;;;;;;;;;;;;;;;;;;;;;;;;;;;;;;;;;;;;;;;;;;;;;;;;;;;;;;;;;;;;;;;;;;;;;;;;;;;;;;;;;;;;;;;;;;;;;;;;;;;;;;;;;;;;;;;;;;;;;;;;;;;;;;;;;;;;;;;;;;
Рожь;;;;;3,1;203,8;93,0;94,0;207,6;157,9;95,3;77,8;126,4;145,3;92,2;111,0;141,8;106,9;81,3;132,7;88,4;127,0;101,2;96,2;108,3;109,3;94,1;105,5;111,8;114,1;106,9;94,1;90,6;104,2;;;;;;;;;;;;;;;;;;;;;;;;;;;;;;;;;;;;;;;;;;;;;;;;;;;;;;;;;;;;;;;;;;;;;;;;;;;;;;;;;;;;;;;;;;;;;;;;;;;;;;;;;;;;;;;;;;;;;;;;;;;;;;;;;;;;;;;;;;;;;;;;;;;;;;;;;;;;;;;;;;;;;;;;;;;;;;;;;;;;;;;;;;;;;;;;;;;;;;;;;;;;;;;;;;;;;;;;;;;;;
Просо;;;;;4,3;179,3;87,5;96,6;188,7;139,5;104,3;105,1;130,8;95,3;93,6;117,3;134,2;106,2;84,8;118,3;70,7;101,9;105,0;105,3;112,5;93,6;95,7;134,7;106,7;101,7;97,5;103,9;97,1;100,6;;;;;;;;;;;;;;;;;;;;;;;;;;;;;;;;;;;;;;;;;;;;;;;;;;;;;;;;;;;;;;;;;;;;;;;;;;;;;;;;;;;;;;;;;;;;;;;;;;;;;;;;;;;;;;;;;;;;;;;;;;;;;;;;;;;;;;;;;;;;;;;;;;;;;;;;;;;;;;;;;;;;;;;;;;;;;;;;;;;;;;;;;;;;;;;;;;;;;;;;;;;;;;;;;;;;;;;;;;;;;
Гречиха;;;;;2,5;162,6;96,0;111,3;303,0;106,1;90,3;109,7;134,2;103,5;92,9;116,7;111,4;99,6;96,8;259,1;83,6;80,7;79,8;136,3;149,0;118,9;53,6;87,7;158,9;144,0;131,2;74,4;73,8;77,3;;;;;;;;;;;;;;;;;;;;;;;;;;;;;;;;;;;;;;;;;;;;;;;;;;;;;;;;;;;;;;;;;;;;;;;;;;;;;;;;;;;;;;;;;;;;;;;;;;;;;;;;;;;;;;;;;;;;;;;;;;;;;;;;;;;;;;;;;;;;;;;;;;;;;;;;;;;;;;;;;;;;;;;;;;;;;;;;;;;;;;;;;;;;;;;;;;;;;;;;;;;;;;;;;;;;;;;;;;;;;
Кукуруза;;;;;2,1;170,7;79,5;109,3;198,9;129,1;111,7;103,3;143,0;102,2;88,5;144,8;134,2;105,0;88,3;143,7;92,4;129,7;83,7;103,6;126,6;103,4;83,7;123,6;101,5;124,9;108,7;87,8;89,9;115,9;;;;;;;;;;;;;;;;;;;;;;;;;;;;;;;;;;;;;;;;;;;;;;;;;;;;;;;;;;;;;;;;;;;;;;;;;;;;;;;;;;;;;;;;;;;;;;;;;;;;;;;;;;;;;;;;;;;;;;;;;;;;;;;;;;;;;;;;;;;;;;;;;;;;;;;;;;;;;;;;;;;;;;;;;;;;;;;;;;;;;;;;;;;;;;;;;;;;;;;;;;;;;;;;;;;;;;;;;;;;;
Ячмень;;;;;2,7;246,6;99,3;97,0;230,3;150,9;101,3;84,2;146,3;113,7;101,9;114,7;159,3;95,9;80,1;143,8;95,3;126,1;99,1;96,2;123,6;100,0;90,6;125,8;101,2;110,7;120,1;89,9;89,3;110,4;;;;;;;;;;;;;;;;;;;;;;;;;;;;;;;;;;;;;;;;;;;;;;;;;;;;;;;;;;;;;;;;;;;;;;;;;;;;;;;;;;;;;;;;;;;;;;;;;;;;;;;;;;;;;;;;;;;;;;;;;;;;;;;;;;;;;;;;;;;;;;;;;;;;;;;;;;;;;;;;;;;;;;;;;;;;;;;;;;;;;;;;;;;;;;;;;;;;;;;;;;;;;;;;;;;;;;;;;;;;;
Зернобобовые;;;;;2,6;241,6;105,7;97,2;189,5;142,1;105,7;87,5;115,8;118,9;92,4;112,2;131,1;109,2;91,2;124,4;103,1;118,0;103,4;102,1;129,4;112,8;89,5;97,7;105,8;113,2;133,9;93,9;97,8;117,0;;;;;;;;;;;;;;;;;;;;;;;;;;;;;;;;;;;;;;;;;;;;;;;;;;;;;;;;;;;;;;;;;;;;;;;;;;;;;;;;;;;;;;;;;;;;;;;;;;;;;;;;;;;;;;;;;;;;;;;;;;;;;;;;;;;;;;;;;;;;;;;;;;;;;;;;;;;;;;;;;;;;;;;;;;;;;;;;;;;;;;;;;;;;;;;;;;;;;;;;;;;;;;;;;;;;;;;;;;;;;
Овес;;;;;2,4;204,2;97,9;101,6;180,3;141,4;104,5;91,7;122,1;131,7;100,3;108,8;125,3;113,1;89,9;120,5;105,2;122,0;106,4;95,4;107,8;108,7;98,7;99,7;105,6;116,6;114,2;92,5;93,5;106,4;;;;;;;;;;;;;;;;;;;;;;;;;;;;;;;;;;;;;;;;;;;;;;;;;;;;;;;;;;;;;;;;;;;;;;;;;;;;;;;;;;;;;;;;;;;;;;;;;;;;;;;;;;;;;;;;;;;;;;;;;;;;;;;;;;;;;;;;;;;;;;;;;;;;;;;;;;;;;;;;;;;;;;;;;;;;;;;;;;;;;;;;;;;;;;;;;;;;;;;;;;;;;;;;;;;;;;;;;;;;;
Семена подсолнечника;;;;;3,2;95,4;99,1;153,4;247,2;97,4;136,8;111,9;109,9;123,7;88,3;95,6;205,7;86,6;100,4;171,1;75,8;129,7;78,8;117,7;152,6;97,1;82,5;110,7;95,4;160,8;120,0;75,0;93,5;129,4;;;;;;;;;;;;;;;;;;;;;;;;;;;;;;;;;;;;;;;;;;;;;;;;;;;;;;;;;;;;;;;;;;;;;;;;;;;;;;;;;;;;;;;;;;;;;;;;;;;;;;;;;;;;;;;;;;;;;;;;;;;;;;;;;;;;;;;;;;;;;;;;;;;;;;;;;;;;;;;;;;;;;;;;;;;;;;;;;;;;;;;;;;;;;;;;;;;;;;;;;;;;;;;;;;;;;;;;;;;;;
Сахарная свекла;;;;;2,6;132,0;103,9;105,3;141,6;123,9;120,7;117,9;120,4;96,1;107,3;115,2;95,8;106,2;131,7;121,1;76,8;95,4;105,6;117,0;138,1;90,9;79,8;127,2;73,7;155,9;103,4;102,7;111,8;103,7;;;;;;;;;;;;;;;;;;;;;;;;;;;;;;;;;;;;;;;;;;;;;;;;;;;;;;;;;;;;;;;;;;;;;;;;;;;;;;;;;;;;;;;;;;;;;;;;;;;;;;;;;;;;;;;;;;;;;;;;;;;;;;;;;;;;;;;;;;;;;;;;;;;;;;;;;;;;;;;;;;;;;;;;;;;;;;;;;;;;;;;;;;;;;;;;;;;;;;;;;;;;;;;;;;;;;;;;;;;;;
Лен-долгунец-волокно;;;;;4,0;107,6;100,1;112,0;246,8;174,8;106,8;88,2;121,4;121,0;97,9;105,3;110,8;129,4;110,9;106,3;106,3;115,3;95,9;92,3;156,2;94,5;97,1;98,3;104,8;102,1;112,2;96,4;119,5;168,5;;;;;;;;;;;;;;;;;;;;;;;;;;;;;;;;;;;;;;;;;;;;;;;;;;;;;;;;;;;;;;;;;;;;;;;;;;;;;;;;;;;;;;;;;;;;;;;;;;;;;;;;;;;;;;;;;;;;;;;;;;;;;;;;;;;;;;;;;;;;;;;;;;;;;;;;;;;;;;;;;;;;;;;;;;;;;;;;;;;;;;;;;;;;;;;;;;;;;;;;;;;;;;;;;;;;;;;;;;;;;
Картофель;;;;;3,4;111,4;105,7;156,3;210,6;99,1;112,6;139,8;97,8;98,6;116,7;103,3;131,1;116,4;95,3;201,4;47,0;99,4;124,2;116,0;83,9;95,3;110,0;95,8;95,1;131,2;147,8;75,3;84,2;150,0;;;;;;;;;;;;;;;;;;;;;;;;;;;;;;;;;;;;;;;;;;;;;;;;;;;;;;;;;;;;;;;;;;;;;;;;;;;;;;;;;;;;;;;;;;;;;;;;;;;;;;;;;;;;;;;;;;;;;;;;;;;;;;;;;;;;;;;;;;;;;;;;;;;;;;;;;;;;;;;;;;;;;;;;;;;;;;;;;;;;;;;;;;;;;;;;;;;;;;;;;;;;;;;;;;;;;;;;;;;;;
Овощи свежие или охлажденные;;;;;2,2;142,8;103,3;154,7;179,6;119,4;138,0;140,6;115,2;118,5;128,0;109,9;101,7;104,3;92,8;147,8;72,8;106,2;111,4;99,4;109,0;94,2;107,1;91,4;98,1;100,0;110,9;101,6;119,8;108,1;;;;;;;;;;;;;;;;;;;;;;;;;;;;;;;;;;;;;;;;;;;;;;;;;;;;;;;;;;;;;;;;;;;;;;;;;;;;;;;;;;;;;;;;;;;;;;;;;;;;;;;;;;;;;;;;;;;;;;;;;;;;;;;;;;;;;;;;;;;;;;;;;;;;;;;;;;;;;;;;;;;;;;;;;;;;;;;;;;;;;;;;;;;;;;;;;;;;;;;;;;;;;;;;;;;;;;;;;;;;;
Томаты (помидоры);;;;;2,3;240,7;91,4;144,0;179,5;126,7;116,5;124,2;123,6;131,8;137,0;106,3;83,3;115,6;83,4;153,4;72,5;111,3;105,0;110,2;116,0;101,3;105,5;83,3;115,0;90,6;108,4;96,3;135,6;102,8;;;;;;;;;;;;;;;;;;;;;;;;;;;;;;;;;;;;;;;;;;;;;;;;;;;;;;;;;;;;;;;;;;;;;;;;;;;;;;;;;;;;;;;;;;;;;;;;;;;;;;;;;;;;;;;;;;;;;;;;;;;;;;;;;;;;;;;;;;;;;;;;;;;;;;;;;;;;;;;;;;;;;;;;;;;;;;;;;;;;;;;;;;;;;;;;;;;;;;;;;;;;;;;;;;;;;;;;;;;;;
Огурцы;;;;;2,2;139,1;115,8;125,8;215,9;130,6;155,9;131,0;130,3;117,5;122,5;118,7;103,0;111,6;90,7;121,5;94,4;98,7;113,8;90,5;107,4;93,3;108,9;90,4;90,2;106,0;106,4;109,3;108,1;112,4;;;;;;;;;;;;;;;;;;;;;;;;;;;;;;;;;;;;;;;;;;;;;;;;;;;;;;;;;;;;;;;;;;;;;;;;;;;;;;;;;;;;;;;;;;;;;;;;;;;;;;;;;;;;;;;;;;;;;;;;;;;;;;;;;;;;;;;;;;;;;;;;;;;;;;;;;;;;;;;;;;;;;;;;;;;;;;;;;;;;;;;;;;;;;;;;;;;;;;;;;;;;;;;;;;;;;;;;;;;;;
Лук репчатый;;;;;1,3;113,3;101,5;199,7;198,2;94,8;117,3;138,9;115,3;97,9;108,0;122,1;121,4;83,1;148,9;176,3;57,0;103,2;115,4;130,4;104,3;84,0;107,4;109,2;100,7;98,0;117,6;100,5;123,8;113,8;;;;;;;;;;;;;;;;;;;;;;;;;;;;;;;;;;;;;;;;;;;;;;;;;;;;;;;;;;;;;;;;;;;;;;;;;;;;;;;;;;;;;;;;;;;;;;;;;;;;;;;;;;;;;;;;;;;;;;;;;;;;;;;;;;;;;;;;;;;;;;;;;;;;;;;;;;;;;;;;;;;;;;;;;;;;;;;;;;;;;;;;;;;;;;;;;;;;;;;;;;;;;;;;;;;;;;;;;;;;;
Капуста;;;;;2,2;113,1;96,0;211,9;113,7;110,7;146,9;177,0;75,1;106,8;137,6;85,9;175,2;72,2;111,7;212,2;37,7;140,1;104,3;130,1;107,8;78,2;94,9;150,2;98,8;91,6;222,9;64,0;141,5;129,0;;;;;;;;;;;;;;;;;;;;;;;;;;;;;;;;;;;;;;;;;;;;;;;;;;;;;;;;;;;;;;;;;;;;;;;;;;;;;;;;;;;;;;;;;;;;;;;;;;;;;;;;;;;;;;;;;;;;;;;;;;;;;;;;;;;;;;;;;;;;;;;;;;;;;;;;;;;;;;;;;;;;;;;;;;;;;;;;;;;;;;;;;;;;;;;;;;;;;;;;;;;;;;;;;;;;;;;;;;;;;
Морковь;;;;;2,4;112,8;100,0;163,4;208,6;94,0;115,4;191,4;89,8;104,2;128,2;98,1;116,4;110,3;95,0;167,4;59,0;115,5;111,7;110,4;103,2;99,1;98,7;111,6;89,0;118,4;153,3;75,5;108,1;116,0;;;;;;;;;;;;;;;;;;;;;;;;;;;;;;;;;;;;;;;;;;;;;;;;;;;;;;;;;;;;;;;;;;;;;;;;;;;;;;;;;;;;;;;;;;;;;;;;;;;;;;;;;;;;;;;;;;;;;;;;;;;;;;;;;;;;;;;;;;;;;;;;;;;;;;;;;;;;;;;;;;;;;;;;;;;;;;;;;;;;;;;;;;;;;;;;;;;;;;;;;;;;;;;;;;;;;;;;;;;;;
Свекла столовая;;;;;2,6;107,4;106,5;165,1;181,7;93,6;110,2;168,8;92,3;104,6;126,1;101,5;110,6;116,1;83,9;175,5;59,5;112,5;122,7;103,5;102,4;93,3;102,4;112,3;95,9;111,6;146,8;76,9;96,3;133,0;;;;;;;;;;;;;;;;;;;;;;;;;;;;;;;;;;;;;;;;;;;;;;;;;;;;;;;;;;;;;;;;;;;;;;;;;;;;;;;;;;;;;;;;;;;;;;;;;;;;;;;;;;;;;;;;;;;;;;;;;;;;;;;;;;;;;;;;;;;;;;;;;;;;;;;;;;;;;;;;;;;;;;;;;;;;;;;;;;;;;;;;;;;;;;;;;;;;;;;;;;;;;;;;;;;;;;;;;;;;;
Плоды косточковых культур;;;;;2,3;126,8;114,7;103,2;353,4;123,1;146,7;119,4;187,3;183,9;94,5;143,1;89,3;124,4;128,9;134,7;137,1;100,0;126,3;116,3;114,7;98,7;112,2;86,8;127,3;107,4;80,9;104,5;134,7;109,6;;;;;;;;;;;;;;;;;;;;;;;;;;;;;;;;;;;;;;;;;;;;;;;;;;;;;;;;;;;;;;;;;;;;;;;;;;;;;;;;;;;;;;;;;;;;;;;;;;;;;;;;;;;;;;;;;;;;;;;;;;;;;;;;;;;;;;;;;;;;;;;;;;;;;;;;;;;;;;;;;;;;;;;;;;;;;;;;;;;;;;;;;;;;;;;;;;;;;;;;;;;;;;;;;;;;;;;;;;;;;
Плоды семечковых  культур;;;;;2,6;101,5;109,7;177,5;245,5;79,4;142,7;126,3;84,1;125,7;112,5;132,7;91,5;122,1;85,2;136,7;102,7;105,5;99,7;120,9;133,2;85,7;109,9;94,1;114,5;123,4;82,5;108,3;117,7;122,7;;;;;;;;;;;;;;;;;;;;;;;;;;;;;;;;;;;;;;;;;;;;;;;;;;;;;;;;;;;;;;;;;;;;;;;;;;;;;;;;;;;;;;;;;;;;;;;;;;;;;;;;;;;;;;;;;;;;;;;;;;;;;;;;;;;;;;;;;;;;;;;;;;;;;;;;;;;;;;;;;;;;;;;;;;;;;;;;;;;;;;;;;;;;;;;;;;;;;;;;;;;;;;;;;;;;;;;;;;;;;
Плоды ягодных культур;;;;;2,4;146,5;105,9;107,7;204,5;126,3;134,4;108,6;125,6;110,5;118,6;122,9;124,9;120,3;127,5;111,9;125,0;105,7;103,0;98,2;111,8;111,9;105,5;98,7;101,5;115,2;101,7;117,3;113,9;119,8;;;;;;;;;;;;;;;;;;;;;;;;;;;;;;;;;;;;;;;;;;;;;;;;;;;;;;;;;;;;;;;;;;;;;;;;;;;;;;;;;;;;;;;;;;;;;;;;;;;;;;;;;;;;;;;;;;;;;;;;;;;;;;;;;;;;;;;;;;;;;;;;;;;;;;;;;;;;;;;;;;;;;;;;;;;;;;;;;;;;;;;;;;;;;;;;;;;;;;;;;;;;;;;;;;;;;;;;;;;;;
Виноград;;;;;2,4;138,0;116,7;100,1;206,4;149,7;109,2;124,9;115,9;120,5;98,8;166,1;109,7;96,1;102,3;114,3;82,4;122,6;89,6;102,5;134,3;105,8;119,9;98,1;107,4;109,4;132,8;110,2;101,5;98,8;;;;;;;;;;;;;;;;;;;;;;;;;;;;;;;;;;;;;;;;;;;;;;;;;;;;;;;;;;;;;;;;;;;;;;;;;;;;;;;;;;;;;;;;;;;;;;;;;;;;;;;;;;;;;;;;;;;;;;;;;;;;;;;;;;;;;;;;;;;;;;;;;;;;;;;;;;;;;;;;;;;;;;;;;;;;;;;;;;;;;;;;;;;;;;;;;;;;;;;;;;;;;;;;;;;;;;;;;;;;;
Культуры бахчевые продовольственные;;;;;1,4;163,8;79,3;118,1;147,1;113,2;103,9;111,3;108,7;112,2;97,5;109,6;115,8;160,7;133,0;109,3;83,4;113,5;100,2;123,4;90,2;114,2;137,0;101,7;100,5;189,2;145,9;78,4;100,2;114,5;;;;;;;;;;;;;;;;;;;;;;;;;;;;;;;;;;;;;;;;;;;;;;;;;;;;;;;;;;;;;;;;;;;;;;;;;;;;;;;;;;;;;;;;;;;;;;;;;;;;;;;;;;;;;;;;;;;;;;;;;;;;;;;;;;;;;;;;;;;;;;;;;;;;;;;;;;;;;;;;;;;;;;;;;;;;;;;;;;;;;;;;;;;;;;;;;;;;;;;;;;;;;;;;;;;;;;;;;;;;;
Животноводство;;;;;3,6;133,5;118,3;164,5;169,4;120,7;123,8;100,0;112,4;121,1;109,0;104,2;125,5;106,1;101,5;114,9;102,6;105,3;105,7;117,5;102,4;104,5;94,1;111,5;94,5;104,2;114,0;103,1;113,5;102,9;;;;;;;;;;;;;;;;;;;;;;;;;;;;;;;;;;;;;;;;;;;;;;;;;;;;;;;;;;;;;;;;;;;;;;;;;;;;;;;;;;;;;;;;;;;;;;;;;;;;;;;;;;;;;;;;;;;;;;;;;;;;;;;;;;;;;;;;;;;;;;;;;;;;;;;;;;;;;;;;;;;;;;;;;;;;;;;;;;;;;;;;;;;;;;;;;;;;;;;;;;;;;;;;;;;;;;;;;;;;;
Скот и птица (в живом весе);;;;;3,2;136,7;123,7;152,9;178,2;126,6;131,0;100,0;109,2;123,6;115,2;103,2;108,0;117,4;105,6;103,8;105,3;107,2;94,3;125,2;100,1;103,3;93,5;115,0;90,8;103,7;116,7;100,7;115,5;99,1;;;;;;;;;;;;;;;;;;;;;;;;;;;;;;;;;;;;;;;;;;;;;;;;;;;;;;;;;;;;;;;;;;;;;;;;;;;;;;;;;;;;;;;;;;;;;;;;;;;;;;;;;;;;;;;;;;;;;;;;;;;;;;;;;;;;;;;;;;;;;;;;;;;;;;;;;;;;;;;;;;;;;;;;;;;;;;;;;;;;;;;;;;;;;;;;;;;;;;;;;;;;;;;;;;;;;;;;;;;;;
Скот крупный рогатый живой;;;;;3,4;134,4;120,9;141,5;208,9;120,8;138,9;102,2;103,4;125,5;124,4;111,5;104,2;115,0;108,7;107,9;117,8;104,1;94,0;110,8;116,1;102,5;101,3;103,1;103,1;101,5;107,4;110,0;100,1;109,7;;;;;;;;;;;;;;;;;;;;;;;;;;;;;;;;;;;;;;;;;;;;;;;;;;;;;;;;;;;;;;;;;;;;;;;;;;;;;;;;;;;;;;;;;;;;;;;;;;;;;;;;;;;;;;;;;;;;;;;;;;;;;;;;;;;;;;;;;;;;;;;;;;;;;;;;;;;;;;;;;;;;;;;;;;;;;;;;;;;;;;;;;;;;;;;;;;;;;;;;;;;;;;;;;;;;;;;;;;;;;
Овцы и козы живые;;;;;3,6;158,0;129,9;131,8;199,9;123,4;141,2;110,6;113,0;108,6;124,4;115,8;105,9;116,1;108,1;109,5;110,7;115,4;103,8;101,9;106,6;103,4;102,8;102,6;106,3;98,9;104,8;101,6;106,8;104,9;;;;;;;;;;;;;;;;;;;;;;;;;;;;;;;;;;;;;;;;;;;;;;;;;;;;;;;;;;;;;;;;;;;;;;;;;;;;;;;;;;;;;;;;;;;;;;;;;;;;;;;;;;;;;;;;;;;;;;;;;;;;;;;;;;;;;;;;;;;;;;;;;;;;;;;;;;;;;;;;;;;;;;;;;;;;;;;;;;;;;;;;;;;;;;;;;;;;;;;;;;;;;;;;;;;;;;;;;;;;;
Свиньи живые;;;;;3,2;134,0;128,2;138,1;168,2;132,3;135,8;96,4;107,5;142,9;109,3;98,0;103,2;128,9;101,4;102,7;110,3;100,9;98,1;126,3;94,6;100,2;98,8;112,0;84,4;109,2;112,8;99,5;111,6;102,2;;;;;;;;;;;;;;;;;;;;;;;;;;;;;;;;;;;;;;;;;;;;;;;;;;;;;;;;;;;;;;;;;;;;;;;;;;;;;;;;;;;;;;;;;;;;;;;;;;;;;;;;;;;;;;;;;;;;;;;;;;;;;;;;;;;;;;;;;;;;;;;;;;;;;;;;;;;;;;;;;;;;;;;;;;;;;;;;;;;;;;;;;;;;;;;;;;;;;;;;;;;;;;;;;;;;;;;;;;;;;
Птица сельскохозяйственная живая;;;;;2,9;141,5;126,2;192,4;135,6;130,5;116,9;100,0;116,9;109,4;111,4;100,5;113,4;112,6;106,6;102,6;97,4;111,9;92,3;128,1;101,4;105,6;88,7;119,8;94,0;99,8;122,2;100,0;121,9;95,0;;;;;;;;;;;;;;;;;;;;;;;;;;;;;;;;;;;;;;;;;;;;;;;;;;;;;;;;;;;;;;;;;;;;;;;;;;;;;;;;;;;;;;;;;;;;;;;;;;;;;;;;;;;;;;;;;;;;;;;;;;;;;;;;;;;;;;;;;;;;;;;;;;;;;;;;;;;;;;;;;;;;;;;;;;;;;;;;;;;;;;;;;;;;;;;;;;;;;;;;;;;;;;;;;;;;;;;;;;;;;
Молоко сырое крупного рогатого скота ;;;;;4,7;124,4;117,8;150,5;192,5;114,0;120,7;96,4;119,0;113,6;111,4;103,4;156,4;90,8;101,4;134,7;96,0;100,3;123,9;108,7;102,9;112,0;101,4;97,5;105,7;101,9;107,2;113,3;95,3;120,4;;;;;;;;;;;;;;;;;;;;;;;;;;;;;;;;;;;;;;;;;;;;;;;;;;;;;;;;;;;;;;;;;;;;;;;;;;;;;;;;;;;;;;;;;;;;;;;;;;;;;;;;;;;;;;;;;;;;;;;;;;;;;;;;;;;;;;;;;;;;;;;;;;;;;;;;;;;;;;;;;;;;;;;;;;;;;;;;;;;;;;;;;;;;;;;;;;;;;;;;;;;;;;;;;;;;;;;;;;;;;
Яйца куриные;;;;;3,0;146,9;108,8;212,9;109,9;122,6;114,0;107,4;108,8;129,5;86,2;110,3;126,4;110,5;84,4;116,1;106,5;106,0;131,7;102,6;113,7;97,6;82,1;122,6;97,5;113,6;112,8;95,3;148,7;91,3;;;;;;;;;;;;;;;;;;;;;;;;;;;;;;;;;;;;;;;;;;;;;;;;;;;;;;;;;;;;;;;;;;;;;;;;;;;;;;;;;;;;;;;;;;;;;;;;;;;;;;;;;;;;;;;;;;;;;;;;;;;;;;;;;;;;;;;;;;;;;;;;;;;;;;;;;;;;;;;;;;;;;;;;;;;;;;;;;;;;;;;;;;;;;;;;;;;;;;;;;;;;;;;;;;;;;;;;;;;;;
Шерсть стриженая немытая;;;;;4,7;106,1;108,8;116,1;188,2;173,9;117,0;105,7;105,5;112,1;95,7;89,7;100,7;121,1;97,7;103,5;126,7;106,8;103,2;99,9;108,0;108,6;102,6;106,2;101,3;96,0;100,1;95,7;99,5;102,9;;;;;;;;;;;;;;;;;;;;;;;;;;;;;;;;;;;;;;;;;;;;;;;;;;;;;;;;;;;;;;;;;;;;;;;;;;;;;;;;;;;;;;;;;;;;;;;;;;;;;;;;;;;;;;;;;;;;;;;;;;;;;;;;;;;;;;;;;;;;;;;;;;;;;;;;;;;;;;;;;;;;;;;;;;;;;;;;;;;;;;;;;;;;;;;;;;;;;;;;;;;;;;;;;;;;;;;;;;;;;
"Средние цены производителей сельскохозяйственной продукции 
(в среднем за год; рублей за тонну; 
до 1998 г.- в тыс.руб.)";;;;;;;;;;;;;;;;;;;;;;;;;;;;;;;;;;;;;;;;;;;;;;;;;;;;;;;;;;;;;;;;;;;;;;;;;;;;;;;;;;;;;;;;;;;;;;;;;;;;;;;;;;;;;;;;;;;;;;;;;;;;;;;;;;;;;;;;;;;;;;;;;;;;;;;;;;;;;;;;;;;;;;;;;;;;;;;;;;;;;;;;;;;;;;;;;;;;;;;;;;;;;;;;;;;;;;;;;;;;;;;;;;;;;;;;;;;;;;;;;;;;;;;;;;;;;;;
Зерновые и зернобобовые культуры;;;;;317;612;593;533;1390;2113;2138;1690;2 233 ;3 060 ;2 519 ;3 008 ;4 549 ;5 036 ;4 412 ;4 017 ;5 348 ;6 424 ;6 824 ;6 616 ;8 684 ;8 923 ;7 451 ;8 516 ;10 319 ;11 900 ;14 288 ;13 225 ;11 029 ;12 255 ;;;;;;;;;;;;;;;;;;;;;;;;;;;;;;;;;;;;;;;;;;;;;;;;;;;;;;;;;;;;;;;;;;;;;;;;;;;;;;;;;;;;;;;;;;;;;;;;;;;;;;;;;;;;;;;;;;;;;;;;;;;;;;;;;;;;;;;;;;;;;;;;;;;;;;;;;;;;;;;;;;;;;;;;;;;;;;;;;;;;;;;;;;;;;;;;;;;;;;;;;;;;;;;;;;;;;;;;;;;;;
Пшеница;;;;;365;640;622;546;1488;2179;2242;1751;2 423 ;3 242 ;2 508 ;3 060 ;4 653 ;5 103 ;4 260 ;3 867 ;5 108 ;6 409 ;6 715 ;6 849 ;8 768 ;8 837 ;7 304 ;8 537 ;10 279 ;12 240 ;14 265 ;12 813 ;10 847 ;11 931 ;;;;;;;;;;;;;;;;;;;;;;;;;;;;;;;;;;;;;;;;;;;;;;;;;;;;;;;;;;;;;;;;;;;;;;;;;;;;;;;;;;;;;;;;;;;;;;;;;;;;;;;;;;;;;;;;;;;;;;;;;;;;;;;;;;;;;;;;;;;;;;;;;;;;;;;;;;;;;;;;;;;;;;;;;;;;;;;;;;;;;;;;;;;;;;;;;;;;;;;;;;;;;;;;;;;;;;;;;;;;;
Рожь;;;;;310;633;588;449;1091;1992;1877;1264;1 349 ;2 509 ;2 346 ;2 474 ;3 586 ;4 382 ;3 810 ;3 411 ;3 924 ;4 519 ;4 912 ;4 691 ;5 247 ;6 149 ;5 622 ;5 561 ;8 073 ;9 662 ;10 115 ;10 634 ;7 423 ;8 188 ;;;;;;;;;;;;;;;;;;;;;;;;;;;;;;;;;;;;;;;;;;;;;;;;;;;;;;;;;;;;;;;;;;;;;;;;;;;;;;;;;;;;;;;;;;;;;;;;;;;;;;;;;;;;;;;;;;;;;;;;;;;;;;;;;;;;;;;;;;;;;;;;;;;;;;;;;;;;;;;;;;;;;;;;;;;;;;;;;;;;;;;;;;;;;;;;;;;;;;;;;;;;;;;;;;;;;;;;;;;;;
Просо;;;;;319;572;500;427;909;1523;1634;1556;2 952 ;2 488 ;1 860 ;2 559 ;3 622 ;4 088 ;3 956 ;3 832 ;5 158 ;3 982 ;5 241 ;5 609 ;7 365 ;6 439 ;5 102 ;11 783 ;13 387 ;11 736 ;12 201 ;11 620 ;12 118 ;10 792 ;;;;;;;;;;;;;;;;;;;;;;;;;;;;;;;;;;;;;;;;;;;;;;;;;;;;;;;;;;;;;;;;;;;;;;;;;;;;;;;;;;;;;;;;;;;;;;;;;;;;;;;;;;;;;;;;;;;;;;;;;;;;;;;;;;;;;;;;;;;;;;;;;;;;;;;;;;;;;;;;;;;;;;;;;;;;;;;;;;;;;;;;;;;;;;;;;;;;;;;;;;;;;;;;;;;;;;;;;;;;;
Гречиха;;;;;646;1 051 ;1 009 ;1 121 ;4 757 ;4 509 ;3 063 ;3 002 ;5 062 ;5 192 ;4 581 ;5 352 ;5 927 ;6 197 ;5 771 ;8 153 ;15 676 ;10 537 ;7 205 ;8 370 ;20 137 ;25 870 ;15 665 ;7 520 ;13 771 ;27 481 ;37 450 ;36 690 ;20 427 ;14 025 ;;;;;;;;;;;;;;;;;;;;;;;;;;;;;;;;;;;;;;;;;;;;;;;;;;;;;;;;;;;;;;;;;;;;;;;;;;;;;;;;;;;;;;;;;;;;;;;;;;;;;;;;;;;;;;;;;;;;;;;;;;;;;;;;;;;;;;;;;;;;;;;;;;;;;;;;;;;;;;;;;;;;;;;;;;;;;;;;;;;;;;;;;;;;;;;;;;;;;;;;;;;;;;;;;;;;;;;;;;;;;
Кукуруза;;;;;539;919 ;731 ;747 ;2 124 ;2 616 ;3 269 ;2 986 ;2 781 ;3 632 ;2 388 ;3 412 ;5 165 ;5 758 ;4 361 ;4 681 ;5 917 ;6 751 ;6 581 ;5 799 ;7 853 ;8 348 ;7 030 ;7 910 ;10 059 ;10 881 ;13 788 ;13 215 ;10 261 ;11 656 ;;;;;;;;;;;;;;;;;;;;;;;;;;;;;;;;;;;;;;;;;;;;;;;;;;;;;;;;;;;;;;;;;;;;;;;;;;;;;;;;;;;;;;;;;;;;;;;;;;;;;;;;;;;;;;;;;;;;;;;;;;;;;;;;;;;;;;;;;;;;;;;;;;;;;;;;;;;;;;;;;;;;;;;;;;;;;;;;;;;;;;;;;;;;;;;;;;;;;;;;;;;;;;;;;;;;;;;;;;;;;
Ячмень;;;;;204;503 ;500 ;440 ;1 086 ;1 822 ;1 822 ;1 500 ;1 941 ;2 514 ;2 560 ;2 805 ;4 398 ;4 835 ;3 812 ;3 395 ;4 986 ;5 903 ;6 376 ;5 516 ;7 344 ;7 741 ;6 782 ;8 115 ;9 552 ;9 742 ;12 844 ;12 795 ;9 729 ;10 657 ;;;;;;;;;;;;;;;;;;;;;;;;;;;;;;;;;;;;;;;;;;;;;;;;;;;;;;;;;;;;;;;;;;;;;;;;;;;;;;;;;;;;;;;;;;;;;;;;;;;;;;;;;;;;;;;;;;;;;;;;;;;;;;;;;;;;;;;;;;;;;;;;;;;;;;;;;;;;;;;;;;;;;;;;;;;;;;;;;;;;;;;;;;;;;;;;;;;;;;;;;;;;;;;;;;;;;;;;;;;;;
Зернобобовые;;;;;372 ;899 ;951 ;922 ;2 297 ;3 365 ;3 487 ;2 825 ;2 824 ;3 704 ;3 216 ;3 425 ;5 127 ;6 827 ;5 581 ;5 581 ;6 991 ;8 335 ;8 395 ;8 458 ;13 069 ;16 704 ;12 275 ;9 547 ;11 791 ;13 913 ;20 180 ;20 165 ;18 151 ;23 306 ;;;;;;;;;;;;;;;;;;;;;;;;;;;;;;;;;;;;;;;;;;;;;;;;;;;;;;;;;;;;;;;;;;;;;;;;;;;;;;;;;;;;;;;;;;;;;;;;;;;;;;;;;;;;;;;;;;;;;;;;;;;;;;;;;;;;;;;;;;;;;;;;;;;;;;;;;;;;;;;;;;;;;;;;;;;;;;;;;;;;;;;;;;;;;;;;;;;;;;;;;;;;;;;;;;;;;;;;;;;;;
Овес;;;;;256 ;524 ;513 ;499 ;1 011 ;1 637 ;1 703 ;1 509 ;1 666 ;2 444 ;2 488 ;2 517 ;2 987 ;3 798 ;3 957 ;3 596 ;4 495 ;4 597 ;5 782 ;4 965 ;5 493 ;6 400 ;6 520 ;5 970 ;6 877 ;8 510 ;10 746 ;10 574 ;8 075 ;9 959 ;;;;;;;;;;;;;;;;;;;;;;;;;;;;;;;;;;;;;;;;;;;;;;;;;;;;;;;;;;;;;;;;;;;;;;;;;;;;;;;;;;;;;;;;;;;;;;;;;;;;;;;;;;;;;;;;;;;;;;;;;;;;;;;;;;;;;;;;;;;;;;;;;;;;;;;;;;;;;;;;;;;;;;;;;;;;;;;;;;;;;;;;;;;;;;;;;;;;;;;;;;;;;;;;;;;;;;;;;;;;;
Семена подсолнечника;;;;;830 ;792 ;784 ;1 207 ;3 015 ;2 882 ;3 850 ;4 796 ;4 861 ;6 028 ;5 672 ;4 957 ;9 342 ;9 699 ;8 321 ;10 605 ;11 364 ;12 458 ;12 024 ;11 534 ;20 284 ;21 886 ;17 033 ;17 779 ;18 087 ;24 540 ;38 728 ;33 119 ;24 164 ;30 424 ;;;;;;;;;;;;;;;;;;;;;;;;;;;;;;;;;;;;;;;;;;;;;;;;;;;;;;;;;;;;;;;;;;;;;;;;;;;;;;;;;;;;;;;;;;;;;;;;;;;;;;;;;;;;;;;;;;;;;;;;;;;;;;;;;;;;;;;;;;;;;;;;;;;;;;;;;;;;;;;;;;;;;;;;;;;;;;;;;;;;;;;;;;;;;;;;;;;;;;;;;;;;;;;;;;;;;;;;;;;;;
Сахарная свекла;;;;;143 ;189 ;196 ;291 ;358 ;509 ;655 ;747 ;854 ;847 ;965 ;1 165 ;1 071 ;1 163 ;1 242 ;1 636 ;1 602 ;1 419 ;1 533 ;1 877 ;3 072 ;2 919 ;2 237 ;2 645 ;1 947 ;2 881 ;3 544 ;4 032 ;4 489 ;4 549 ;;;;;;;;;;;;;;;;;;;;;;;;;;;;;;;;;;;;;;;;;;;;;;;;;;;;;;;;;;;;;;;;;;;;;;;;;;;;;;;;;;;;;;;;;;;;;;;;;;;;;;;;;;;;;;;;;;;;;;;;;;;;;;;;;;;;;;;;;;;;;;;;;;;;;;;;;;;;;;;;;;;;;;;;;;;;;;;;;;;;;;;;;;;;;;;;;;;;;;;;;;;;;;;;;;;;;;;;;;;;;
Лен-долгунец-волокно;;;;;1 209 ;1 304 ;1 305 ;1 504 ;3 507 ;7 018 ;7 214 ;6 005 ;6 246 ;8 067 ;7 537 ;9 100 ;9 513 ;11 241 ;16 346 ;13 807 ;19 018 ;20 935 ;24 124 ;22 824 ;28 116 ;22 661 ;18 215 ;27 611 ;30 946 ;34 155 ;33 955 ;73 388 ;70 584 ;166 377 ;;;;;;;;;;;;;;;;;;;;;;;;;;;;;;;;;;;;;;;;;;;;;;;;;;;;;;;;;;;;;;;;;;;;;;;;;;;;;;;;;;;;;;;;;;;;;;;;;;;;;;;;;;;;;;;;;;;;;;;;;;;;;;;;;;;;;;;;;;;;;;;;;;;;;;;;;;;;;;;;;;;;;;;;;;;;;;;;;;;;;;;;;;;;;;;;;;;;;;;;;;;;;;;;;;;;;;;;;;;;;
Картофель;;;;;864 ;963 ;1 017 ;1 225 ;3 714 ;3 710 ;3 676 ;4 648 ;5 377 ;4 708 ;5 234 ;5 568 ;6 346 ;8 203 ;8 310 ;9 501 ;10 308 ;7 642 ;9 447 ;12 898 ;13 197 ;10 248 ;11 607 ;12 549 ;10 555 ;11 812 ;17 530 ;18 861 ;14 051 ;16 921 ;;;;;;;;;;;;;;;;;;;;;;;;;;;;;;;;;;;;;;;;;;;;;;;;;;;;;;;;;;;;;;;;;;;;;;;;;;;;;;;;;;;;;;;;;;;;;;;;;;;;;;;;;;;;;;;;;;;;;;;;;;;;;;;;;;;;;;;;;;;;;;;;;;;;;;;;;;;;;;;;;;;;;;;;;;;;;;;;;;;;;;;;;;;;;;;;;;;;;;;;;;;;;;;;;;;;;;;;;;;;;
Овощи свежие или охлажденные;;;;;1 439 ;2 057 ;2 154 ;2 375 ;6 331 ;6 764 ;8 913 ;10 441 ;13 593 ;14 156 ;15 788 ;16 888 ;21 162 ;26 635 ;22 516 ;26 546 ;28 692 ;24 508 ;31 460 ;36 306 ;45 490 ;45 234 ;47 020 ;45 067 ;56 610 ;58 193 ;68 491 ;79 426 ;91 743 ;112 689 ;;;;;;;;;;;;;;;;;;;;;;;;;;;;;;;;;;;;;;;;;;;;;;;;;;;;;;;;;;;;;;;;;;;;;;;;;;;;;;;;;;;;;;;;;;;;;;;;;;;;;;;;;;;;;;;;;;;;;;;;;;;;;;;;;;;;;;;;;;;;;;;;;;;;;;;;;;;;;;;;;;;;;;;;;;;;;;;;;;;;;;;;;;;;;;;;;;;;;;;;;;;;;;;;;;;;;;;;;;;;;
Помидоры;;;;;1 648 ;3 968 ;3 622 ;3 239 ;10 324 ;12 595 ;14 282 ;15 604 ;19 032 ;23 762 ;25 902 ;28 740 ;38 909 ;44 050 ;48 485 ;52 599 ;46 982 ;47 677 ;50 594 ;57 961 ;63 168 ;62 304 ;70 969 ;71 228 ;84 947 ;86 866 ;99 663 ;108 376 ;128 476 ;174 677 ;;;;;;;;;;;;;;;;;;;;;;;;;;;;;;;;;;;;;;;;;;;;;;;;;;;;;;;;;;;;;;;;;;;;;;;;;;;;;;;;;;;;;;;;;;;;;;;;;;;;;;;;;;;;;;;;;;;;;;;;;;;;;;;;;;;;;;;;;;;;;;;;;;;;;;;;;;;;;;;;;;;;;;;;;;;;;;;;;;;;;;;;;;;;;;;;;;;;;;;;;;;;;;;;;;;;;;;;;;;;;
Огурцы;;;;;3 374 ;4 693 ;5 430 ;5 066 ;10 469 ;12 436 ;16 090 ;18 628 ;22 465 ;24 321 ;26 972 ;31 383 ;36 857 ;46 893 ;51 863 ;58 163 ;53 907 ;54 392 ;56 249 ;62 025 ;67 896 ;75 293 ;75 986 ;71 482 ;77 332 ;73 121 ;83 990 ;90 193 ;105 847 ;117 898 ;;;;;;;;;;;;;;;;;;;;;;;;;;;;;;;;;;;;;;;;;;;;;;;;;;;;;;;;;;;;;;;;;;;;;;;;;;;;;;;;;;;;;;;;;;;;;;;;;;;;;;;;;;;;;;;;;;;;;;;;;;;;;;;;;;;;;;;;;;;;;;;;;;;;;;;;;;;;;;;;;;;;;;;;;;;;;;;;;;;;;;;;;;;;;;;;;;;;;;;;;;;;;;;;;;;;;;;;;;;;;
Лук репчатый;;;;;818 ;926 ;940 ;1 525 ;5 161 ;3 878 ;3 935 ;4 398 ;5 459 ;5 479 ;4 873 ;7 555 ;8 357 ;6 700 ;6 192 ;9 719 ;9 101 ;5 730 ;7 306 ;10 595 ;13 982 ;9 706 ;9 741 ;10 451 ;14 842 ;13 071 ;16 199 ;19 607 ;22 597 ;21 211 ;;;;;;;;;;;;;;;;;;;;;;;;;;;;;;;;;;;;;;;;;;;;;;;;;;;;;;;;;;;;;;;;;;;;;;;;;;;;;;;;;;;;;;;;;;;;;;;;;;;;;;;;;;;;;;;;;;;;;;;;;;;;;;;;;;;;;;;;;;;;;;;;;;;;;;;;;;;;;;;;;;;;;;;;;;;;;;;;;;;;;;;;;;;;;;;;;;;;;;;;;;;;;;;;;;;;;;;;;;;;;
Капуста;;;;;928 ;1 049 ;1 007 ;1 409 ;2 988 ;2 598 ;3 540 ;4 627 ;5 295 ;3 943 ;5 404 ;5 280 ;6 925 ;7 971 ;6 912 ;11 029 ;10 842 ;6 503 ;8 227 ;10 123 ;15 179 ;12 217 ;9 629 ;11 826 ;15 932 ;13 851 ;17 974 ;23 986 ;16 714 ;25 170 ;;;;;;;;;;;;;;;;;;;;;;;;;;;;;;;;;;;;;;;;;;;;;;;;;;;;;;;;;;;;;;;;;;;;;;;;;;;;;;;;;;;;;;;;;;;;;;;;;;;;;;;;;;;;;;;;;;;;;;;;;;;;;;;;;;;;;;;;;;;;;;;;;;;;;;;;;;;;;;;;;;;;;;;;;;;;;;;;;;;;;;;;;;;;;;;;;;;;;;;;;;;;;;;;;;;;;;;;;;;;;
Морковь;;;;;1 019 ;1 150 ;1 150 ;1 456 ;3 883 ;3 857 ;4 161 ;5 548 ;6 578 ;8 541 ;6 887 ;7 343 ;7 613 ;9 527 ;10 189 ;11 309 ;12 232 ;7 503 ;9 812 ;11 481 ;14 470 ;12 344 ;11 033 ;12 256 ;11 528 ;11 941 ;16 615 ;19 460 ;19 171 ;21 186 ;;;;;;;;;;;;;;;;;;;;;;;;;;;;;;;;;;;;;;;;;;;;;;;;;;;;;;;;;;;;;;;;;;;;;;;;;;;;;;;;;;;;;;;;;;;;;;;;;;;;;;;;;;;;;;;;;;;;;;;;;;;;;;;;;;;;;;;;;;;;;;;;;;;;;;;;;;;;;;;;;;;;;;;;;;;;;;;;;;;;;;;;;;;;;;;;;;;;;;;;;;;;;;;;;;;;;;;;;;;;;
Свекла столовая;;;;;937 ;1 006 ;1 071 ;1 339 ;3 453 ;3 513 ;3 499 ;4 918 ;6 216 ;5 217 ;5 975 ;6 446 ;6 441 ;8 287 ;8 232 ;8 298 ;11 225 ;6 614 ;8 981 ;10 403 ;13 284 ;10 672 ;9 250 ;10 580 ;10 576 ;10 205 ;15 618 ;18 620 ;14 256 ;18 168 ;;;;;;;;;;;;;;;;;;;;;;;;;;;;;;;;;;;;;;;;;;;;;;;;;;;;;;;;;;;;;;;;;;;;;;;;;;;;;;;;;;;;;;;;;;;;;;;;;;;;;;;;;;;;;;;;;;;;;;;;;;;;;;;;;;;;;;;;;;;;;;;;;;;;;;;;;;;;;;;;;;;;;;;;;;;;;;;;;;;;;;;;;;;;;;;;;;;;;;;;;;;;;;;;;;;;;;;;;;;;;
Плоды косточковых культур;;;;;971 ;1 230 ;1 412 ;1 731 ;3 993 ;4 487 ;6 082 ;7 482 ;6 462 ;15 016 ;10 521 ;23 130 ;22 067 ;21 189 ;21 831 ;25 596 ;31 053 ;39 338 ;31 554 ;31 561 ;57 150 ;58 261 ;59 227 ;40 971 ;61 481 ;67 210 ;53 098 ;63 135 ;66 374 ;106 346 ;;;;;;;;;;;;;;;;;;;;;;;;;;;;;;;;;;;;;;;;;;;;;;;;;;;;;;;;;;;;;;;;;;;;;;;;;;;;;;;;;;;;;;;;;;;;;;;;;;;;;;;;;;;;;;;;;;;;;;;;;;;;;;;;;;;;;;;;;;;;;;;;;;;;;;;;;;;;;;;;;;;;;;;;;;;;;;;;;;;;;;;;;;;;;;;;;;;;;;;;;;;;;;;;;;;;;;;;;;;;;
Плоды семечковых культур;;;;;678 ;688 ;755 ;1 235 ;5 765 ;5 181 ;6 161 ;7 793 ;6 690 ;8 148 ;8 418 ;13 805 ;12 396 ;15 752 ;18 799 ;18 004 ;19 111 ;20 234 ;21 496 ;22 679 ;31 309 ;36 284 ;32 069 ;37 970 ;35 658 ;49 647 ;47 130 ;50 692 ;46 441 ;57 362 ;;;;;;;;;;;;;;;;;;;;;;;;;;;;;;;;;;;;;;;;;;;;;;;;;;;;;;;;;;;;;;;;;;;;;;;;;;;;;;;;;;;;;;;;;;;;;;;;;;;;;;;;;;;;;;;;;;;;;;;;;;;;;;;;;;;;;;;;;;;;;;;;;;;;;;;;;;;;;;;;;;;;;;;;;;;;;;;;;;;;;;;;;;;;;;;;;;;;;;;;;;;;;;;;;;;;;;;;;;;;;
Плоды ягодных культур;;;;;2 972 ;4 354 ;4 612 ;4 567 ;10 833 ;12 622 ;13 363 ;14 722 ;17 531 ;18 923 ;22 379 ;30 265 ;49 117 ;49 968 ;51 837 ;57 469 ;70 562 ;85 460 ;81 821 ;75 096 ;117 431 ;123 353 ;125 124 ;120 262 ;118 908 ;149 841 ;138 665 ;176 084 ;221 982 ;360 850 ;;;;;;;;;;;;;;;;;;;;;;;;;;;;;;;;;;;;;;;;;;;;;;;;;;;;;;;;;;;;;;;;;;;;;;;;;;;;;;;;;;;;;;;;;;;;;;;;;;;;;;;;;;;;;;;;;;;;;;;;;;;;;;;;;;;;;;;;;;;;;;;;;;;;;;;;;;;;;;;;;;;;;;;;;;;;;;;;;;;;;;;;;;;;;;;;;;;;;;;;;;;;;;;;;;;;;;;;;;;;;
Виноград;;;;;839 ;1 158 ;1 352 ;1 643 ;2 658 ;4 232 ;5 146 ;5 148 ;6 860 ;7 232 ;9 043 ;11 764 ;14 043 ;14 987 ;14 039 ;15 365 ;14 919 ;20 196 ;16 457 ;16 780 ;22 023 ;24 733 ;29 946 ;29 863 ;29 737 ;37 698 ;44 921 ;52 731 ;53 558 ;51 046 ;;;;;;;;;;;;;;;;;;;;;;;;;;;;;;;;;;;;;;;;;;;;;;;;;;;;;;;;;;;;;;;;;;;;;;;;;;;;;;;;;;;;;;;;;;;;;;;;;;;;;;;;;;;;;;;;;;;;;;;;;;;;;;;;;;;;;;;;;;;;;;;;;;;;;;;;;;;;;;;;;;;;;;;;;;;;;;;;;;;;;;;;;;;;;;;;;;;;;;;;;;;;;;;;;;;;;;;;;;;;;
Культуры бахчевые продовольственные;;;;;215 ;352 ;279 ;400 ;680 ;901 ;1 038 ;1 213 ;1 221 ;1 204 ;1 168 ;2 246 ;3 101 ;3 170 ;3 356 ;2 331 ;2 752 ;3 080 ;2 881 ;8 481 ;5 844 ;5 260 ;6 384 ;8 379 ;13 528 ;20 866 ;25 025 ;25 287 ;11 980 ;30 353 ;;;;;;;;;;;;;;;;;;;;;;;;;;;;;;;;;;;;;;;;;;;;;;;;;;;;;;;;;;;;;;;;;;;;;;;;;;;;;;;;;;;;;;;;;;;;;;;;;;;;;;;;;;;;;;;;;;;;;;;;;;;;;;;;;;;;;;;;;;;;;;;;;;;;;;;;;;;;;;;;;;;;;;;;;;;;;;;;;;;;;;;;;;;;;;;;;;;;;;;;;;;;;;;;;;;;;;;;;;;;;
Скот и птица (в живом весе);;;;;3 015 ;4 073 ;5 029 ;6 296 ;14 950 ;18 437 ;25 680 ;27 332 ;27 205 ;33 829 ;41 304 ;42 700 ;44 348 ;48 927 ;57 433 ;56 720 ;62 004 ;65 408 ;61 504 ;75 256 ;85 165 ;82 672 ;82 580 ;86 136 ;87 716 ;87 003 ;104 722 ;107 470 ;115 606 ;122 226 ;;;;;;;;;;;;;;;;;;;;;;;;;;;;;;;;;;;;;;;;;;;;;;;;;;;;;;;;;;;;;;;;;;;;;;;;;;;;;;;;;;;;;;;;;;;;;;;;;;;;;;;;;;;;;;;;;;;;;;;;;;;;;;;;;;;;;;;;;;;;;;;;;;;;;;;;;;;;;;;;;;;;;;;;;;;;;;;;;;;;;;;;;;;;;;;;;;;;;;;;;;;;;;;;;;;;;;;;;;;;;
Скот крупный рогатый живой;;;;;2 446 ;3 287 ;3 972 ;4 933 ;11 729 ;14 142 ;19 775 ;26 017 ;22 126 ;25 803 ;34 003 ;39 235 ;41 762 ;45 641 ;54 371 ;55 951 ;64 989 ;73 097 ;72 128 ;74 405 ;93 328 ;96 562 ;97 558 ;99 523 ;104 680 ;111 625 ;121 197 ;142 342 ;147 391 ;173 111 ;;;;;;;;;;;;;;;;;;;;;;;;;;;;;;;;;;;;;;;;;;;;;;;;;;;;;;;;;;;;;;;;;;;;;;;;;;;;;;;;;;;;;;;;;;;;;;;;;;;;;;;;;;;;;;;;;;;;;;;;;;;;;;;;;;;;;;;;;;;;;;;;;;;;;;;;;;;;;;;;;;;;;;;;;;;;;;;;;;;;;;;;;;;;;;;;;;;;;;;;;;;;;;;;;;;;;;;;;;;;;
Овцы и козы живые;;;;;1 397 ;2 207 ;2 867 ;3 675 ;8 672 ;12 009 ;16 720 ;19 858 ;25 301 ;21 741 ;29 199 ;30 356 ;33 647 ;37 571 ;42 043 ;45 174 ;50 902 ;62 902 ;74 286 ;70 978 ;79 685 ;85 818 ;89 396 ;89 768 ;101 308 ;112 724 ;105 064 ;111 992 ;137 963 ;176 356 ;;;;;;;;;;;;;;;;;;;;;;;;;;;;;;;;;;;;;;;;;;;;;;;;;;;;;;;;;;;;;;;;;;;;;;;;;;;;;;;;;;;;;;;;;;;;;;;;;;;;;;;;;;;;;;;;;;;;;;;;;;;;;;;;;;;;;;;;;;;;;;;;;;;;;;;;;;;;;;;;;;;;;;;;;;;;;;;;;;;;;;;;;;;;;;;;;;;;;;;;;;;;;;;;;;;;;;;;;;;;;
Свиньи живые;;;;;4 235 ;5 674 ;7 272 ;8 769 ;16 247 ;20 152 ;31 310 ;33 117 ;30 842 ;39 123 ;50 420 ;51 821 ;49 051 ;60 988 ;69 263 ;69 748 ;76 386 ;83 243 ;71 675 ;94 081 ;103 030 ;93 976 ;96 502 ;99 583 ;94 766 ;92 215 ;111 806 ;107 545 ;114 327 ;119 554 ;;;;;;;;;;;;;;;;;;;;;;;;;;;;;;;;;;;;;;;;;;;;;;;;;;;;;;;;;;;;;;;;;;;;;;;;;;;;;;;;;;;;;;;;;;;;;;;;;;;;;;;;;;;;;;;;;;;;;;;;;;;;;;;;;;;;;;;;;;;;;;;;;;;;;;;;;;;;;;;;;;;;;;;;;;;;;;;;;;;;;;;;;;;;;;;;;;;;;;;;;;;;;;;;;;;;;;;;;;;;;
Птица сельскохозяйственная живая;;;;;3 984 ;5 636 ;7 111 ;8 694 ;16 507 ;20 481 ;26 868 ;25 710 ;28 613 ;35 897 ;40 813 ;39 822 ;43 350 ;45 075 ;54 230 ;52 966 ;54 547 ;55 173 ;54 358 ;63 654 ;71 275 ;72 345 ;68 057 ;70 845 ;75 565 ;73 984 ;91 400 ;101 582 ;111 831 ;116 873 ;;;;;;;;;;;;;;;;;;;;;;;;;;;;;;;;;;;;;;;;;;;;;;;;;;;;;;;;;;;;;;;;;;;;;;;;;;;;;;;;;;;;;;;;;;;;;;;;;;;;;;;;;;;;;;;;;;;;;;;;;;;;;;;;;;;;;;;;;;;;;;;;;;;;;;;;;;;;;;;;;;;;;;;;;;;;;;;;;;;;;;;;;;;;;;;;;;;;;;;;;;;;;;;;;;;;;;;;;;;;;
Молоко сырое крупного рогатого скота ;;;;;757 ;942 ;1 110 ;1 272 ;3 054 ;3 633 ;4 436 ;4 328 ;4 890 ;5 818 ;6 680 ;7 214 ;8 409 ;11 016 ;10 410 ;12 370 ;14 135 ;13 604 ;15 875 ;19 614 ;20 648 ;21 814 ;24 487 ;22 855 ;24 875 ;25 861 ;27 451 ;32 981 ;31 706 ;35 801 ;;;;;;;;;;;;;;;;;;;;;;;;;;;;;;;;;;;;;;;;;;;;;;;;;;;;;;;;;;;;;;;;;;;;;;;;;;;;;;;;;;;;;;;;;;;;;;;;;;;;;;;;;;;;;;;;;;;;;;;;;;;;;;;;;;;;;;;;;;;;;;;;;;;;;;;;;;;;;;;;;;;;;;;;;;;;;;;;;;;;;;;;;;;;;;;;;;;;;;;;;;;;;;;;;;;;;;;;;;;;;
Яйца куриные, за 1000 шт.;;;;;255 ;375 ;408 ;445 ;858 ;978 ;1 233 ;1 287 ;1 331 ;1 660 ;1 712 ;1 651 ;1 974 ;2 471 ;2 375 ;2 341 ;2 537 ;2 704 ;3 197 ;3 407 ;4 171 ;4 184 ;3 565 ;3 898 ;4 180 ;4 356 ;5 606 ;5 528 ;6 452 ;8 386 ;;;;;;;;;;;;;;;;;;;;;;;;;;;;;;;;;;;;;;;;;;;;;;;;;;;;;;;;;;;;;;;;;;;;;;;;;;;;;;;;;;;;;;;;;;;;;;;;;;;;;;;;;;;;;;;;;;;;;;;;;;;;;;;;;;;;;;;;;;;;;;;;;;;;;;;;;;;;;;;;;;;;;;;;;;;;;;;;;;;;;;;;;;;;;;;;;;;;;;;;;;;;;;;;;;;;;;;;;;;;;
Шерсть стриженая немытая;;;;;3 747 ;3 976 ;4 326 ;5 170 ;16 847 ;24 307 ;28 418 ;28 868 ;30 594 ;31 829 ;24 480 ;24 427 ;24 279 ;30 954 ;30 156 ;29 485 ;51 169 ;62 294 ;62 270 ;63 834 ;69 755 ;65 912 ;97 141 ;109 952 ;123 617 ;68 858 ;106 993 ;116 502 ;94 436 ;82 454 ;;;;;;;;;;;;;;;;;;;;;;;;;;;;;;;;;;;;;;;;;;;;;;;;;;;;;;;;;;;;;;;;;;;;;;;;;;;;;;;;;;;;;;;;;;;;;;;;;;;;;;;;;;;;;;;;;;;;;;;;;;;;;;;;;;;;;;;;;;;;;;;;;;;;;;;;;;;;;;;;;;;;;;;;;;;;;;;;;;;;;;;;;;;;;;;;;;;;;;;;;;;;;;;;;;;;;;;;;;;;;
"Сводный индекс цен на продукцию (затраты, услуги) инвестиционного назначения (на конец периода, 
в процентах к декабрю предыдущего периода; 1992-1995 гг. в разах)38)  ";;16,1;11,6;3,2;2,5;137,2;105,0 ;112,1 ;146,0 ;135,9 ;114,4 ;112,6 ;110,3 ;114,9 ;112,1 ;112,4 ;117,4 ;116,9 ;100,1 ;109,1;108,0;106,9;104,9;107,2;110,3;103,2;103,1;107,3;105,1;104,8;107,8;114,7;110,1;108,1;;;;;;;;;;;;;;;;;;;;;;;;;;;;;;;;;;;;;;;;;;;;;;;;;;;;;;;;;;;;;;;;;;;;;;;;;;;;;;;;;;;;;;;;;;;;;;;;;;;;;;;;;;;;;;;;;;;;;;;;;;;;;;;;;;;;;;;;;;;;;;;;;;;;;;;;;;;;;;;;;;;;;;;;;;;;;;;;;;;;;;;;;;;;;;;;;;;;;;;;;;;;;;;;;;;;;;;;;;;;;
"индекс цен производителей 
на строительную продукцию 
(на конец периода, в процентах 
к декабрю предыдущего периода; 1992-1995 гг. в разах)";;15,6;11,9;3,1;2,4;141,4;104,0;109,7;137,3;140,5;115,2;114,7;110,6;118,6;115,8;114,9;121,2;118,6;97,6;109,6;109,3;108,3;104,3;104,6;104,1;106,6;104,9;106,5;105,0;102,9;111,3;108,1;107,2;107,7;;;;;;;;;;;;;;;;;;;;;;;;;;;;;;;;;;;;;;;;;;;;;;;;;;;;;;;;;;;;;;;;;;;;;;;;;;;;;;;;;;;;;;;;;;;;;;;;;;;;;;;;;;;;;;;;;;;;;;;;;;;;;;;;;;;;;;;;;;;;;;;;;;;;;;;;;;;;;;;;;;;;;;;;;;;;;;;;;;;;;;;;;;;;;;;;;;;;;;;;;;;;;;;;;;;;;;;;;;;;;
"индекс цен приобретения машин 
и оборудования инвестиционного назначения (на конец периода, 
в процентах к декабрю предыдущего периода; 1992-1995 гг. в разах)";;18,4;11,3;3,5;3,0;123,3;108,0;120,7;166,7;121,2;112,6;108,4;107,7;109,6;108,2;107,7;111,5;114,8;102,8;106,1;105,6;103,9;103,1;112,3;120,1;97,8;101,1;108,9;107,1;109,3;104,6;125,3;114,7;109,2;;;;;;;;;;;;;;;;;;;;;;;;;;;;;;;;;;;;;;;;;;;;;;;;;;;;;;;;;;;;;;;;;;;;;;;;;;;;;;;;;;;;;;;;;;;;;;;;;;;;;;;;;;;;;;;;;;;;;;;;;;;;;;;;;;;;;;;;;;;;;;;;;;;;;;;;;;;;;;;;;;;;;;;;;;;;;;;;;;;;;;;;;;;;;;;;;;;;;;;;;;;;;;;;;;;;;;;;;;;;;
"Индексы тарифов на грузовые перевозки (на конец периода, 
в процентах к декабрю предыдущего периода; 1992-1995 гг. - в разах)39)";;;;;;;;;;;;;;;;;;;;;;;;;;;;;;;;;;;;;;;;;;;;;;;;;;;;;;;;;;;;;;;;;;;;;;;;;;;;;;;;;;;;;;;;;;;;;;;;;;;;;;;;;;;;;;;;;;;;;;;;;;;;;;;;;;;;;;;;;;;;;;;;;;;;;;;;;;;;;;;;;;;;;;;;;;;;;;;;;;;;;;;;;;;;;;;;;;;;;;;;;;;;;;;;;;;;;;;;;;;;;;;;;;;;;;;;;;;;;;;;;;;;;;;;;;;;;;;
Грузовой транспорт - всего;;35,6;18,5;3,5;2,7;122,1;100,9;116,7;118,2;151,5;138,6;118,3;123,5;109,3;116,6;115,8;106,8;132,3;97,5;133,1;107,7;107,5;108,0;100,9;111,5;105,6;109,0;101,4;101,5;105,2;104,8;128,4;116,5;113,7;;;;;;;;;;;;;;;;;;;;;;;;;;;;;;;;;;;;;;;;;;;;;;;;;;;;;;;;;;;;;;;;;;;;;;;;;;;;;;;;;;;;;;;;;;;;;;;;;;;;;;;;;;;;;;;;;;;;;;;;;;;;;;;;;;;;;;;;;;;;;;;;;;;;;;;;;;;;;;;;;;;;;;;;;;;;;;;;;;;;;;;;;;;;;;;;;;;;;;;;;;;;;;;;;;;;;;;;;;;;;
из него:;;;;;;;;;;;;;;;;;;;;;;;;;;;;;;;;;;;;;;;;;;;;;;;;;;;;;;;;;;;;;;;;;;;;;;;;;;;;;;;;;;;;;;;;;;;;;;;;;;;;;;;;;;;;;;;;;;;;;;;;;;;;;;;;;;;;;;;;;;;;;;;;;;;;;;;;;;;;;;;;;;;;;;;;;;;;;;;;;;;;;;;;;;;;;;;;;;;;;;;;;;;;;;;;;;;;;;;;;;;;;;;;;;;;;;;;;;;;;;;;;;;;;;;;;;;;;;;
железнодорожный;;37,4;19,2;4,0;2,4;129,5;101,4;80,6;109,9;169,3;134,4;119,5;126,5;112,6;113,3;108,9;107,7;122,1;110,6;109,4;107,5;105,6;105,4;102,3;112,9;108,7;104,0;105,0;104,2;103,5;103,7;120,0;121,9;113,8;;;;;;;;;;;;;;;;;;;;;;;;;;;;;;;;;;;;;;;;;;;;;;;;;;;;;;;;;;;;;;;;;;;;;;;;;;;;;;;;;;;;;;;;;;;;;;;;;;;;;;;;;;;;;;;;;;;;;;;;;;;;;;;;;;;;;;;;;;;;;;;;;;;;;;;;;;;;;;;;;;;;;;;;;;;;;;;;;;;;;;;;;;;;;;;;;;;;;;;;;;;;;;;;;;;;;;;;;;;;;
автомобильный;;32,4;14,6;3,0;2,7;134,8;110,4;114,7;161,9;136,6;113,9;112,2;111,2;115,1;114,3;108,1;108,8;118,8;97,5;103,7;110,2;105,3;104,2;107,2;106,4;100,6;102,8;100,7;102,1;97,0;103,5;114,8;114,3;121,0;;;;;;;;;;;;;;;;;;;;;;;;;;;;;;;;;;;;;;;;;;;;;;;;;;;;;;;;;;;;;;;;;;;;;;;;;;;;;;;;;;;;;;;;;;;;;;;;;;;;;;;;;;;;;;;;;;;;;;;;;;;;;;;;;;;;;;;;;;;;;;;;;;;;;;;;;;;;;;;;;;;;;;;;;;;;;;;;;;;;;;;;;;;;;;;;;;;;;;;;;;;;;;;;;;;;;;;;;;;;;
трубопроводный;;28,0;17,5;3,1;3,6;107,8;97,4;138,2;116,6;137,4;158,5;119,2;124,1;103,4;121,5;123,7;106,1;145,5;84,3;156,1;107,1;109,6;111,0;96,5;111,2;103,6;113,9;96,8;98,5;92,6;104,2;141,0;116,5;108,7;;;;;;;;;;;;;;;;;;;;;;;;;;;;;;;;;;;;;;;;;;;;;;;;;;;;;;;;;;;;;;;;;;;;;;;;;;;;;;;;;;;;;;;;;;;;;;;;;;;;;;;;;;;;;;;;;;;;;;;;;;;;;;;;;;;;;;;;;;;;;;;;;;;;;;;;;;;;;;;;;;;;;;;;;;;;;;;;;;;;;;;;;;;;;;;;;;;;;;;;;;;;;;;;;;;;;;;;;;;;;
морской;;56,5;21,7;3,2;1,5;105,9;102,6;325,7;131,3;109,3;110,2;102,1;99,6;106,1;109,4;96,6;98,6;106,2;92,3;98,9;109,1;95,3;103,3;144,1;114,4;90,1;103,4;110,9;98,5;104,3;109,8;110,8;123,2;111,7;;;;;;;;;;;;;;;;;;;;;;;;;;;;;;;;;;;;;;;;;;;;;;;;;;;;;;;;;;;;;;;;;;;;;;;;;;;;;;;;;;;;;;;;;;;;;;;;;;;;;;;;;;;;;;;;;;;;;;;;;;;;;;;;;;;;;;;;;;;;;;;;;;;;;;;;;;;;;;;;;;;;;;;;;;;;;;;;;;;;;;;;;;;;;;;;;;;;;;;;;;;;;;;;;;;;;;;;;;;;;
внутренний водный;;55,6;5,4;2,7;1,9;129,8;107,0;208,1;145,6;119,2;104,7;112,9;110,4;124,8;111,0;110,9;106,1;121,7;107,6;106,7;107,7;106,3;107,5;140,0;113,5;97,8;108,3;111,8;102,8;100,9;104,8;120,4;109,8;107,5;;;;;;;;;;;;;;;;;;;;;;;;;;;;;;;;;;;;;;;;;;;;;;;;;;;;;;;;;;;;;;;;;;;;;;;;;;;;;;;;;;;;;;;;;;;;;;;;;;;;;;;;;;;;;;;;;;;;;;;;;;;;;;;;;;;;;;;;;;;;;;;;;;;;;;;;;;;;;;;;;;;;;;;;;;;;;;;;;;;;;;;;;;;;;;;;;;;;;;;;;;;;;;;;;;;;;;;;;;;;;
воздушный;;34,0;15,4;3,2;2,1;173,0;106,7;264,2;145,3;112,9;108,4;107,7;101,8;101,0;114,1;103,8;99,4;153,6;86,9;104,2;118,1;108,9;103,1;105,7;107,6;120,7;115,3;122,3;105,2;288,9;116,6;110,9;106,8;108,5;;;;;;;;;;;;;;;;;;;;;;;;;;;;;;;;;;;;;;;;;;;;;;;;;;;;;;;;;;;;;;;;;;;;;;;;;;;;;;;;;;;;;;;;;;;;;;;;;;;;;;;;;;;;;;;;;;;;;;;;;;;;;;;;;;;;;;;;;;;;;;;;;;;;;;;;;;;;;;;;;;;;;;;;;;;;;;;;;;;;;;;;;;;;;;;;;;;;;;;;;;;;;;;;;;;;;;;;;;;;;
_____________;;;;;;;;;;;;;;;;;;;;;;;;;;;;;;;;;;;;;;;;;;;;;;;;;;;;;;;;;;;;;;;;;;;;;;;;;;;;;;;;;;;;;;;;;;;;;;;;;;;;;;;;;;;;;;;;;;;;;;;;;;;;;;;;;;;;;;;;;;;;;;;;;;;;;;;;;;;;;;;;;;;;;;;;;;;;;;;;;;;;;;;;;;;;;;;;;;;;;;;;;;;;;;;;;;;;;;;;;;;;;;;;;;;;;;;;;;;;;;;;;;;;;;;;;;;;;;;
1)  До 1996 г. - в разах.;;;;;;;;;;;;;;;;;;;;;;;;;;;;;;;;;;;;;;;;;;;;;;;;;;;;;;;;;;;;;;;;;;;;;;;;;;;;;;;;;;;;;;;;;;;;;;;;;;;;;;;;;;;;;;;;;;;;;;;;;;;;;;;;;;;;;;;;;;;;;;;;;;;;;;;;;;;;;;;;;;;;;;;;;;;;;;;;;;;;;;;;;;;;;;;;;;;;;;;;;;;;;;;;;;;;;;;;;;;;;;;;;;;;;;;;;;;;;;;;;;;;;;;;;;;;;;;
"2)  1991-1992 гг. - уголь каменный, 1993-1996 гг. - уголь энергетический, 1997-2009 гг. – уголь энергетический каменный; 2010-2012гг.: цены производителей - уголь каменный рядовой, цены приобретения - уголь каменный обогащенный.";;;;;;;;;;;;;;;;;;;;;;;;;;;;;;;;;;;;;;;;;;;;;;;;;;;;;;;;;;;;;;;;;;;;;;;;;;;;;;;;;;;;;;;;;;;;;;;;;;;;;;;;;;;;;;;;;;;;;;;;;;;;;;;;;;;;;;;;;;;;;;;;;;;;;;;;;;;;;;;;;;;;;;;;;;;;;;;;;;;;;;;;;;;;;;;;;;;;;;;;;;;;;;;;;;;;;;;;;;;;;;;;;;;;;;;;;;;;;;;;;;;;;;;;;;;;;;;
3) 1996-2009 гг. – нефть добытая (включая газовый конденсат).;;;;;;;;;;;;;;;;;;;;;;;;;;;;;;;;;;;;;;;;;;;;;;;;;;;;;;;;;;;;;;;;;;;;;;;;;;;;;;;;;;;;;;;;;;;;;;;;;;;;;;;;;;;;;;;;;;;;;;;;;;;;;;;;;;;;;;;;;;;;;;;;;;;;;;;;;;;;;;;;;;;;;;;;;;;;;;;;;;;;;;;;;;;;;;;;;;;;;;;;;;;;;;;;;;;;;;;;;;;;;;;;;;;;;;;;;;;;;;;;;;;;;;;;;;;;;;;
4) До 2000 г. - газ естественный.;;;;;;;;;;;;;;;;;;;;;;;;;;;;;;;;;;;;;;;;;;;;;;;;;;;;;;;;;;;;;;;;;;;;;;;;;;;;;;;;;;;;;;;;;;;;;;;;;;;;;;;;;;;;;;;;;;;;;;;;;;;;;;;;;;;;;;;;;;;;;;;;;;;;;;;;;;;;;;;;;;;;;;;;;;;;;;;;;;;;;;;;;;;;;;;;;;;;;;;;;;;;;;;;;;;;;;;;;;;;;;;;;;;;;;;;;;;;;;;;;;;;;;;;;;;;;;;
5) До 2009 г. – щебень и гравий.;;;;;;;;;;;;;;;;;;;;;;;;;;;;;;;;;;;;;;;;;;;;;;;;;;;;;;;;;;;;;;;;;;;;;;;;;;;;;;;;;;;;;;;;;;;;;;;;;;;;;;;;;;;;;;;;;;;;;;;;;;;;;;;;;;;;;;;;;;;;;;;;;;;;;;;;;;;;;;;;;;;;;;;;;;;;;;;;;;;;;;;;;;;;;;;;;;;;;;;;;;;;;;;;;;;;;;;;;;;;;;;;;;;;;;;;;;;;;;;;;;;;;;;;;;;;;;;
6) До 2009 г. – рыба охлажденная.;;;;;;;;;;;;;;;;;;;;;;;;;;;;;;;;;;;;;;;;;;;;;;;;;;;;;;;;;;;;;;;;;;;;;;;;;;;;;;;;;;;;;;;;;;;;;;;;;;;;;;;;;;;;;;;;;;;;;;;;;;;;;;;;;;;;;;;;;;;;;;;;;;;;;;;;;;;;;;;;;;;;;;;;;;;;;;;;;;;;;;;;;;;;;;;;;;;;;;;;;;;;;;;;;;;;;;;;;;;;;;;;;;;;;;;;;;;;;;;;;;;;;;;;;;;;;;;
7) До 2005 г. – рыба мороженая.;;;;;;;;;;;;;;;;;;;;;;;;;;;;;;;;;;;;;;;;;;;;;;;;;;;;;;;;;;;;;;;;;;;;;;;;;;;;;;;;;;;;;;;;;;;;;;;;;;;;;;;;;;;;;;;;;;;;;;;;;;;;;;;;;;;;;;;;;;;;;;;;;;;;;;;;;;;;;;;;;;;;;;;;;;;;;;;;;;;;;;;;;;;;;;;;;;;;;;;;;;;;;;;;;;;;;;;;;;;;;;;;;;;;;;;;;;;;;;;;;;;;;;;;;;;;;;;
8) До 1996 г. – масла растительные.;;;;;;;;;;;;;;;;;;;;;;;;;;;;;;;;;;;;;;;;;;;;;;;;;;;;;;;;;;;;;;;;;;;;;;;;;;;;;;;;;;;;;;;;;;;;;;;;;;;;;;;;;;;;;;;;;;;;;;;;;;;;;;;;;;;;;;;;;;;;;;;;;;;;;;;;;;;;;;;;;;;;;;;;;;;;;;;;;;;;;;;;;;;;;;;;;;;;;;;;;;;;;;;;;;;;;;;;;;;;;;;;;;;;;;;;;;;;;;;;;;;;;;;;;;;;;;;
9) До 1996 г. – масло животное.;;;;;;;;;;;;;;;;;;;;;;;;;;;;;;;;;;;;;;;;;;;;;;;;;;;;;;;;;;;;;;;;;;;;;;;;;;;;;;;;;;;;;;;;;;;;;;;;;;;;;;;;;;;;;;;;;;;;;;;;;;;;;;;;;;;;;;;;;;;;;;;;;;;;;;;;;;;;;;;;;;;;;;;;;;;;;;;;;;;;;;;;;;;;;;;;;;;;;;;;;;;;;;;;;;;;;;;;;;;;;;;;;;;;;;;;;;;;;;;;;;;;;;;;;;;;;;;
10) До 1996 г. – кисломолочные продукты.;;;;;;;;;;;;;;;;;;;;;;;;;;;;;;;;;;;;;;;;;;;;;;;;;;;;;;;;;;;;;;;;;;;;;;;;;;;;;;;;;;;;;;;;;;;;;;;;;;;;;;;;;;;;;;;;;;;;;;;;;;;;;;;;;;;;;;;;;;;;;;;;;;;;;;;;;;;;;;;;;;;;;;;;;;;;;;;;;;;;;;;;;;;;;;;;;;;;;;;;;;;;;;;;;;;;;;;;;;;;;;;;;;;;;;;;;;;;;;;;;;;;;;;;;;;;;;;
11) До 2009 г. – хлеб pжаной из обойной, обдиpной и сеяной муки, включая хлеб из муки смешанной валки.;;;;;;;;;;;;;;;;;;;;;;;;;;;;;;;;;;;;;;;;;;;;;;;;;;;;;;;;;;;;;;;;;;;;;;;;;;;;;;;;;;;;;;;;;;;;;;;;;;;;;;;;;;;;;;;;;;;;;;;;;;;;;;;;;;;;;;;;;;;;;;;;;;;;;;;;;;;;;;;;;;;;;;;;;;;;;;;;;;;;;;;;;;;;;;;;;;;;;;;;;;;;;;;;;;;;;;;;;;;;;;;;;;;;;;;;;;;;;;;;;;;;;;;;;;;;;;;
12) До 2009 г. – конфеты мягкие, глазиpованные шоколадом.;;;;;;;;;;;;;;;;;;;;;;;;;;;;;;;;;;;;;;;;;;;;;;;;;;;;;;;;;;;;;;;;;;;;;;;;;;;;;;;;;;;;;;;;;;;;;;;;;;;;;;;;;;;;;;;;;;;;;;;;;;;;;;;;;;;;;;;;;;;;;;;;;;;;;;;;;;;;;;;;;;;;;;;;;;;;;;;;;;;;;;;;;;;;;;;;;;;;;;;;;;;;;;;;;;;;;;;;;;;;;;;;;;;;;;;;;;;;;;;;;;;;;;;;;;;;;;;
13) До 2009 г. – папиросы и сигареты.;;;;;;;;;;;;;;;;;;;;;;;;;;;;;;;;;;;;;;;;;;;;;;;;;;;;;;;;;;;;;;;;;;;;;;;;;;;;;;;;;;;;;;;;;;;;;;;;;;;;;;;;;;;;;;;;;;;;;;;;;;;;;;;;;;;;;;;;;;;;;;;;;;;;;;;;;;;;;;;;;;;;;;;;;;;;;;;;;;;;;;;;;;;;;;;;;;;;;;;;;;;;;;;;;;;;;;;;;;;;;;;;;;;;;;;;;;;;;;;;;;;;;;;;;;;;;;;
14) До 1996 г. – хлопчатобумажные ткани.;;;;;;;;;;;;;;;;;;;;;;;;;;;;;;;;;;;;;;;;;;;;;;;;;;;;;;;;;;;;;;;;;;;;;;;;;;;;;;;;;;;;;;;;;;;;;;;;;;;;;;;;;;;;;;;;;;;;;;;;;;;;;;;;;;;;;;;;;;;;;;;;;;;;;;;;;;;;;;;;;;;;;;;;;;;;;;;;;;;;;;;;;;;;;;;;;;;;;;;;;;;;;;;;;;;;;;;;;;;;;;;;;;;;;;;;;;;;;;;;;;;;;;;;;;;;;;;
15) До 2009 г. – ткани готовые льняные платьево-бельевые.;;;;;;;;;;;;;;;;;;;;;;;;;;;;;;;;;;;;;;;;;;;;;;;;;;;;;;;;;;;;;;;;;;;;;;;;;;;;;;;;;;;;;;;;;;;;;;;;;;;;;;;;;;;;;;;;;;;;;;;;;;;;;;;;;;;;;;;;;;;;;;;;;;;;;;;;;;;;;;;;;;;;;;;;;;;;;;;;;;;;;;;;;;;;;;;;;;;;;;;;;;;;;;;;;;;;;;;;;;;;;;;;;;;;;;;;;;;;;;;;;;;;;;;;;;;;;;;
16) До 2009 г. – пальто и полупальто.;;;;;;;;;;;;;;;;;;;;;;;;;;;;;;;;;;;;;;;;;;;;;;;;;;;;;;;;;;;;;;;;;;;;;;;;;;;;;;;;;;;;;;;;;;;;;;;;;;;;;;;;;;;;;;;;;;;;;;;;;;;;;;;;;;;;;;;;;;;;;;;;;;;;;;;;;;;;;;;;;;;;;;;;;;;;;;;;;;;;;;;;;;;;;;;;;;;;;;;;;;;;;;;;;;;;;;;;;;;;;;;;;;;;;;;;;;;;;;;;;;;;;;;;;;;;;;;
17) До 2009 г. – костюмы.;;;;;;;;;;;;;;;;;;;;;;;;;;;;;;;;;;;;;;;;;;;;;;;;;;;;;;;;;;;;;;;;;;;;;;;;;;;;;;;;;;;;;;;;;;;;;;;;;;;;;;;;;;;;;;;;;;;;;;;;;;;;;;;;;;;;;;;;;;;;;;;;;;;;;;;;;;;;;;;;;;;;;;;;;;;;;;;;;;;;;;;;;;;;;;;;;;;;;;;;;;;;;;;;;;;;;;;;;;;;;;;;;;;;;;;;;;;;;;;;;;;;;;;;;;;;;;;
18) До 1996 г. – бумага.;;;;;;;;;;;;;;;;;;;;;;;;;;;;;;;;;;;;;;;;;;;;;;;;;;;;;;;;;;;;;;;;;;;;;;;;;;;;;;;;;;;;;;;;;;;;;;;;;;;;;;;;;;;;;;;;;;;;;;;;;;;;;;;;;;;;;;;;;;;;;;;;;;;;;;;;;;;;;;;;;;;;;;;;;;;;;;;;;;;;;;;;;;;;;;;;;;;;;;;;;;;;;;;;;;;;;;;;;;;;;;;;;;;;;;;;;;;;;;;;;;;;;;;;;;;;;;;
19) До 2009 г. – картон тарный (включая бумагу для гофрирования).;;;;;;;;;;;;;;;;;;;;;;;;;;;;;;;;;;;;;;;;;;;;;;;;;;;;;;;;;;;;;;;;;;;;;;;;;;;;;;;;;;;;;;;;;;;;;;;;;;;;;;;;;;;;;;;;;;;;;;;;;;;;;;;;;;;;;;;;;;;;;;;;;;;;;;;;;;;;;;;;;;;;;;;;;;;;;;;;;;;;;;;;;;;;;;;;;;;;;;;;;;;;;;;;;;;;;;;;;;;;;;;;;;;;;;;;;;;;;;;;;;;;;;;;;;;;;;;
20) До 2008 г. – удобpения минеpальные.;;;;;;;;;;;;;;;;;;;;;;;;;;;;;;;;;;;;;;;;;;;;;;;;;;;;;;;;;;;;;;;;;;;;;;;;;;;;;;;;;;;;;;;;;;;;;;;;;;;;;;;;;;;;;;;;;;;;;;;;;;;;;;;;;;;;;;;;;;;;;;;;;;;;;;;;;;;;;;;;;;;;;;;;;;;;;;;;;;;;;;;;;;;;;;;;;;;;;;;;;;;;;;;;;;;;;;;;;;;;;;;;;;;;;;;;;;;;;;;;;;;;;;;;;;;;;;;
21) До 2009 г. – сpедства моющие синтетические.;;;;;;;;;;;;;;;;;;;;;;;;;;;;;;;;;;;;;;;;;;;;;;;;;;;;;;;;;;;;;;;;;;;;;;;;;;;;;;;;;;;;;;;;;;;;;;;;;;;;;;;;;;;;;;;;;;;;;;;;;;;;;;;;;;;;;;;;;;;;;;;;;;;;;;;;;;;;;;;;;;;;;;;;;;;;;;;;;;;;;;;;;;;;;;;;;;;;;;;;;;;;;;;;;;;;;;;;;;;;;;;;;;;;;;;;;;;;;;;;;;;;;;;;;;;;;;;
22) До 2009 г. – стекло стpоительное.;;;;;;;;;;;;;;;;;;;;;;;;;;;;;;;;;;;;;;;;;;;;;;;;;;;;;;;;;;;;;;;;;;;;;;;;;;;;;;;;;;;;;;;;;;;;;;;;;;;;;;;;;;;;;;;;;;;;;;;;;;;;;;;;;;;;;;;;;;;;;;;;;;;;;;;;;;;;;;;;;;;;;;;;;;;;;;;;;;;;;;;;;;;;;;;;;;;;;;;;;;;;;;;;;;;;;;;;;;;;;;;;;;;;;;;;;;;;;;;;;;;;;;;;;;;;;;;
23) До 2008 г. – киpпич стpоительный.;;;;;;;;;;;;;;;;;;;;;;;;;;;;;;;;;;;;;;;;;;;;;;;;;;;;;;;;;;;;;;;;;;;;;;;;;;;;;;;;;;;;;;;;;;;;;;;;;;;;;;;;;;;;;;;;;;;;;;;;;;;;;;;;;;;;;;;;;;;;;;;;;;;;;;;;;;;;;;;;;;;;;;;;;;;;;;;;;;;;;;;;;;;;;;;;;;;;;;;;;;;;;;;;;;;;;;;;;;;;;;;;;;;;;;;;;;;;;;;;;;;;;;;;;;;;;;;
24) До 1996 г. – мягкие кровельные материалы и изол.;;;;;;;;;;;;;;;;;;;;;;;;;;;;;;;;;;;;;;;;;;;;;;;;;;;;;;;;;;;;;;;;;;;;;;;;;;;;;;;;;;;;;;;;;;;;;;;;;;;;;;;;;;;;;;;;;;;;;;;;;;;;;;;;;;;;;;;;;;;;;;;;;;;;;;;;;;;;;;;;;;;;;;;;;;;;;;;;;;;;;;;;;;;;;;;;;;;;;;;;;;;;;;;;;;;;;;;;;;;;;;;;;;;;;;;;;;;;;;;;;;;;;;;;;;;;;;;
25) До 2009 г. – пpокат толстолистовой (от 4 мм).;;;;;;;;;;;;;;;;;;;;;;;;;;;;;;;;;;;;;;;;;;;;;;;;;;;;;;;;;;;;;;;;;;;;;;;;;;;;;;;;;;;;;;;;;;;;;;;;;;;;;;;;;;;;;;;;;;;;;;;;;;;;;;;;;;;;;;;;;;;;;;;;;;;;;;;;;;;;;;;;;;;;;;;;;;;;;;;;;;;;;;;;;;;;;;;;;;;;;;;;;;;;;;;;;;;;;;;;;;;;;;;;;;;;;;;;;;;;;;;;;;;;;;;;;;;;;;;
26) До 2009 г. – пpокат соpтовой.;;;;;;;;;;;;;;;;;;;;;;;;;;;;;;;;;;;;;;;;;;;;;;;;;;;;;;;;;;;;;;;;;;;;;;;;;;;;;;;;;;;;;;;;;;;;;;;;;;;;;;;;;;;;;;;;;;;;;;;;;;;;;;;;;;;;;;;;;;;;;;;;;;;;;;;;;;;;;;;;;;;;;;;;;;;;;;;;;;;;;;;;;;;;;;;;;;;;;;;;;;;;;;;;;;;;;;;;;;;;;;;;;;;;;;;;;;;;;;;;;;;;;;;;;;;;;;;
27) До 2009 г. – компрессоры.;;;;;;;;;;;;;;;;;;;;;;;;;;;;;;;;;;;;;;;;;;;;;;;;;;;;;;;;;;;;;;;;;;;;;;;;;;;;;;;;;;;;;;;;;;;;;;;;;;;;;;;;;;;;;;;;;;;;;;;;;;;;;;;;;;;;;;;;;;;;;;;;;;;;;;;;;;;;;;;;;;;;;;;;;;;;;;;;;;;;;;;;;;;;;;;;;;;;;;;;;;;;;;;;;;;;;;;;;;;;;;;;;;;;;;;;;;;;;;;;;;;;;;;;;;;;;;;
28) До 2009 г. – плуги тракторные.;;;;;;;;;;;;;;;;;;;;;;;;;;;;;;;;;;;;;;;;;;;;;;;;;;;;;;;;;;;;;;;;;;;;;;;;;;;;;;;;;;;;;;;;;;;;;;;;;;;;;;;;;;;;;;;;;;;;;;;;;;;;;;;;;;;;;;;;;;;;;;;;;;;;;;;;;;;;;;;;;;;;;;;;;;;;;;;;;;;;;;;;;;;;;;;;;;;;;;;;;;;;;;;;;;;;;;;;;;;;;;;;;;;;;;;;;;;;;;;;;;;;;;;;;;;;;;;
29) До 2009 г. – кабели городской телефонной связи.;;;;;;;;;;;;;;;;;;;;;;;;;;;;;;;;;;;;;;;;;;;;;;;;;;;;;;;;;;;;;;;;;;;;;;;;;;;;;;;;;;;;;;;;;;;;;;;;;;;;;;;;;;;;;;;;;;;;;;;;;;;;;;;;;;;;;;;;;;;;;;;;;;;;;;;;;;;;;;;;;;;;;;;;;;;;;;;;;;;;;;;;;;;;;;;;;;;;;;;;;;;;;;;;;;;;;;;;;;;;;;;;;;;;;;;;;;;;;;;;;;;;;;;;;;;;;;;
30) До 2009 г. – кабели силовые гибкие.;;;;;;;;;;;;;;;;;;;;;;;;;;;;;;;;;;;;;;;;;;;;;;;;;;;;;;;;;;;;;;;;;;;;;;;;;;;;;;;;;;;;;;;;;;;;;;;;;;;;;;;;;;;;;;;;;;;;;;;;;;;;;;;;;;;;;;;;;;;;;;;;;;;;;;;;;;;;;;;;;;;;;;;;;;;;;;;;;;;;;;;;;;;;;;;;;;;;;;;;;;;;;;;;;;;;;;;;;;;;;;;;;;;;;;;;;;;;;;;;;;;;;;;;;;;;;;;
31) До 2009 г. – автомобили грузовые.;;;;;;;;;;;;;;;;;;;;;;;;;;;;;;;;;;;;;;;;;;;;;;;;;;;;;;;;;;;;;;;;;;;;;;;;;;;;;;;;;;;;;;;;;;;;;;;;;;;;;;;;;;;;;;;;;;;;;;;;;;;;;;;;;;;;;;;;;;;;;;;;;;;;;;;;;;;;;;;;;;;;;;;;;;;;;;;;;;;;;;;;;;;;;;;;;;;;;;;;;;;;;;;;;;;;;;;;;;;;;;;;;;;;;;;;;;;;;;;;;;;;;;;;;;;;;;;
32) До 1996 г. – хлопчатобумажные ткани, 1997-2016 гг. – ткани хлопчатобумажные ситцевые с массовой долей хлопка не менее 85%.;;;;;;;;;;;;;;;;;;;;;;;;;;;;;;;;;;;;;;;;;;;;;;;;;;;;;;;;;;;;;;;;;;;;;;;;;;;;;;;;;;;;;;;;;;;;;;;;;;;;;;;;;;;;;;;;;;;;;;;;;;;;;;;;;;;;;;;;;;;;;;;;;;;;;;;;;;;;;;;;;;;;;;;;;;;;;;;;;;;;;;;;;;;;;;;;;;;;;;;;;;;;;;;;;;;;;;;;;;;;;;;;;;;;;;;;;;;;;;;;;;;;;;;;;;;;;;;
33) До 2016 г. – пиломатериалы обычные, не включенные в другие группировки, прочие.;;;;;;;;;;;;;;;;;;;;;;;;;;;;;;;;;;;;;;;;;;;;;;;;;;;;;;;;;;;;;;;;;;;;;;;;;;;;;;;;;;;;;;;;;;;;;;;;;;;;;;;;;;;;;;;;;;;;;;;;;;;;;;;;;;;;;;;;;;;;;;;;;;;;;;;;;;;;;;;;;;;;;;;;;;;;;;;;;;;;;;;;;;;;;;;;;;;;;;;;;;;;;;;;;;;;;;;;;;;;;;;;;;;;;;;;;;;;;;;;;;;;;;;;;;;;;;;
34) До 2016 г. – шкафы кухонные, для спальни, столовой и гостиной.;;;;;;;;;;;;;;;;;;;;;;;;;;;;;;;;;;;;;;;;;;;;;;;;;;;;;;;;;;;;;;;;;;;;;;;;;;;;;;;;;;;;;;;;;;;;;;;;;;;;;;;;;;;;;;;;;;;;;;;;;;;;;;;;;;;;;;;;;;;;;;;;;;;;;;;;;;;;;;;;;;;;;;;;;;;;;;;;;;;;;;;;;;;;;;;;;;;;;;;;;;;;;;;;;;;;;;;;;;;;;;;;;;;;;;;;;;;;;;;;;;;;;;;;;;;;;;;
35)  До 2016 г. – столы кухонные, для столовой и гостиной.;;;;;;;;;;;;;;;;;;;;;;;;;;;;;;;;;;;;;;;;;;;;;;;;;;;;;;;;;;;;;;;;;;;;;;;;;;;;;;;;;;;;;;;;;;;;;;;;;;;;;;;;;;;;;;;;;;;;;;;;;;;;;;;;;;;;;;;;;;;;;;;;;;;;;;;;;;;;;;;;;;;;;;;;;;;;;;;;;;;;;;;;;;;;;;;;;;;;;;;;;;;;;;;;;;;;;;;;;;;;;;;;;;;;;;;;;;;;;;;;;;;;;;;;;;;;;;;
"36) До 2009 г. – уголь энергетический каменный; 2010-2012 гг. - уголь каменный обогащенный.";;;;;;;;;;;;;;;;;;;;;;;;;;;;;;;;;;;;;;;;;;;;;;;;;;;;;;;;;;;;;;;;;;;;;;;;;;;;;;;;;;;;;;;;;;;;;;;;;;;;;;;;;;;;;;;;;;;;;;;;;;;;;;;;;;;;;;;;;;;;;;;;;;;;;;;;;;;;;;;;;;;;;;;;;;;;;;;;;;;;;;;;;;;;;;;;;;;;;;;;;;;;;;;;;;;;;;;;;;;;;;;;;;;;;;;;;;;;;;;;;;;;;;;;;;;;;;;
37) До 2009 г. - газ естественный.;;;;;;;;;;;;;;;;;;;;;;;;;;;;;;;;;;;;;;;;;;;;;;;;;;;;;;;;;;;;;;;;;;;;;;;;;;;;;;;;;;;;;;;;;;;;;;;;;;;;;;;;;;;;;;;;;;;;;;;;;;;;;;;;;;;;;;;;;;;;;;;;;;;;;;;;;;;;;;;;;;;;;;;;;;;;;;;;;;;;;;;;;;;;;;;;;;;;;;;;;;;;;;;;;;;;;;;;;;;;;;;;;;;;;;;;;;;;;;;;;;;;;;;;;;;;;;;
38) 1992 - 1993 гг.-  к предыдущему году.;;;;;;;;;;;;;;;;;;;;;;;;;;;;;;;;;;;;;;;;;;;;;;;;;;;;;;;;;;;;;;;;;;;;;;;;;;;;;;;;;;;;;;;;;;;;;;;;;;;;;;;;;;;;;;;;;;;;;;;;;;;;;;;;;;;;;;;;;;;;;;;;;;;;;;;;;;;;;;;;;;;;;;;;;;;;;;;;;;;;;;;;;;;;;;;;;;;;;;;;;;;;;;;;;;;;;;;;;;;;;;;;;;;;;;;;;;;;;;;;;;;;;;;;;;;;;;;
39) Данные за 2015 г. без учета сведений по Республике Крым и г. Севастополю.;;;;;;;;;;;;;;;;;;;;;;;;;;;;;;;;;;;;;;;;;;;;;;;;;;;;;;;;;;;;;;;;;;;;;;;;;;;;;;;;;;;;;;;;;;;;;;;;;;;;;;;;;;;;;;;;;;;;;;;;;;;;;;;;;;;;;;;;;;;;;;;;;;;;;;;;;;;;;;;;;;;;;;;;;;;;;;;;;;;;;;;;;;;;;;;;;;;;;;;;;;;;;;;;;;;;;;;;;;;;;;;;;;;;;;;;;;;;;;;;;;;;;;;;;;;;;;;
40) 2000, 2010 гг. – автобусы;;;;;;;;;;;;;;;;;;;;;;;;;;;;;;;;;;;;;;;;;;;;;;;;;;;;;;;;;;;;;;;;;;;;;;;;;;;;;;;;;;;;;;;;;;;;;;;;;;;;;;;;;;;;;;;;;;;;;;;;;;;;;;;;;;;;;;;;;;;;;;;;;;;;;;;;;;;;;;;;;;;;;;;;;;;;;;;;;;;;;;;;;;;;;;;;;;;;;;;;;;;;;;;;;;;;;;;;;;;;;;;;;;;;;;;;;;;;;;;;;;;;;;;;;;;;;;;
