;;;;;;;;;;;;;;;;;;;;;;;;;;;;;;;;;;;;;;;;;;;;;;;;;;;;;;;;;;;;;;;
СОЦИАЛЬНО-ЭКОНОМИЧЕСКИЕ ПОКАЗАТЕЛИ РОССИЙСКОЙ ФЕДЕРАЦИИ В 1991-2024 гг.;;;;;;;;;;;;;;;;;;;;;;;;;;;;;;;;;;;;;;;;;;;;;;;;;;;;;;;;;;;;;;;
 ПОКАЗАТЕЛИ ;1991;1992;1993;1994;1995;1996;1997;1998;1999;2000;2001;2002;2003;2004;2005;2006;2007;2 008,0;2009;2010;2011;2012;2013;2014;2015;2016;2017;2018;2019;2020;2021;2022;2023;2024;;;;;;;;;;;;;;;;;;;;;;;;;;;;;
10. СИСТЕМА НАЦИОНАЛЬНЫХ СЧЕТОВ*);;;;;;;;;;;;;;;;;;;;;;;;;;;;;;;;;;;;;;;;;;;;;;;;;;;;;;;;;;;;;;;
Показатели национальных счетов;;;;;;;;;;;;;;;;;;;;;;;;;;;;;;;;;;;;;;;;;;;;;;;;;;;;;;;;;;;;;;;
"Валовой внутренний продукт, 
млрд руб (1992-1997 гг. -  трлн руб)";1,4;19,0;171,5;610,7;1 428,5;2 007,8;2 342,5;2 629,6;4 823,2;7 305,6;8 943,6;10 830,5;13 208,2;17 027,2;21 609,8;26 917,2;33 247,5;41 276,8;38 807,2;46 308,5;60 114,0;68 103,4;72 985,7;79 030,0;83 087,4;85 616,1;91 843,2;103 861,7;109 608,3;107 658,1;134 727,5;156 940,9;176 413,6;201 152,1;;;;;;;;;;;;;;;;;;;;;;;;;;;;;
"на душу населения, руб.
(1992-1997 гг. - тыс. руб)";9,4;128,0;1 155,3;4 115,3;9 627,7;13 551,7;15 836,9;17 807,3;32 763,2;49 834,9;61 267,3;74 535,8;91 312,5;118 189,1;150 571,0;188 166,9;232 817,4;289 170,3;271 787,1;324 177,2;420 324,1;474 990,8;507 530,2;539 424,1;565 361,8;580 916,0;621 870,5;702 627,7;741 097,4;728 860,2;915 156,8;1 069 708,4;1 205 841,9;1 376 477,9;;;;;;;;;;;;;;;;;;;;;;;;;;;;;
"Темпы роста ВВП (в постоянных ценах), 
в процентах к предыдущему году";95,0;85,5;91,3;87,3;95,9;96,4;101,4;94,7;106,4;110,0;105,1;104,7;107,3;107,2;106,4;108,2;108,5;105,2;92,2;104,5;104,3;104,0;101,8;100,7;98,0;100,2;101,8;102,8;102,2;97,3;105,9;98,6;104,1;104,3;;;;;;;;;;;;;;;;;;;;;;;;;;;;;
"Индекс-дефлятор ВВП, в процентах 
к предыдущему году1) ";228,6;1 589,5;988,4;407,9;243,9;145,8;115,1;118,6;172,5;137,6;116,5;115,6;113,8;120,3;119,3;115,2;113,8;118,0;102,0;114,2;…;108,9;105,3;107,5;107,2;102,8;105,3;110,0;103,3;100,9;118,2;118,2;108,0;109,3;;;;;;;;;;;;;;;;;;;;;;;;;;;;;
"Динамика валового внутреннего продукта (в постоянных ценах; 2011 г. - 100%)";85,0;72,6;66,3;57,9;55,5;53,5;54,3;51,4;54,6;60,1;63,2;66,2;71,0;76,1;80,9;87,5;95,0;100,0;92,2;96,3;100,0;104,0;105,9;106,6;104,5;104,7;106,6;109,6;112,0;109,1;115,5;113,8;118,5;123,6;;;;;;;;;;;;;;;;;;;;;;;;;;;;;
___________;;;;;;;;;;;;;;;;;;;;;;;;;;;;;;;;;;;;;;;;;;;;;;;;;;;;;;;;;;;;;;;
1) Индекс-дефлятор за 2011 г. не публикуется в связи с различной методологией расчёта валовой добавленной стоимости в текущих ценах за 2010, 2011 гг. ;;;;;;;;;;;;;;;;;;;;;;;;;;;;;;;;;;;;;;;;;;;;;;;;;;;;;;;;;;;;;;;
;;;;;;;;;;;;;;;;;;;;;;;;;;;;;;;;;;;;;;;;;;;;;;;;;;;;;;;;;;;;;;;
"Счет товаров и услуг 
(в текущих ценах; миллионов рублей)";;;;;;;;;;;;;;;;;;;;;;;;;;;;;;;;;;;;;;;;;;;;;;;;;;;;;;;;;;;;;;;
Ресурсы;2 844,8;48 591,6;373 338,4;1 233 905,3;3 246 420,0;4 417 435,9;5 069 837,4;5 465 974,2;10 060 912,0;15 141 463,9;19 186 204,8;22 885 944,1;28 015 493,2;35 432 909,9;44 760 977,1;55 817 144,1;69 677 385,3;86 806 795,2;81 046 669,9;98 112 692,6;121 073 258,8;135 945 402,3;147 053 144,1;159 397 751,0;171 554 752,7;179 624 802,5;194 092 341,5;218 567 815,1;230 647 671,5;230 284 807,7;288 518 395,8;317 097 431,6;367 286 211,5;417 179 432,4;;;;;;;;;;;;;;;;;;;;;;;;;;;;;
Выпуск в основных ценах;2 612,1;39 083,7;305 481,0;1 044 341,5;2 767 620,5;3 799 125,9;4 327 531,3;4 573 977,1;8 303 202,6;12 552 211,7;15 922 787,8;18 990 498,6;23 273 089,5;29 490 622,6;37 020 602,0;46 223 866,5;57 752 132,5;71 601 657,9;68 116 448,0;82 054 614,9;100 864 092,3;112 990 772,9;122 869 078,1;132 754 069,3;145 925 412,7;153 394 472,7;166 056 377,3;185 944 593,4;196 733 129,8;197 612 375,1;246 859 637,1;278 988 942,9;317 492 105,8;363 668 446,5;;;;;;;;;;;;;;;;;;;;;;;;;;;;;
Импорт товаров и услуг;181,6;9 173,2;52 300,0;141 665,5;369 902,7;438 694,0;527 711,4;645 633,8;1 262 349,2;1 755 804,7;2 165 927,7;2 646 204,1;3 153 920,2;3 773 863,5;4 648 275,4;5 653 419,9;7 162 210,8;9 110 986,5;7 954 327,1;9 789 614,0;12 010 756,9;13 786 871,7;14 919 620,8;16 351 535,6;17 162 487,6;17 691 379,3;19 090 204,4;21 590 413,0;22 793 396,1;22 010 394,6;27 732 053,4;23 639 235,9;32 357 089,8;35 385 808,6;;;;;;;;;;;;;;;;;;;;;;;;;;;;;
Налоги на продукты ;141,1;3 592,0;26 028,6;71 923,4;184 071,2;269 095,0;320 255,8;338 824,5;613 854,6;980 880,4;1 268 911,4;1 415 153,0;1 775 123,2;2 352 124,6;3 248 224,8;4 090 102,5;4 977 558,7;6 323 848,4;5 202 132,9;6 462 567,9;8 413 321,9;9 411 798,2;9 510 857,9;10 550 847,9;8 738 499,6;8 817 205,9;9 264 512,5;11 341 881,2;11 623 598,1;11 399 889,6;15 289 528,8;15 824 664,5;18 905 089,2;19 756 177,8;;;;;;;;;;;;;;;;;;;;;;;;;;;;;
Субсидии на продукты (-)1);90,0;3 257,3;10 471,2;24 025,1;75 174,4;89 479,0;105 661,1;92 461,2;118 494,4;147 432,9;171 422,1;165 911,6;186 639,7;183 700,7;156 125,1;150 244,8;214 516,7;229 697,6;226 238,1;194 104,2;214 912,3;244 040,6;246 412,7;258 701,8;271 647,2;278 255,4;318 752,7;309 072,5;502 452,5;737 851,6;1 362 823,5;1 355 411,7;1 468 073,3;1 631 000,5;;;;;;;;;;;;;;;;;;;;;;;;;;;;;
Использование;2 844,8;48 591,6;373 338,4;1 233 905,3;3 246 420,0;4 417 435,9;5 069 837,4;5 465 974,2;10 060 912,0;15 141 463,9;19 186 204,8;22 885 944,1;28 015 493,2;35 432 909,9;44 760 977,1;55 817 144,1;69 677 385,3;86 806 795,3;81 046 669,9;98 112 692,6;121 073 258,8;135 945 402,3;147 053 144,1;159 397 751,0;171 554 752,7;179 624 802,5;194 092 341,5;218 567 815,1;230 647 671,5;230 284 807,7;288 518 395,8;317 097 431,6;367 286 211,5;417 179 432,4;;;;;;;;;;;;;;;;;;;;;;;;;;;;;
Промежуточное потребление;1 264,7;20 412,9;149 528,9;481 494,6;1 447 995,2;1 970 916,8;2 199 612,0;2 190 717,4;3 975 329,3;6 080 012,9;8 076 694,7;9 409 204,9;11 653 339,2;14 631 855,5;18 502 936,2;23 246 522,8;29 267 661,3;36 418 959,6;34 285 124,2;42 014 537,4;48 948 501,1;54 055 081,0;59 147 822,2;64 016 175,3;71 304 905,0;76 317 339,4;83 158 982,9;93 115 751,0;98 245 969,6;100 616 282,1;126 058 875,0;136 517 272,5;158 515 534,6;180 641 531,6;;;;;;;;;;;;;;;;;;;;;;;;;;;;;
Расходы на конечное потребление;855,4;9 183,6;106 755,4;422 052,7;1 016 594,3;1 435 869,8;1 776 137,6;2 003 790,1;3 285 678,1;4 476 850,9;5 886 860,6;7 484 115,5;9 058 687,6;11 477 849,6;14 438 149,2;17 809 740,7;21 968 579,5;27 543 511,4;29 269 625,1;32 514 673,2;40 883 862,9;47 273 436,1;52 433 659,7;56 735 901,6;58 531 125,9;61 398 518,2;65 289 518,7;70 705 213,0;76 397 446,2;76 939 703,0;91 038 120,7;101 793 553,2;118 581 326,6;136 628 076,3;;;;;;;;;;;;;;;;;;;;;;;;;;;;;
Валовое накопление;507,2;6 582,1;46 316,9;155 971,4;363 362,0;475 256,4;514 801,3;393 482,2;715 319,5;1 365 733,8;1 963 110,4;2 169 313,7;2 755 048,5;3 558 951,4;4 338 730,5;5 698 727,3;8 034 098,2;10 526 116,1;7 344 756,5;10 472 630,0;14 584 067,5;16 721 898,6;16 985 025,9;17 695 485,3;18 402 773,4;19 773 399,8;21 681 180,5;22 764 479,2;24 838 854,0;25 252 069,1;30 999 930,8;36 414 801,4;47 645 149,4;52 900 650,1;;;;;;;;;;;;;;;;;;;;;;;;;;;;;
Экспорт товаров и услуг;185,6;11 847,5;65 524,7;169 534,3;418 468,5;523 463,1;579 286,5;821 043,4;2 084 585,1;3 218 866,3;3 299 561,7;3 813 694,6;4 655 880,3;5 860 396,9;7 607 256,5;9 079 332,7;10 028 762,1;12 923 553,7;10 842 026,2;13 529 310,9;16 865 192,2;18 324 772,3;18 863 370,2;21 425 934,6;23 848 895,9;22 135 545,1;23 962 659,4;31 982 372,8;31 165 401,6;27 476 753,5;40 421 469,3;43 504 561,4;39 680 225,8;44 085 744,0;;;;;;;;;;;;;;;;;;;;;;;;;;;;;
Статистическое расхождение;31,9;565,5;5 212,5;4 852,3;0,0;11 929,8;0,0;56 941,1;0,0;0,0;-40 022,6;9 615,4;-107 462,4;-96 143,5;-126 095,3;-17 179,4;378 284,2;-605 345,5;-694 862,1;-418 458,9;-208 364,9;-429 785,7;-376 733,9;-475 745,9;-532 947,5;0,0;0,0;-0,9;0,1;0,0;0,0;-1 132 756,9;2 863 975,1;2 923 430,4;;;;;;;;;;;;;;;;;;;;;;;;;;;;;
"Счет производства 
(в текущих ценах; миллионов рублей)";;;;;;;;;;;;;;;;;;;;;;;;;;;;;;;;;;;;;;;;;;;;;;;;;;;;;;;;;;;;;;;
Ресурсы;2 663,2;39 418,4;321 038,4;1 092 239,8;2 876 517,3;3 978 741,9;4 542 126,0;4 820 340,4;8 798 562,8;13 385 659,2;17 020 277,1;20 239 740,0;24 861 573,0;31 659 046,4;40 112 701,7;50 163 724,2;62 515 174,5;77 695 808,7;73 092 342,8;88 323 078,6;109 062 501,9;122 158 530,6;132 133 523,3;143 046 215,4;154 392 265,1;161 933 423,2;175 002 137,1;196 977 402,1;207 854 275,4;208 274 413,1;260 786 342,4;293 458 195,7;334 929 121,8;381 793 623,7;;;;;;;;;;;;;;;;;;;;;;;;;;;;;
Выпуск в основных ценах;2 612,1;39 083,7;305 481,0;1 044 341,5;2 767 620,5;3 799 125,9;4 327 531,3;4 573 977,1;8 303 202,6;12 552 211,7;15 922 787,8;18 990 498,6;23 273 089,5;29 490 622,6;37 020 602,0;46 223 866,5;57 752 132,5;71 601 657,9;68 116 448,0;82 054 614,9;100 864 092,3;112 990 772,9;122 869 078,1;132 754 069,3;145 925 412,7;153 394 472,7;166 056 377,3;185 944 593,4;196 733 129,8;197 612 375,1;246 859 637,1;278 988 942,8;317 492 105,8;363 668 446,4;;;;;;;;;;;;;;;;;;;;;;;;;;;;;
Налоги на продукты;141,1;3 592,0;26 028,6;71 923,4;184 071,2;269 095,0;320 255,8;338 824,5;613 854,6;980 880,4;1 268 911,4;1 415 153,0;1 775 123,2;2 352 124,6;3 248 224,8;4 090 102,5;4 977 558,7;6 323 848,4;5 202 132,9;6 462 567,9;8 413 321,9;9 411 798,2;9 510 857,9;10 550 847,9;8 738 499,6;8 817 205,9;9 264 512,5;11 341 881,2;11 623 598,1;11 399 889,6;15 289 528,8;15 824 664,5;18 905 089,2;19 756 177,8;;;;;;;;;;;;;;;;;;;;;;;;;;;;;
Субсидии на продукты (-);90,0;3 257,3;10 471,2;24 025,1;75 174,4;89 479,0;105 661,1;92 461,2;118 494,4;147 432,9;171 422,1;165 911,6;186 639,7;183 700,7;156 125,1;150 244,8;214 516,7;229 697,6;226 238,1;194 104,2;214 912,3;244 040,6;246 412,7;258 701,8;271 647,2;278 255,4;318 752,7;309 072,5;502 452,5;737 851,6;1 362 823,5;1 355 411,7;1 468 073,3;1 631 000,5;;;;;;;;;;;;;;;;;;;;;;;;;;;;;
Использование;2 663,2;39 418,4;321 038,4;1 092 239,8;2 876 517,3;3 978 741,9;4 542 126,0;4 820 340,4;8 798 562,8;13 385 659,2;17 020 277,1;20 239 740,0;24 861 573,0;31 659 046,4;40 112 701,7;50 163 724,2;62 515 174,5;77 695 808,7;73 092 342,8;88 323 078,6;109 062 501,9;122 158 530,6;132 133 523,3;143 046 215,4;154 392 265,1;161 933 423,2;175 002 137,1;196 977 402,1;207 854 275,4;208 274 413,1;260 786 342,4;293 458 195,7;334 929 121,8;381 793 623,7;;;;;;;;;;;;;;;;;;;;;;;;;;;;;
Промежуточное потребление;1 264,7;20 412,9;149 528,9;481 494,6;1 447 995,2;1 970 916,8;2 199 612,0;2 190 717,4;3 975 329,3;6 080 012,9;8 076 694,7;9 409 204,9;11 653 339,2;14 631 855,5;18 502 936,2;23 246 522,8;29 267 661,3;36 418 959,6;34 285 124,2;42 014 537,4;48 948 501,1;54 055 081,0;59 147 822,2;64 016 175,3;71 304 905,0;76 317 339,4;83 158 982,9;93 115 751,0;98 245 969,6;100 616 282,1;126 058 875,0;136 517 272,5;158 515 534,6;180 641 531,6;;;;;;;;;;;;;;;;;;;;;;;;;;;;;
"Валовой внутренний продукт 
в рыночных ценах";1 398,5;19 005,5;171 509,5;610 745,2;1 428 522,1;2 007 825,1;2 342 514,0;2 629 623,0;4 823 233,5;7 305 646,3;8 943 582,4;10 830 535,1;13 208 233,8;17 027 190,9;21 609 765,5;26 917 201,4;33 247 513,2;41 276 849,2;38 807 218,6;46 308 541,2;60 114 000,8;68 103 449,6;72 985 701,1;79 030 040,1;83 087 360,1;85 616 083,8;91 843 154,2;103 861 651,1;109 608 305,7;107 658 131,0;134 727 467,4;156 940 923,2;176 413 587,1;201 152 092,2;;;;;;;;;;;;;;;;;;;;;;;;;;;;;
"Счет образования доходов  
(в текущих ценах; миллионов рублей)";;;;;;;;;;;;;;;;;;;;;;;;;;;;;;;;;;;;;;;;;;;;;;;;;;;;;;;;;;;;;;;
Ресурсы;1 398,5;19 005,5;171 509,5;610 745,2;1 428 522,1;2 007 825,1;2 342 514,0;2 629 623,0;4 823 233,5;7 305 646,3;8 943 582,4;10 830 535,1;13 208 233,8;17 027 190,9;21 609 765,5;26 917 201,4;33 247 513,2;41 276 849,2;38 807 218,6;46 308 541,2;60 114 000,8;68 103 449,6;72 985 701,1;79 030 040,1;83 087 360,1;85 616 083,8;91 843 154,2;103 861 651,1;109 608 305,8;107 658 131,0;134 727 467,4;156 940 923,2;176 413 587,1;201 152 092,2;;;;;;;;;;;;;;;;;;;;;;;;;;;;;
"Валовой внутренний продукт 
в рыночных ценах";1 398,5;19 005,5;171 509,5;610 745,2;1 428 522,1;2 007 825,1;2 342 514,0;2 629 623,0;4 823 233,5;7 305 646,3;8 943 582,4;10 830 535,1;13 208 233,8;17 027 190,9;21 609 765,5;26 917 201,4;33 247 513,2;41 276 849,2;38 807 218,6;46 308 541,2;60 114 000,8;68 103 449,6;72 985 701,1;79 030 040,1;83 087 360,1;85 616 083,8;91 843 154,2;103 861 651,1;109 608 305,8;107 658 131,0;134 727 467,4;156 940 923,2;176 413 587,1;201 152 092,2;;;;;;;;;;;;;;;;;;;;;;;;;;;;;
Использование;1 398,5;19 005,5;171 509,5;610 745,2;1 428 522,1;2 007 825,1;2 342 514,0;2 629 623,0;4 823 233,5;7 305 646,3;8 943 582,4;10 830 535,1;13 208 233,8;17 027 190,9;21 609 765,5;26 917 201,4;33 247 513,2;41 276 849,2;38 807 218,6;46 308 541,2;60 114 000,8;68 103 449,6;72 985 701,1;79 030 040,2;83 087 360,1;85 616 083,8;91 843 154,2;103 861 651,1;109 608 305,8;107 658 131,0;134 727 467,4;156 940 923,2;176 413 587,1;201 152 092,2;;;;;;;;;;;;;;;;;;;;;;;;;;;;;
Оплата труда наемных работников;610,9;6 979,4;76 346,2;300 997,6;647 875,8;1 022 643,3;1 202 900,5;1 263 046,9;1 933 606,1;2 937 229,9;3 848 398,5;5 065 100,6;6 231 387,9;7 845 036,7;9 474 266,7;11 985 905,6;15 526 114,7;19 559 761,0;20 411 614,4;22 995 636,0;26 385 053,6;30 187 193,6;33 800 073,5;37 438 961,8;39 748 920,8;41 237 450,8;43 897 536,4;46 415 809,8;48 383 047,5;48 696 703,7;54 881 303,9;63 711 356,8;73 596 587,9;88 279 732,6;;;;;;;;;;;;;;;;;;;;;;;;;;;;;
"в том числе оплата труда 
и смешанные доходы, 
не наблюдаемые прямыми статистическими методами -  всего ";;;9 100,0;52 000,0;110 000,0;220 000,0;270 000,0;270 000,0;525 000,0;810 000,0;993 500,0;1 249 000,0;1 496 400,0;1 995 100,0;2 551 000,0;3 450 000,0;4 450 000,0;5 200 000,0;5 790 000,0;6 632 000,0;6 466 513,0;7 706 849,0;8 839 093,0;10 555 077,0;11 199 588,4;11 192 278,7;11 923 443,1;11 476 881,7;10 793 043,4;10 288 120,0;12 130 955,1;13 967 226,5;16 181 738,9;18 063 623,5;;;;;;;;;;;;;;;;;;;;;;;;;;;;;
Налоги на производство и импорт;152,0;3 892,9;28 672,8;85 044,1;252 401,3;378 712,0;469 958,6;517 923,0;883 308,1;1 404 111,5;1 585 833,1;2 028 443,0;2 318 223,0;3 079 045,6;4 410 767,1;5 542 275,3;6 564 455,7;8 498 539,1;6 808 387,9;8 494 621,8;9 104 661,6;10 203 663,9;10 408 206,2;11 492 181,8;9 779 980,8;9 928 423,4;10 495 649,7;12 684 481,5;12 876 013,7;11 989 425,5;16 598 249,6;17 241 529,7;21 465 220,8;21 444 478,5;;;;;;;;;;;;;;;;;;;;;;;;;;;;;
в том числе:;;;;;;;;;;;;;;;;;;;;;;;;;;;;;;;;;;;;;;;;;;;;;;;;;;;;;;;;;;;;;;;
налоги на продукты ;141,1;3 592,0;26 028,6;71 923,4;184 071,2;269 095,0;320 255,8;338 824,5;613 854,6;980 880,4;1 268 911,4;1 415 153,0;1 775 123,2;2 352 124,6;3 248 224,8;4 090 102,5;4 977 558,7;6 323 848,4;5 202 132,9;6 462 567,9;8 413 321,9;9 411 798,2;9 510 857,9;10 550 847,9;8 738 499,6;8 817 205,9;9 264 512,5;11 341 881,2;11 623 598,1;11 399 889,6;15 289 528,8;15 824 664,5;18 905 089,2;19 756 177,8;;;;;;;;;;;;;;;;;;;;;;;;;;;;;
другие налоги на производство;10,9;300,9;2 644,2;13 120,7;68 330,1;109 617,0;149 702,8;179 098,5;269 453,5;423 231,1;316 921,7;613 290,0;543 099,8;726 921,0;1 162 542,3;1 452 172,8;1 586 897,0;2 174 690,7;1 606 255,0;2 032 053,9;691 339,7;791 865,7;897 348,3;941 333,9;1 041 481,2;1 111 217,5;1 231 137,2;1 342 600,3;1 252 415,6;589 535,9;1 308 720,8;1 416 865,2;2 560 131,6;1 688 300,7;;;;;;;;;;;;;;;;;;;;;;;;;;;;;
Субсидии на производство и импорт           (-);90,0;3 257,3;10 471,2;26 640,9;82 547,0;92 897,2;113 688,8;98 035,3;125 192,6;155 627,5;183 250,6;181 199,2;205 705,4;203 595,1;162 407,7;155 563,8;230 138,8;280 117,0;333 869,4;275 454,3;359 982,8;373 709,1;349 608,2;493 707,0;516 205,0;523 381,2;522 587,5;494 331,3;779 959,3;1 538 877,0;3 040 099,4;5 218 989,0;6 201 042,7;5 976 829,9;;;;;;;;;;;;;;;;;;;;;;;;;;;;;
в том числе:;;;;;;;;;;;;;;;;;;;;;;;;;;;;;;;;;;;;;;;;;;;;;;;;;;;;;;;;;;;;;;;
субсидии на продукты ;90,0;3 257,3;10 471,2;24 025,1;75 174,4;89 479,0;105 661,1;92 461,2;118 494,4;147 432,9;171 422,1;165 911,6;186 639,7;183 700,7;156 125,1;150 244,8;214 516,7;229 697,6;226 238,1;194 104,2;214 912,3;244 040,6;246 412,7;258 701,8;271 647,2;278 255,4;318 752,7;309 072,5;502 452,5;737 851,6;1 362 823,5;1 355 411,7;1 468 073,3;1 631 000,5;;;;;;;;;;;;;;;;;;;;;;;;;;;;;
другие субсидии на производство;;;;2 615,8;7 372,6;3 418,2;8 027,7;5 574,1;6 698,2;8 194,6;11 828,5;15 287,6;19 065,7;19 894,4;6 282,6;5 319,0;15 622,1;50 419,4;107 631,3;81 350,1;145 070,5;129 668,5;103 195,5;235 005,2;244 557,8;245 125,8;203 834,8;185 258,8;277 506,8;801 025,4;1 677 275,9;3 863 577,3;4 732 969,4;4 345 829,4;;;;;;;;;;;;;;;;;;;;;;;;;;;;;
"Валовая прибыль экономики 
и валовые смешанные доходы";725,6;11 390,5;76 961,7;251 344,4;610 792,0;699 367,0;783 343,7;946 688,4;2 131 511,9;3 119 932,4;3 692 601,4;3 918 190,6;4 864 328,3;6 306 703,7;7 887 139,4;9 544 584,3;11 387 081,6;13 498 666,1;11 921 085,8;15 093 737,7;24 984 268,4;28 086 301,2;29 127 029,6;30 592 603,6;34 074 663,5;34 973 590,8;37 972 555,6;45 255 691,1;49 129 203,9;48 510 878,8;66 288 013,3;81 207 025,7;87 552 821,1;97 404 711,0;;;;;;;;;;;;;;;;;;;;;;;;;;;;;
"Счет распределения первичных доходов (в текущих ценах; миллионов рублей)";;;;;;;;;;;;;;;;;;;;;;;;;;;;;;;;;;;;;;;;;;;;;;;;;;;;;;;;;;;;;;;
Ресурсы;1 398,50;19 679,1;173 772,0;616 708,4;1 445 305,2;2 026 641,0;2 364 236,9;2 658 220,2;4 910 508,4;7 433 342,2;9 126 673,1;10 991 181,3;13 520 752,2;17 329 843,6;22 017 851,4;27 560 158,8;34 204 936,6;42 354 172,6;39 475 844,3;47 073 765,9;60 973 509,0;69 098 395,0;73 771 066,5;80 271 861,8;84 850 899,2;87 955 653,8;94 190 532,8;106 713 673,5;112 601 490,0;110 559 579,6;140 464 117,8;159 229 545,3;178 668 057,1;202 695 140,6;;;;;;;;;;;;;;;;;;;;;;;;;;;;;
"Валовая прибыль экономики 
и валовые смешанные доходы";725,6;11 390,5;76 961,7;251 344,4;610 792,0;699 367,0;783 343,7;946 688,4;2 131 511,9;3 119 932,4;3 692 601,4;3 918 190,6;4 864 328,3;6 306 703,7;7 887 139,4;9 544 584,3;11 387 081,6;13 498 666,1;11 921 085,8;15 093 737,8;24 984 268,4;28 086 301,2;29 127 029,6;30 592 603,6;34 074 663,5;34 973 590,8;37 972 555,6;45 255 691,1;49 129 203,9;48 510 878,8;66 288 013,3;81 207 025,7;87 552 821,1;97 404 711,0;;;;;;;;;;;;;;;;;;;;;;;;;;;;;
Оплата труда наемных работников;610,9;6 979,4;76 346,2;300 749,1;646 489,7;1 020 585,2;1 200 924,4;1 262 279,3;1 939 045,4;2 944 729,8;3 852 184,6;5 071 283,1;6 227 103,0;7 837 582,4;9 439 827,8;11 873 211,0;15 340 209,0;19 204 696,2;20 131 506,2;22 736 866,9;26 105 493,4;29 818 601,6;33 379 545,9;37 057 828,5;39 441 606,2;41 117 231,9;43 764 691,8;46 205 540,3;48 150 478,3;48 627 698,1;54 894 614,9;63 556 292,8;73 187 733,8;87 691 634,5;;;;;;;;;;;;;;;;;;;;;;;;;;;;;
"в том числе сальдо заработной платы, полученной за границей 
и выплаченной в России нерезидентам";;;;-248,5;-1 386,1;-2 058,1;-1 976,1;-767,6;5 439,3;7 499,9;3 786,1;6 182,5;-4 284,9;-7 454,3;-34 438,9;-112 694,6;-185 905,7;-355 064,8;-280 108,2;-258 769,0;-279 560,2;-368 592,0;-420 527,6;-381 133,3;-307 314,6;-120 218,9;-132 844,6;-210 269,5;-232 569,2;-69 005,6;13 311,0;-155 064,0;-408 854,1;-588 098,1;;;;;;;;;;;;;;;;;;;;;;;;;;;;;
Налоги на производство и импорт ;152,0;3 892,9;28 672,8;85 044,1;252 401,3;378 712,0;469 958,6;517 923,0;883 308,1;1 404 111,5;1 585 833,1;2 028 443,0;2 318 223,0;3 079 045,6;4 410 767,1;5 542 275,3;6 564 455,7;8 498 539,1;6 808 387,9;8 494 621,8;9 104 661,6;10 203 663,9;10 408 206,2;11 492 181,7;9 779 980,8;9 928 423,4;10 495 649,7;12 684 481,5;12 876 013,7;11 989 425,5;16 598 249,6;17 241 529,7;21 465 220,8;21 444 478,5;;;;;;;;;;;;;;;;;;;;;;;;;;;;;
Субсидии на производство и импорт                 (-);90,0;3 257,3;10 471,2;26 640,9;82 547,0;92 897,2;113 688,8;98 035,3;125 192,6;155 627,5;183 250,6;181 199,2;205 705,4;203 595,1;162 407,7;155 563,8;230 138,8;280 117,0;333 869,4;275 454,3;359 982,8;373 709,1;349 608,2;493 707,0;516 205,0;523 381,2;522 587,5;494 331,3;779 959,3;1 538 877,0;3 040 099,4;5 218 989,0;6 201 042,7;5 976 829,9;;;;;;;;;;;;;;;;;;;;;;;;;;;;;
"Доходы от собственности, полученные от ""остального мира""";;673,6;2 262,5;6 211,7;18 169,2;20 874,0;23 699,0;29 364,8;81 835,6;120 196,0;179 304,6;154 463,8;316 803,3;310 107,0;442 524,8;755 652,0;1 143 329,1;1 432 388,3;948 733,9;1 023 993,7;1 139 068,4;1 363 537,4;1 205 893,0;1 622 955,0;2 070 853,7;2 459 788,9;2 480 223,2;3 062 291,9;3 225 753,4;2 970 454,2;5 723 339,4;2 443 686,1;2 663 324,1;2 131 146,5;;;;;;;;;;;;;;;;;;;;;;;;;;;;;
Использование;1 398,5;19 679,1;173 772,0;616 708,4;1 445 305,2;2 026 641,0;2 364 236,9;2 658 220,2;4 910 508,4;7 433 342,2;9 126 673,1;10 991 181,3;13 520 752,2;17 329 843,6;22 017 851,4;27 560 158,8;34 204 936,6;42 354 172,6;39 475 844,3;47 073 765,9;60 973 509,0;69 098 395,0;73 771 066,5;80 271 861,8;84 850 899,2;87 955 653,8;94 190 532,8;106 713 673,5;112 601 490,0;110 559 579,6;140 464 117,8;159 229 545,3;178 668 057,1;202 695 140,6;;;;;;;;;;;;;;;;;;;;;;;;;;;;;
"Доходы от собственности, переданные ""остальному миру""";;1 057,6;4 905,0;11 322,5;32 587,7;47 717,0;72 191,3;143 790,8;278 550,3;316 788,8;306 734,2;367 331,9;713 955,5;670 883,3;947 091,0;1 439 441,8;1 740 978,8;2 287 726,4;1 929 722,1;2 243 073,0;2 628 320,2;3 100 457,7;3 331 895,6;3 815 331,9;3 983 682,7;4 673 880,8;4 794 921,2;5 398 860,0;6 442 945,3;5 474 286,1;8 898 014,9;5 423 941,0;4 548 064,2;4 176 167,0;;;;;;;;;;;;;;;;;;;;;;;;;;;;;
Валовой национальный доход;1 398,5;18 621,5;168 867,0;605 385,9;1 412 717,5;1 978 924,0;2 292 045,6;2 514 429,4;4 631 958,1;7 116 553,4;8 819 938,9;10 623 849,4;12 806 796,7;16 658 960,3;21 070 760,4;26 120 717,0;32 463 957,8;40 066 446,2;37 546 122,2;44 830 692,9;58 345 188,8;65 997 937,3;70 439 170,9;76 456 529,9;80 867 216,5;83 281 773,0;89 395 611,6;101 314 813,5;106 158 544,7;105 085 293,5;131 566 102,9;153 805 604,3;174 119 992,9;198 518 973,6;;;;;;;;;;;;;;;;;;;;;;;;;;;;;
"Счет вторичного распределения доходов (в текущих ценах; миллионов рублей)";;;;;;;;;;;;;;;;;;;;;;;;;;;;;;;;;;;;;;;;;;;;;;;;;;;;;;;;;;;;;;;
Ресурсы ;1 398,5;19 209,0;170 588,9;606 339,1;1 416 789,1;1 982 951,5;2 294 417,6;2 517 593,5;4 661 755,3;7 139 265,6;8 841 679,2;10 676 628,4;12 884 087,8;16 763 703,5;21 197 883,2;26 294 288,7;32 678 914,2;40 336 972,5;37 828 074,0;45 133 138,0;58 749 566,9;66 509 415,4;70 991 383,9;77 128 106,5;81 470 764,6;83 855 185,4;90 011 242,7;102 093 122,4;107 105 739,0;106 054 042,6;132 630 874,8;154 604 088,5;175 088 229,4;199 577 778,6;;;;;;;;;;;;;;;;;;;;;;;;;;;;;
Валовой национальный  доход;1 398,5;18 621,5;168 867,0;605 385,9;1 412 717,5;1 978 924,0;2 292 045,6;2 514 429,4;4 631 958,1;7 116 553,4;8 819 938,9;10 623 849,4;12 806 796,7;16 658 960,3;21 070 760,4;26 120 717,0;32 463 957,8;40 066 446,2;37 546 122,2;44 830 692,9;58 345 188,8;65 997 937,3;70 439 170,9;76 456 529,9;80 867 216,5;83 281 773,0;89 395 611,6;101 314 813,5;106 158 544,7;105 085 293,5;131 566 102,9;153 805 604,3;174 119 992,9;198 518 973,6;;;;;;;;;;;;;;;;;;;;;;;;;;;;;
"Текущие трансферты, полученные 
от ""остального мира""";;587,5;1 721,9;953,2;4 071,6;4 027,5;2 372,0;3 164,1;29 797,2;22 712,2;21 740,3;52 779,0;77 291,1;104 743,2;127 122,8;173 571,7;214 956,4;270 526,3;281 951,8;302 445,1;404 378,1;511 478,1;552 213,0;671 576,6;603 548,1;573 412,4;615 631,1;778 308,9;947 194,3;968 749,1;1 064 771,9;798 484,2;968 236,5;1 058 805,0;;;;;;;;;;;;;;;;;;;;;;;;;;;;;
Использование;1 398,5;19 209,0;170 588,9;606 339,1;1 416 789,1;1 982 951,5;2 294 417,6;2 517 593,5;4 661 755,3;7 139 265,6;8 841 679,2;10 676 628,4;12 884 087,8;16 763 703,5;21 197 883,2;26 294 288,7;32 678 914,2;40 336 972,5;37 828 074,0;45 133 138,0;58 749 566,9;66 509 415,4;70 991 383,9;77 128 106,6;81 470 764,6;83 855 185,4;90 011 242,7;102 093 122,4;107 105 739,0;106 054 042,6;132 630 874,8;154 604 088,5;175 088 229,4;199 577 778,6;;;;;;;;;;;;;;;;;;;;;;;;;;;;;
"Текущие трансферты, переданные ""остальному миру""";;1,4;436,7;1 143,9;3 386,0;3 594,7;4 445,4;5 710,5;14 361,0;20 786,9;45 666,4;63 957,4;89 285,6;124 408,8;156 730,1;214 561,1;303 347,8;341 275,0;370 912,9;412 357,0;566 635,3;703 803,0;850 381,3;986 459,9;954 780,1;990 384,5;1 141 666,4;1 337 605,1;1 604 523,6;1 422 882,6;1 420 475,2;1 369 981,6;1 777 129,7;1 342 090,8;;;;;;;;;;;;;;;;;;;;;;;;;;;;;
Валовой располагаемый доход;1 398,5;19 207,6;170 152,2;605 195,2;1 413 403,1;1 979 356,8;2 289 972,2;2 511 883,0;4 647 394,3;7 118 478,7;8 796 012,8;10 612 671,0;12 794 802,2;16 639 294,7;21 041 153,1;26 079 727,6;32 375 566,4;39 995 697,5;37 457 161,1;44 720 781,0;58 182 931,6;65 805 612,3;70 141 002,6;76 141 646,7;80 515 984,5;82 864 800,9;88 869 576,3;100 755 517,3;105 501 215,4;104 631 160,0;131 210 399,6;153 234 106,9;173 311 099,7;198 235 687,8;;;;;;;;;;;;;;;;;;;;;;;;;;;;;
"Счет использования располагаемого дохода (в текущих ценах; миллионов рублей)";;;;;;;;;;;;;;;;;;;;;;;;;;;;;;;;;;;;;;;;;;;;;;;;;;;;;;;;;;;;;;;
Ресурсы ;1 398,5;19 207,6;170 152,2;605 195,2;1 413 403,1;1 979 356,8;2 289 972,2;2 511 883,0;4 647 394,3;7 118 478,7;8 796 012,8;10 612 671,0;12 794 802,2;16 639 294,7;21 041 153,1;26 079 727,6;32 375 566,4;39 995 697,5;37 457 161,1;44 720 781,0;58 182 931,6;65 805 612,3;70 141 002,6;76 141 646,7;80 515 984,5;82 864 800,9;88 869 576,3;100 755 517,3;105 501 215,4;104 631 160,0;131 210 399,6;153 234 106,9;173 311 099,7;198 235 687,8;;;;;;;;;;;;;;;;;;;;;;;;;;;;;
Валовой располагаемый доход;1 398,5;19 207,6;170 152,2;605 195,2;1 413 403,1;1 979 356,8;2 289 972,2;2 511 883,0;4 647 394,3;7 118 478,7;8 796 012,8;10 612 671,0;12 794 802,2;16 639 294,7;21 041 153,1;26 079 727,6;32 375 566,4;39 995 697,5;37 457 161,1;44 720 781,0;58 182 931,6;65 805 612,3;70 141 002,6;76 141 646,7;80 515 984,5;82 864 800,9;88 869 576,3;100 755 517,3;105 501 215,4;104 631 160,0;131 210 399,6;153 234 106,9;173 311 099,7;198 235 687,8;;;;;;;;;;;;;;;;;;;;;;;;;;;;;
Использование;1 398,5;19 207,6;170 152,2;605 195,2;1 413 403,1;1 979 356,8;2 289 972,2;2 511 883,0;4 647 394,3;7 118 478,7;8 796 012,8;10 612 671,0;12 794 802,2;16 639 294,7;21 041 153,1;26 079 727,6;32 375 566,4;39 995 697,5;37 457 161,1;44 720 781,0;58 182 931,6;65 805 612,3;70 141 002,6;76 141 646,7;80 515 984,5;82 864 800,9;88 869 576,3;100 755 517,3;105 501 215,4;104 631 160,0;131 210 399,6;153 234 106,9;173 311 099,7;198 235 687,8;;;;;;;;;;;;;;;;;;;;;;;;;;;;;
Расходы на конечное потребление;855,4;9 183,6;106 755,4;422 052,7;1 016 594,3;1 435 869,8;1 776 137,6;2 003 790,1;3 285 678,1;4 476 850,9;5 886 860,6;7 484 115,5;9 058 687,6;11 477 849,6;14 438 149,2;17 809 740,7;21 968 579,5;27 543 511,4;29 269 625,1;32 514 673,2;40 883 862,9;47 273 436,1;52 433 659,7;56 735 901,6;58 531 125,9;61 398 518,2;65 289 518,7;70 705 213,0;76 397 446,2;76 939 703,0;91 038 120,7;101 793 553,2;118 581 326,6;136 628 076,3;;;;;;;;;;;;;;;;;;;;;;;;;;;;;
в том числе:;;;;;;;;;;;;;;;;;;;;;;;;;;;;;;;;;;;;;;;;;;;;;;;;;;;;;;;;;;;;;;;
домашних хозяйств;565,6;6 208,2;68 019,6;267 112,6;719 793,5;1 007 827,0;1 235 213,7;1 462 284,0;2 526 167,9;3 295 237,3;4 318 121,1;5 409 157,7;6 537 401,5;8 438 484,1;10 652 857,8;12 974 743,4;16 031 739,8;19 966 954,7;20 985 936,1;23 617 623,3;30 062 605,9;34 788 524,4;38 544 309,6;42 198 664,3;43 456 179,5;45 244 514,6;48 178 030,2;51 883 723,3;56 109 663,1;54 752 096,0;67 008 657,9;74 288 382,6;86 105 563,6;98 341 325,2;;;;;;;;;;;;;;;;;;;;;;;;;;;;;
государственного управления;230,9;2 633,7;29 758,2;136 682,2;272 501,5;391 381,3;493 573,5;492 620,6;703 209,1;1 102 497,1;1 469 957,6;1 942 441,8;2 366 368,7;2 889 814,5;3 645 918,5;4 680 409,7;5 750 964,1;7 359 844,2;8 066 692,6;8 671 323,7;10 595 420,8;12 236 319,4;13 630 354,2;14 247 046,0;14 760 859,4;15 809 774,2;16 730 910,0;18 394 324,1;19 840 656,0;21 500 403,4;23 243 024,3;26 824 658,6;31 680 728,0;37 320 459,8;;;;;;;;;;;;;;;;;;;;;;;;;;;;;
некоммерческих организаций, обслуживающих домашние хозяйства;58,9;341,7;8 977,6;18 257,9;24 299,3;36 661,5;47 350,4;48 885,5;56 301,1;79 116,5;98 781,9;132 516,0;154 917,4;149 551,0;139 372,9;154 587,6;185 875,6;216 712,5;216 996,4;225 726,2;225 836,2;248 592,3;258 995,9;290 191,3;314 087,0;344 229,4;380 578,5;427 165,6;447 127,1;687 203,6;786 438,5;680 512,0;795 035,0;966 291,3;;;;;;;;;;;;;;;;;;;;;;;;;;;;;
Валовое сбережение;543,1;10 024,0;63 396,8;183 142,5;396 808,8;543 487,0;513 834,6;508 092,9;1 361 716,2;2 641 627,8;2 909 152,2;3 128 555,5;3 736 114,6;5 161 445,1;6 603 003,9;8 269 986,9;10 406 986,9;12 452 186,1;8 187 536,0;12 206 107,8;17 299 068,7;18 532 176,2;17 707 342,9;19 405 745,1;21 984 858,6;21 466 282,7;23 580 057,6;30 050 304,3;29 103 769,2;27 691 457,0;40 172 278,9;51 440 553,7;54 729 773,1;61 607 611,5;;;;;;;;;;;;;;;;;;;;;;;;;;;;;
"Счет операций с капиталом (в текущих ценах; миллионов рублей)";;;;;;;;;;;;;;;;;;;;;;;;;;;;;;;;;;;;;;;;;;;;;;;;;;;;;;;;;;;;;;;
Изменение в обязательствах и чистой стоимости капитала;543,1;10 024,0;64 212,9;185 233,1;393 045,8;540 887,0;509 254,5;502 764,1;1 350 845,6;2 941 724,2;2 635 402,9;2 736 667,9;3 706 130,4;5 115 775,5;6 238 002,2;8 272 404,2;10 145 310,0;12 459 546,5;7 810 735,4;12 201 635,6;17 294 878,0;18 386 397,6;17 699 142,5;17 554 001,1;21 969 467,4;21 415 178,3;23 571 311,3;29 984 515,7;29 066 442,3;27 690 396,3;40 189 570,2;51 164 669,7;54 607 515,5;61 597 917,8;;;;;;;;;;;;;;;;;;;;;;;;;;;;;
Валовое сбережение;543,1;10 024,0;63 396,8;183 142,5;396 808,8;543 487,0;513 834,6;508 092,9;1 361 716,2;2 641 627,8;2 909 152,2;3 128 555,5;3 736 114,6;5 161 445,1;6 603 003,9;8 269 986,9;10 406 986,9;12 452 186,1;8 187 536,0;12 206 107,8;17 299 068,7;18 532 176,2;17 707 342,9;19 405 745,1;21 984 858,6;21 466 282,7;23 580 057,6;30 050 304,3;29 103 769,2;27 691 457,0;40 172 278,9;51 440 553,7;54 729 773,1;61 607 611,5;;;;;;;;;;;;;;;;;;;;;;;;;;;;;
"Капитальные трансферты, полученные от ""остального мира""";;;816,1;9 717,9;6 368,9;9 429,9;6 919,4;8 844,8;11 911,3;318 705,9;58 174,3;230 447,0;14 827,7;20 448,6;12 256,3;19 982,9;22 262,3;25 424,5;35 000,4;19 977,5;4 878,8;11 237,0;12 378,9;16 942,4;18 501,4;65 467,8;28 698,6;14 577,1;15 503,0;13 204,1;34 088,1;89 777,1;6 073,7;4 090,9;;;;;;;;;;;;;;;;;;;;;;;;;;;;;
"Капитальные трансферты, переданные ""остальному миру"" (-)";;;;7 627,3;10 131,9;12 029,9;11 499,5;14 173,6;22 781,9;18 609,5;331 923,6;622 334,6;44 811,9;66 118,2;377 258,0;17 565,6;283 939,2;18 064,1;411 801,0;24 449,7;9 069,5;157 015,6;20 579,3;1 868 686,4;33 892,6;116 572,2;37 444,9;80 365,7;52 829,9;14 264,8;16 796,8;365 661,1;128 331,3;13 784,6;;;;;;;;;;;;;;;;;;;;;;;;;;;;;
Изменение в активах;543,1;10 024,0;64 212,9;185 233,1;393 045,8;540 887,0;509 254,5;502 764,1;1 350 845,6;2 941 724,2;2 635 402,9;2 736 667,9;3 706 130,4;5 115 775,5;6 238 002,2;8 272 404,2;10 145 310,0;12 459 546,5;7 810 735,4;12 201 635,6;17 294 878,0;18 386 397,6;17 699 142,5;17 554 001,1;21 969 467,4;21 415 178,3;23 571 311,3;29 984 515,7;29 066 442,3;27 690 396,3;40 189 570,2;51 164 669,7;54 607 515,5;61 597 917,8;;;;;;;;;;;;;;;;;;;;;;;;;;;;;
Валовое накопление основного капитала2);325,4;4 550,7;34 964,9;133 208,7;301 117,4;401 613,9;428 522,1;424 656,5;693 958,5;1 232 043,1;1 689 315,0;1 939 314,4;2 432 252,0;3 130 523,6;3 836 895,9;4 980 573,3;6 980 359,1;9 200 768,9;8 535 671,5;10 014 340,1;12 817 253,5;14 683 886,2;16 013 227,0;16 926 030,2;17 125 612,2;18 733 924,0;20 189 066,4;21 452 076,3;22 910 697,8;23 210 960,9;26 023 011,7;32 718 164,5;38 810 092,4;44 520 799,6;;;;;;;;;;;;;;;;;;;;;;;;;;;;;
Изменение запасов материальных оборотных средств;181,8;2 031,4;11 352,0;22 762,7;62 244,6;73 642,5;86 279,2;-31 174,3;21 361,0;133 690,7;273 795,4;229 999,3;322 796,5;428 427,8;501 834,6;718 154,0;1 053 739,1;1 325 347,2;-1 190 915,0;458 289,9;1 766 814,0;2 038 012,4;971 798,9;769 455,1;1 277 161,2;1 039 475,8;1 492 114,1;1 312 402,9;1 928 156,2;2 041 108,2;4 976 919,1;3 696 636,9;8 835 057,0;8 379 850,5;;;;;;;;;;;;;;;;;;;;;;;;;;;;;
Приобретение за вычетом выбытия непроизведенных нефинансовых активов;;;;;;;;;;;;;;;;;;5 773,8;7 232,4;-;-1 195,2;12 549,9;4 606,3;10 304,9;2 841,4;934,4;2 270,5;4 316,8;6 505,6;5 785,3;7 918,6;8 598,8;8 249,3;13 887,2;;;;;;;;;;;;;;;;;;;;;;;;;;;;;
Чистое кредитование (+), чистое заимствование (-) и статистическое расхождение;35,9;3 441,9;17 896,0;29 261,7;29 683,8;65 630,6;-5 546,8;109 281,9;635 526,1;1 575 990,4;672 292,5;567 354,2;951 081,9;1 556 824,1;1 899 271,7;2 573 676,9;2 111 211,8;1 927 656,6;458 746,5;1 729 005,6;2 712 005,7;1 651 949,1;709 510,3;-151 789,1;3 563 852,6;1 640 844,1;1 887 860,3;7 215 719,7;4 221 082,7;2 432 541,9;9 181 720,8;14 741 269,5;6 954 116,8;8 683 380,5;;;;;;;;;;;;;;;;;;;;;;;;;;;;;
В соответствии с Общероссийским классификатором видов экономической деятельности ОК 029-2007 (Кдес Ред.1.1) ОКВЭД;;;;;;;;;;;;;;;;;;;;;;;;;;;;;;;;;;;;;;;;;;;;;;;;;;;;;;;;;;;;;;;
"Выпуск товаров и услуг по видам экономической деятельности (в текущих ценах; миллионов рублей)";;;;;;;;;;;;18 990 498,6;23 273 089,5;29 490 622,6;37 020 602,0;46 223 866,5;57 752 132,5;71 601 657,9;68 116 448,0;82 054 614,9;100 864 092,3;112 990 772,9;122 869 078,1;132 754 069,3;145 925 412,7;153 394 472,7;;;;;;;;;;;;;;;;;;;;;;;;;;;;;;;;;;;;;
Сельское хозяйство, охота и лесное хозяйство;;;;;;;;;;;;1 128 100,8;1 283 388,3;1 485 181,3;1 611 613,2;1 856 108,4;2 253 721,9;2 819 575,5;2 892 506,0;3 023 199,4;3 622 791,6;3 723 197,5;4 049 488,8;4 709 429,8;5 632 821,4;6 003 479,5;;;;;;;;;;;;;;;;;;;;;;;;;;;;;;;;;;;;;
Рыболовство, рыбоводство;;;;;;;;;;;;65 554,9;107 512,3;110 807,7;122 084,8;133 058,5;141 114,3;151 476,9;179 548,5;188 455,1;204 357,6;227 380,4;242 913,3;273 931,7;364 588,0;397 335,8;;;;;;;;;;;;;;;;;;;;;;;;;;;;;;;;;;;;;
Добыча полезных ископаемых;;;;;;;;;;;;1 347 497,7;1 609 675,5;2 304 007,7;3 200 085,4;3 641 572,7;4 239 161,9;4 972 892,2;4 748 097,1;5 982 248,1;7 361 122,5;8 352 856,1;8 967 958,6;9 559 568,5;10 978 716,2;11 410 555,9;;;;;;;;;;;;;;;;;;;;;;;;;;;;;;;;;;;;;
Обрабатывающие производства;;;;;;;;;;;;4 974 605,6;6 300 015,7;8 225 397,5;10 610 913,8;13 122 939,6;16 531 565,9;20 190 378,6;16 869 216,9;21 067 729,9;25 097 057,5;27 711 739,0;29 727 420,8;32 539 813,9;36 658 394,6;38 259 965,7;;;;;;;;;;;;;;;;;;;;;;;;;;;;;;;;;;;;;
Производство и распределение электроэнергии, газа и воды;;;;;;;;;;;;939 362,2;1 186 506,5;1 464 504,1;1 735 050,5;2 185 171,9;2 621 553,3;3 109 919,8;3 727 420,9;4 536 888,3;5 876 157,6;5 980 597,3;6 633 036,2;6 991 782,4;7 268 270,4;7 907 429,4;;;;;;;;;;;;;;;;;;;;;;;;;;;;;;;;;;;;;
Строительство;;;;;;;;;;;;1 058 965,4;1 461 122,7;1 786 292,1;2 178 962,2;2 850 835,6;3 937 478,9;5 317 770,5;4 906 338,7;5 791 323,3;7 809 180,7;8 831 377,4;8 978 464,1;9 353 861,8;9 965 568,9;10 660 845,8;;;;;;;;;;;;;;;;;;;;;;;;;;;;;;;;;;;;;
"Оптовая и розничная торговля; ремонт автотранспортных средств, мотоциклов, бытовых изделий и предметов личного пользования";;;;;;;;;;;;3 122 894,4;3 602 366,0;4 673 283,9;5 655 446,8;7 389 723,5;9 140 468,7;11 196 780,8;9 822 719,8;12 983 306,5;14 200 405,3;15 689 041,2;16 854 139,3;18 521 207,6;20 197 632,5;19 596 953,8;;;;;;;;;;;;;;;;;;;;;;;;;;;;;;;;;;;;;
Гостиницы и рестораны;;;;;;;;;;;;150 474,2;174 308,3;247 748,3;316 023,9;412 841,1;548 352,2;708 383,1;697 027,8;847 367,2;940 541,5;1 108 002,6;1 181 367,2;1 294 510,1;1 438 316,1;1 496 152,6;;;;;;;;;;;;;;;;;;;;;;;;;;;;;;;;;;;;;
Транспорт и связь;;;;;;;;;;;;1 857 036,8;2 221 812,8;2 789 997,6;3 447 664,8;4 312 877,0;5 098 160,3;6 425 452,4;6 410 431,8;7 286 092,4;8 399 684,8;9 606 226,5;10 657 875,4;11 357 366,4;12 903 807,8;13 937 337,2;;;;;;;;;;;;;;;;;;;;;;;;;;;;;;;;;;;;;
Финансовая деятельность;;;;;;;;;;;;410 896,4;548 838,1;692 201,8;976 222,0;1 334 423,2;1 736 934,4;2 203 766,2;2 373 143,3;2 489 258,3;2 846 288,3;3 491 022,6;4 045 236,4;4 355 908,5;3 945 333,3;4 801 893,2;;;;;;;;;;;;;;;;;;;;;;;;;;;;;;;;;;;;;
Операции с недвижимым имуществом, аренда и предоставление услуг;;;;;;;;;;;;1 581 925,6;1 907 390,6;2 222 149,9;2 893 613,0;3 584 257,8;4 862 963,3;6 108 475,8;6 511 146,4;7 796 276,2;12 012 093,3;13 918 007,0;15 549 368,5;16 814 159,1;18 637 171,2;19 628 215,5;;;;;;;;;;;;;;;;;;;;;;;;;;;;;;;;;;;;;
"Государственное управление и обеспечение военной безопасности; социальное страхование";;;;;;;;;;;;1 103 620,7;1 375 996,0;1 645 632,2;1 988 395,7;2 517 781,8;3 030 246,1;3 897 155,0;4 242 799,1;4 716 044,4;5 991 022,9;7 170 531,8;8 044 483,4;8 182 750,6;8 468 248,7;9 389 806,3;;;;;;;;;;;;;;;;;;;;;;;;;;;;;;;;;;;;;
Образование;;;;;;;;;;;;388 822,1;458 239,6;562 058,0;705 529,2;886 068,3;1 118 838,8;1 398 967,5;1 534 347,3;1 683 393,3;1 913 347,7;2 003 044,5;2 225 945,2;2 338 628,4;2 420 487,4;2 474 642,8;;;;;;;;;;;;;;;;;;;;;;;;;;;;;;;;;;;;;
Здравоохранение и предоставление социальных услуг;;;;;;;;;;;;542 159,2;629 486,2;791 460,3;995 030,5;1 262 248,1;1 559 218,9;1 979 160,8;2 157 582,9;2 381 500,1;2 805 497,7;3 182 113,0;3 506 865,4;4 037 772,1;4 330 536,3;4 517 718,9;;;;;;;;;;;;;;;;;;;;;;;;;;;;;;;;;;;;;
Предоставление прочих коммунальных, социальных и персональных услуг;;;;;;;;;;;;318 582,6;406 430,6;489 900,2;583 966,2;733 958,9;932 353,5;1 121 502,9;1 044 121,6;1 281 459,8;1 445 970,3;1 619 787,3;1 798 422,3;1 987 301,3;2 232 931,5;2 405 861,5;;;;;;;;;;;;;;;;;;;;;;;;;;;;;;;;;;;;;
Деятельность домашних хозяйств;;;;;;;;;;;;;;;;;;;;72,5;338 573,0;375 849,0;406 093,2;436 077,0;482 588,4;506 278,7;;;;;;;;;;;;;;;;;;;;;;;;;;;;;;;;;;;;;
В соответствии с Общероссийским классификатором видов экономической деятельности ОК 029-2014 (КДЕС Ред.2) ОКВЭД2;;;;;;;;;;;;;;;;;;;;;;;;;;;;;;;;;;;;;;;;;;;;;;;;;;;;;;;;;;;;;;;
"Выпуск товаров и услуг по отраслям экономики (в текущих ценах; миллионов рублей)";;;;;;;;;;;;;;;;;;;;;100 864 092,3;112 990 772,9;122 869 078,1;132 754 069,3;145 925 412,7;153 394 472,7;166 056 377,3;185 944 593,4;196 733 129,8;197 612 375,1;246 859 637,1;278 988 942,8;317 492 105,8;363 668 446,4;;;;;;;;;;;;;;;;;;;;;;;;;;;;;
Сельское, лесное хозяйство, охота, рыболовство и рыбоводство;;;;;;;;;;;;;;;;;;;;;3 827 149,3;3 950 577,8;4 292 402,1;4 983 361,5;5 997 409,3;6 392 867,8;6 454 880,1;6 914 503,8;7 550 012,7;8 251 211,1;9 987 403,1;11 020 250,1;11 005 529,8;11 626 645,0;;;;;;;;;;;;;;;;;;;;;;;;;;;;;
Добыча полезных ископаемых;;;;;;;;;;;;;;;;;;;;;7 341 298,7;8 332 379,0;8 935 256,9;9 519 779,2;10 934 080,2;11 369 109,4;13 512 247,4;17 574 782,3;17 905 085,5;14 369 578,9;23 305 491,0;27 352 215,2;27 444 116,4;31 469 965,5;;;;;;;;;;;;;;;;;;;;;;;;;;;;;
Обрабатывающие производства;;;;;;;;;;;;;;;;;;;;;24 800 224,1;27 359 266,9;29 350 411,9;32 104 661,4;36 095 497,7;37 780 277,5;41 550 848,9;48 514 999,3;51 355 068,2;51 268 589,8;66 591 828,8;71 249 222,1;80 023 736,8;93 702 820,8;;;;;;;;;;;;;;;;;;;;;;;;;;;;;
"Обеспечение электрической энергией, газом и паром; кондиционирование воздуха";;;;;;;;;;;;;;;;;;;;;5 647 243,8;5 709 387,8;6 351 450,0;6 704 842,0;6 954 303,9;7 566 322,8;7 915 470,2;8 393 375,1;8 716 200,2;8 738 777,9;9 614 914,1;10 101 862,0;11 162 566,9;12 096 332,4;;;;;;;;;;;;;;;;;;;;;;;;;;;;;
"Водоснабжение; воотведение, организация сбора и утилизации отходов, деятельность по ликвидации загрязнений";;;;;;;;;;;;;;;;;;;;;621 123,9;697 762,0;768 619,7;864 928,8;980 130,1;913 381,6;1 065 231,5;1 243 703,6;1 354 759,5;1 611 356,2;2 150 714,1;2 133 700,5;2 444 669,1;2 711 645,7;;;;;;;;;;;;;;;;;;;;;;;;;;;;;
Строительство;;;;;;;;;;;;;;;;;;;;;7 809 180,7;8 831 377,4;8 978 464,1;9 353 861,8;9 965 568,9;10 660 845,8;11 376 858,3;12 117 098,2;12 553 672,1;12 627 162,2;14 420 990,8;17 126 439,1;20 293 663,7;22 904 481,5;;;;;;;;;;;;;;;;;;;;;;;;;;;;;
"Торговля оптовая и розничная; ремонт автотранспортных средств и мотоциклов";;;;;;;;;;;;;;;;;;;;;14 149 208,5;15 631 835,0;16 788 971,0;18 452 280,3;20 124 801,3;19 520 303,0;20 597 024,4;21 807 692,3;22 358 832,4;21 808 767,8;28 041 641,5;33 636 283,8;36 980 639,6;42 862 354,0;;;;;;;;;;;;;;;;;;;;;;;;;;;;;
Транспортировка и храние;;;;;;;;;;;;;;;;;;;;;6 798 819,1;7 806 319,6;8 759 366,8;9 358 681,3;10 905 349,8;11 941 727,9;12 720 804,0;13 960 345,6;15 214 472,8;14 432 298,3;17 281 023,7;20 119 484,7;24 556 998,5;28 397 844,7;;;;;;;;;;;;;;;;;;;;;;;;;;;;;
Деятельность гостиниц и предприятий общественного питания;;;;;;;;;;;;;;;;;;;;;940 541,5;1 108 002,6;1 181 367,2;1 294 510,1;1 438 316,1;1 496 152,6;1 669 898,1;1 840 132,4;1 998 412,7;1 660 687,4;2 308 795,5;2 678 758,7;3 330 285,3;4 032 360,6;;;;;;;;;;;;;;;;;;;;;;;;;;;;;
"Деятельность в области информации 
и связи";;;;;;;;;;;;;;;;;;;;;2 428 811,2;2 764 471,4;3 000 432,7;3 249 708,3;3 538 544,8;3 732 770,0;4 174 211,0;4 534 778,3;5 197 061,1;5 792 689,9;6 929 919,5;8 117 815,6;10 325 071,5;12 691 093,6;;;;;;;;;;;;;;;;;;;;;;;;;;;;;
Деятельность финансовая и страховая;;;;;;;;;;;;;;;;;;;;;2 846 288,3;3 491 022,6;4 045 236,4;4 355 908,5;3 945 333,3;4 801 893,2;5 104 849,1;5 734 356,5;6 160 319,1;7 016 231,7;8 804 669,7;8 529 389,0;10 796 460,6;11 249 417,7;;;;;;;;;;;;;;;;;;;;;;;;;;;;;
"Деятельность по операциям 
с недвижимым имуществом";;;;;;;;;;;;;;;;;;;;;6 956 693,0;8 171 576,8;8 702 047,4;9 091 395,2;9 698 263,2;10 136 853,0;10 827 548,8;11 650 664,2;12 612 257,9;13 305 006,7;16 738 860,3;19 252 677,1;22 000 070,2;23 466 499,0;;;;;;;;;;;;;;;;;;;;;;;;;;;;;
Деятельность профессиональная, научная и техническая;;;;;;;;;;;;;;;;;;;;;3 489 753,7;3 933 172,0;4 625 294,1;5 213 722,6;5 710 016,8;5 883 213,1;6 368 333,0;6 723 739,7;7 561 189,7;8 672 464,2;8 695 473,1;10 683 980,6;13 327 629,3;15 111 773,8;;;;;;;;;;;;;;;;;;;;;;;;;;;;;
"Деятельность административная 
и сопутствующие дополнительные услуги";;;;;;;;;;;;;;;;;;;;;1 167 896,3;1 303 588,7;1 604 025,8;1 742 457,5;2 238 333,4;2 463 075,4;2 680 648,8;2 750 924,0;3 250 767,9;3 433 772,8;4 194 623,8;4 738 548,7;5 942 065,6;6 792 346,4;;;;;;;;;;;;;;;;;;;;;;;;;;;;;
"Государственное управление 
и обеспечение военной безопасности;  социальное отрахование";;;;;;;;;;;;;;;;;;;;;5 991 022,9;7 170 531,8;8 044 483,4;8 182 750,6;8 468 248,7;9 389 806,3;10 085 354,0;10 764 870,0;10 364 504,0;11 110 552,9;12 211 866,6;15 000 073,9;18 398 367,6;22 384 907,1;;;;;;;;;;;;;;;;;;;;;;;;;;;;;
Образование;;;;;;;;;;;;;;;;;;;;;2 224 822,2;2 407 270,6;2 684 326,0;2 830 134,4;2 962 626,7;3 125 656,1;3 255 618,7;3 625 931,7;4 268 883,3;4 387 098,6;4 774 973,3;5 502 353,0;6 191 070,9;6 937 127,0;;;;;;;;;;;;;;;;;;;;;;;;;;;;;
Деятельность в области здравоохранения и социальных услуг;;;;;;;;;;;;;;;;;;;;;2 477 796,8;2 759 157,2;3 028 508,3;3 520 527,5;3 761 153,7;3 835 217,8;4 077 663,8;4 753 177,4;5 115 689,6;6 000 447,6;7 112 932,4;7 306 721,1;8 026 379,5;9 014 749,2;;;;;;;;;;;;;;;;;;;;;;;;;;;;;
"Деятельность в области культуры, спорта, организации досуга 
и развлечений";;;;;;;;;;;;;;;;;;;;;613 195,5;718 170,8;799 692,2;926 414,5;1 046 638,2;1 099 616,3;1 241 115,6;1 477 684,2;1 617 969,4;1 513 408,3;1 944 669,6;2 657 976,3;3 107 795,7;3 828 828,2;;;;;;;;;;;;;;;;;;;;;;;;;;;;;
Предоставление прочих видов услуг;;;;;;;;;;;;;;;;;;;;;394 449,9;469 054,1;522 629,0;568 066,8;678 208,1;779 104,6;874 328,6;964 952,8;1 054 928,3;1 224 152,8;1 367 891,3;1 283 964,7;1 533 249,9;1 773 630,6;;;;;;;;;;;;;;;;;;;;;;;;;;;;;
"Деятельность домашних хозяйств как работодателей; недифференцированная деятельность частных домашних хозяйств по производству товаров и оказанию услуг для собственного потребления ";;;;;;;;;;;;;;;;;;;;;338 573,0;375 849,0;406 093,2;436 077,0;482 588,4;506 278,7;503 443,1;596 881,7;523 043,4;388 120,0;380 955,1;497 226,5;601 738,9;613 623,5;;;;;;;;;;;;;;;;;;;;;;;;;;;;;
В соответствии с Общероссийским классификатором видов экономической деятельности ОК 029-2007 (Кдес Ред.1.1) ОКВЭД;;;;;;;;;;;;;;;;;;;;;;;;;;;;;;;;;;;;;;;;;;;;;;;;;;;;;;;;;;;;;;;
"Промежуточное потребление по видам экономической деятельности 
(в текущих ценах; миллионов рублей)";;;;;;;;;;;;9 409 204,9;11 653 339,2;14 631 855,6;18 502 936,2;23 246 522,8;29 267 661,3;36 418 959,6;34 285 124,3;42 014 537,4;48 948 501,1;54 055 081,0;59 147 822,2;64 016 175,3;71 304 905,0;76 317 339,4;;;;;;;;;;;;;;;;;;;;;;;;;;;;;;;;;;;;;
Сельское хозяйство, охота и лесное хозяйство;;;;;;;;;;;;554 341,8;615 957,0;711 821,1;747 430,3;874 823,4;1 058 943,2;1 333 000,8;1 388 084,8;1 571 666,4;1 825 295,0;1 838 327,8;1 982 686,0;2 189 922,0;2 615 161,8;2 947 408,4;;;;;;;;;;;;;;;;;;;;;;;;;;;;;;;;;;;;;
Рыболовство, рыбоводство;;;;;;;;;;;;36 519,2;48 101,6;49 079,2;66 574,3;74 986,2;79 502,1;88 790,5;98 908,7;91 477,6;107 827,0;119 523,5;124 815,8;137 553,0;164 185,7;172 574,7;;;;;;;;;;;;;;;;;;;;;;;;;;;;;;;;;;;;;
Добыча полезных ископаемых;;;;;;;;;;;;709 067,8;839 875,0;892 360,8;1 135 798,1;1 132 126,9;1 373 634,1;1 688 266,0;1 862 692,7;2 139 435,8;2 411 600,1;2 784 262,7;3 046 955,7;3 314 740,1;3 685 158,1;3 970 138,5;;;;;;;;;;;;;;;;;;;;;;;;;;;;;;;;;;;;;
Обрабатывающие производства;;;;;;;;;;;;3 329 079,6;4 402 344,5;5 634 453,8;7 222 454,2;9 006 969,1;11 506 326,5;14 026 442,8;11 863 872,9;15 133 072,5;18 121 415,2;19 819 691,1;21 543 362,6;23 442 883,4;26 190 565,2;28 102 336,5;;;;;;;;;;;;;;;;;;;;;;;;;;;;;;;;;;;;;
Производство и распределение электроэнергии, газа и воды;;;;;;;;;;;;589 909,2;772 432,1;916 164,8;1 126 642,8;1 458 190,3;1 765 668,3;2 075 952,4;2 338 683,5;3 009 800,1;4 130 550,8;4 172 527,1;4 677 009,6;4 994 254,1;5 024 381,5;5 465 639,3;;;;;;;;;;;;;;;;;;;;;;;;;;;;;;;;;;;;;
Строительство;;;;;;;;;;;;545 421,7;758 095,8;939 224,1;1 189 016,2;1 648 876,8;2 303 578,9;3 092 445,2;2 804 855,1;3 203 509,5;3 852 089,9;4 313 197,9;4 508 221,7;4 677 150,2;5 243 310,9;5 761 250,2;;;;;;;;;;;;;;;;;;;;;;;;;;;;;;;;;;;;;
"Оптовая и розничная торговля; ремонт автотранспортных средств, мотоциклов, бытовых изделий и предметов личного пользования";;;;;;;;;;;;930 257,2;1 030 145,2;1 661 093,6;2 044 988,0;2 716 136,4;3 395 486,0;4 059 053,2;3 762 204,1;4 962 333,4;5 122 478,3;5 780 939,6;6 503 386,4;7 328 355,6;8 342 252,0;8 249 680,6;;;;;;;;;;;;;;;;;;;;;;;;;;;;;;;;;;;;;
Гостиницы и рестораны;;;;;;;;;;;;62 459,3;80 427,9;107 884,4;148 231,9;206 117,4;262 056,9;350 413,7;353 362,3;444 091,3;473 268,1;575 847,7;625 078,0;687 816,7;771 887,0;793 583,8;;;;;;;;;;;;;;;;;;;;;;;;;;;;;;;;;;;;;
Транспорт и связь;;;;;;;;;;;;878 352,1;977 632,9;1 147 566,4;1 550 657,8;2 065 280,8;2 347 270,9;3 167 172,0;3 160 790,3;3 623 628,2;4 448 778,0;5 121 812,8;5 513 148,7;5 955 642,8;6 870 060,4;7 300 806,4;;;;;;;;;;;;;;;;;;;;;;;;;;;;;;;;;;;;;
Финансовая деятельность;;;;;;;;;;;;130 590,5;160 826,4;218 060,1;275 069,5;357 255,5;483 174,4;665 916,5;665 990,2;715 748,9;905 208,4;1 032 982,4;1 179 655,0;1 269 357,7;1 282 148,7;1 403 571,2;;;;;;;;;;;;;;;;;;;;;;;;;;;;;;;;;;;;;
Операции с недвижимым имуществом, аренда и предоставление услуг;;;;;;;;;;;;562 169,4;660 641,8;814 123,6;1 064 831,4;1 296 680,2;1 760 130,3;2 149 090,7;2 290 543,4;2 894 756,6;3 011 753,0;3 485 624,4;4 139 737,8;4 647 417,9;5 397 652,1;5 773 891,4;;;;;;;;;;;;;;;;;;;;;;;;;;;;;;;;;;;;;
"Государственное управление 
и обеспечение военной безопасности; социальное страхование";;;;;;;;;;;;614 893,0;724 707,2;843 118,4;1 029 305,8;1 328 618,7;1 563 889,1;2 012 753,8;2 039 585,8;2 292 495,8;2 359 215,2;2 615 378,2;2 843 161,8;2 649 657,4;2 722 585,2;3 249 768,5;;;;;;;;;;;;;;;;;;;;;;;;;;;;;;;;;;;;;
Образование;;;;;;;;;;;;108 849,1;140 311,9;161 935,6;212 323,6;266 775,5;348 979,5;428 303,1;400 135,1;457 426,1;512 112,3;468 436,9;495 907,7;480 653,6;492 957,6;479 187,5;;;;;;;;;;;;;;;;;;;;;;;;;;;;;;;;;;;;;
Здравоохранение и предоставление социальных услуг;;;;;;;;;;;;220 706,2;253 616,5;318 879,2;430 375,8;496 795,0;608 740,2;781 317,8;797 243,8;894 196,7;1 043 720,2;1 222 039,6;1 203 602,7;1 372 099,0;1 548 462,2;1 597 535,9;;;;;;;;;;;;;;;;;;;;;;;;;;;;;;;;;;;;;
Предоставление прочих коммунальных, социальных и персональных услуг;;;;;;;;;;;;136 588,8;188 223,4;216 090,5;259 236,7;316 890,5;410 280,7;500 041,2;458 171,5;580 872,5;623 189,6;704 489,2;761 092,7;868 671,8;954 136,7;1 049 966,7;;;;;;;;;;;;;;;;;;;;;;;;;;;;;;;;;;;;;
Деятельность домашних хозяйств;;;;;;;;;;;;;;;;;;;;25,9;0,0;0,0;0,0;0,0;0,0;0,0;;;;;;;;;;;;;;;;;;;;;;;;;;;;;;;;;;;;;
В соответствии с Общероссийским классификатором видов экономической деятельности ОК 029-2014 (КДЕС Ред.2) ОКВЭД2;;;;;;;;;;;;;;;;;;;;;;;;;;;;;;;;;;;;;;;;;;;;;;;;;;;;;;;;;;;;;;;
"Промежуточное потребление по отраслям экономики (в текущих ценах; миллионов рублей)";;;;;;;;;;;;;;;;;;;;;100 864 092,3;54 055 081,0;59 147 822,2;64 016 175,3;71 304 905,0;76 317 339,4;83 158 982,9;93 115 751,0;98 245 969,6;100 616 282,1;126 058 875,0;136 517 272,5;158 515 534,6;180 641 531,6;;;;;;;;;;;;;;;;;;;;;;;;;;;;;
Сельское, лесное хозяйство, охота, рыболовство и рыбоводство;;;;;;;;;;;;;;;;;;;;;1 933 122,0;1 957 851,3;2 107 501,9;2 327 475,0;2 779 347,5;3 105 023,6;3 191 110,6;3 389 174,6;3 680 507,7;3 938 049,0;5 040 798,2;5 652 409,9;5 762 101,9;6 107 891,6;;;;;;;;;;;;;;;;;;;;;;;;;;;;;
Добыча полезных ископаемых;;;;;;;;;;;;;;;;;;;;;2 397 766,7;2 768 981,9;3 024 545,2;3 288 328,4;3 658 276,7;3 945 996,6;4 483 700,9;5 165 195,7;5 282 588,3;5 177 234,9;7 293 090,3;8 392 696,7;8 669 036,9;9 976 068,9;;;;;;;;;;;;;;;;;;;;;;;;;;;;;
Обрабатывающие производства;;;;;;;;;;;;;;;;;;;;;17 904 587,0;19 585 069,4;21 280 159,4;23 146 152,2;25 806 769,3;27 762 954,8;30 242 405,0;35 200 050,7;37 139 740,6;36 839 375,2;48 898 517,3;50 467 834,5;57 537 250,7;67 042 811,3;;;;;;;;;;;;;;;;;;;;;;;;;;;;;
"Обеспечение электрической энергией, газом и паром; кондиционирование воздуха";;;;;;;;;;;;;;;;;;;;;4 015 588,3;4 039 383,3;4 541 473,5;4 859 149,3;4 877 460,0;5 308 141,9;5 512 106,8;5 936 705,5;6 152 139,4;6 163 041,7;6 797 330,2;6 946 678,3;7 693 648,3;8 310 684,7;;;;;;;;;;;;;;;;;;;;;;;;;;;;;
"Водоснабжение; воотведение, организация сбора и утилизации отходов, деятельность по ликвидации загрязнений";;;;;;;;;;;;;;;;;;;;;367 354,6;403 498,0;454 193,1;503 007,3;588 654,2;534 033,7;632 558,9;769 481,5;857 677,1;1 093 748,8;1 470 340,1;1 390 928,9;1 615 753,9;1 780 922,1;;;;;;;;;;;;;;;;;;;;;;;;;;;;;
Строительство;;;;;;;;;;;;;;;;;;;;;3 852 089,9;4 313 197,9;4 508 221,7;4 677 150,2;5 243 310,9;5 761 250,2;6 378 547,4;6 961 077,8;7 213 028,3;7 349 172,7;8 800 189,2;10 183 015,7;12 208 984,8;13 980 569,4;;;;;;;;;;;;;;;;;;;;;;;;;;;;;
"Торговля оптовая и розничная; ремонт автотранспортных средств и мотоциклов";;;;;;;;;;;;;;;;;;;;;5 101 810,1;5 756 644,3;6 475 678,3;7 298 932,2;8 312 654,5;8 218 519,7;8 899 770,2;9 272 831,7;9 620 983,9;9 991 906,4;11 890 678,0;13 829 063,6;16 608 059,7;18 930 794,5;;;;;;;;;;;;;;;;;;;;;;;;;;;;;
Транспортировка и храние;;;;;;;;;;;;;;;;;;;;;3 738 140,1;4 355 345,6;4 649 997,0;5 078 068,0;5 919 253,8;6 317 062,6;6 904 486,1;7 807 753,5;8 471 109,2;8 148 003,9;9 751 133,1;10 836 382,6;13 665 142,3;15 745 874,7;;;;;;;;;;;;;;;;;;;;;;;;;;;;;
Деятельность гостиниц и предприятий общественного питания;;;;;;;;;;;;;;;;;;;;;473 268,1;575 847,7;625 078,0;687 816,7;771 887,0;793 483,2;925 196,9;1 002 976,0;1 079 214,0;963 437,4;1 289 248,0;1 472 534,9;1 879 874,9;2 261 580,9;;;;;;;;;;;;;;;;;;;;;;;;;;;;;
"Деятельность в области информации 
и связи";;;;;;;;;;;;;;;;;;;;;1 084 933,9;1 172 845,8;1 339 003,3;1 520 153,3;1 662 910,3;1 779 323,7;2 030 603,0;2 225 406,5;2 589 630,0;2 894 387,9;3 474 298,7;4 007 748,7;5 192 574,7;6 269 185,7;;;;;;;;;;;;;;;;;;;;;;;;;;;;;
Деятельность финансовая и страховая;;;;;;;;;;;;;;;;;;;;;905 208,4;1 032 982,4;1 179 655,0;1 269 357,7;1 282 148,7;1 403 571,2;1 485 831,4;1 697 558,5;1 909 657,9;1 966 333,6;2 487 193,3;2 430 574,6;2 624 359,4;3 208 039,7;;;;;;;;;;;;;;;;;;;;;;;;;;;;;
"Деятельность по операциям 
с недвижимым имуществом";;;;;;;;;;;;;;;;;;;;;1 177 507,0;1 423 662,9;1 713 604,7;1 781 284,8;2 128 990,3;2 287 202,4;2 561 866,2;2 828 256,7;2 978 365,8;3 281 717,5;4 118 219,2;4 086 385,2;4 890 066,7;4 085 410,5;;;;;;;;;;;;;;;;;;;;;;;;;;;;;
Деятельность профессиональная, научная и техническая;;;;;;;;;;;;;;;;;;;;;1 423 889,3;1 617 569,3;1 866 024,7;2 159 969,3;2 386 285,5;2 451 423,9;2 647 689,6;2 892 419,7;3 151 476,2;3 828 223,9;3 908 938,1;4 437 328,9;5 699 721,7;6 446 536,1;;;;;;;;;;;;;;;;;;;;;;;;;;;;;
"Деятельность административная 
и сопутствующие дополнительные услуги";;;;;;;;;;;;;;;;;;;;;261 874,2;280 425,4;344 710,4;342 163,9;479 320,6;597 363,8;700 572,1;785 332,8;1 097 774,2;1 199 902,2;1 560 768,5;1 653 839,4;2 229 345,8;2 559 736,5;;;;;;;;;;;;;;;;;;;;;;;;;;;;;
"Государственное управление 
и обеспечение военной безопасности;  социальное отрахование";;;;;;;;;;;;;;;;;;;;;2 359 215,2;2 615 378,2;2 843 161,8;2 649 657,4;2 722 585,2;3 249 768,5;3 630 143,6;3 840 593,7;3 199 057,6;3 356 439,0;3 865 018,1;4 846 111,6;5 450 593,9;6 349 967,3;;;;;;;;;;;;;;;;;;;;;;;;;;;;;
Образование;;;;;;;;;;;;;;;;;;;;;615 657,1;612 530,9;642 352,5;629 061,3;649 780,9;682 791,2;628 411,4;686 944,9;989 264,5;971 515,4;1 146 678,6;1 369 887,4;1 584 857,2;1 640 117,7;;;;;;;;;;;;;;;;;;;;;;;;;;;;;
Деятельность в области здравоохранения и социальных услуг;;;;;;;;;;;;;;;;;;;;;934 444,6;1 071 745,9;1 050 698,2;1 211 790,2;1 382 672,3;1 386 104,2;1 467 028,7;1 660 611,0;1 733 262,2;2 150 982,1;2 707 880,1;2 772 271,9;3 047 663,6;3 310 444,3;;;;;;;;;;;;;;;;;;;;;;;;;;;;;
"Деятельность в области культуры, спорта, организации досуга 
и развлечений";;;;;;;;;;;;;;;;;;;;;225 968,6;268 252,6;286 946,8;342 373,9;377 452,9;411 598,5;463 630,8;577 311,6;637 920,1;604 772,5;802 270,3;1 108 663,7;1 367 143,8;1 705 620,7;;;;;;;;;;;;;;;;;;;;;;;;;;;;;
Предоставление прочих видов услуг;;;;;;;;;;;;;;;;;;;;;176 075,8;203 868,2;214 816,8;244 284,2;275 144,5;321 725,5;373 323,2;416 068,8;462 572,7;698 038,1;756 285,8;632 916,0;789 354,5;929 274,8;;;;;;;;;;;;;;;;;;;;;;;;;;;;;
"Деятельность домашних хозяйств 
как работодателей; недифференцированная деятельность частных домашних хозяйств 
по производству товаров и оказанию услуг для собственного потребления ";;;;;;;;;;;;;;;;;;;;;0,0;0,0;0,0;0,0;0,0;0,0;0,0;0,0;0,0;0,0;0,0;0,0;0,0;0,0;;;;;;;;;;;;;;;;;;;;;;;;;;;;;
"Валовый внутренний продукт и валовая добавленная стоимость по видам экономической деятельности 
(в текущих ценах; миллионов рублей)";;;;;;;;;;;;;;;;;;;;;;;;;;;;;;;;;;;;;;;;;;;;;;;;;;;;;;;;;;;;;;;
В соответствии с Общероссийским классификатором видов экономической деятельности ОК 029-2007 (Кдес Ред.1.1) ОКВЭД;;;;;;;;;;;;;;;;;;;;;;;;;;;;;;;;;;;;;;;;;;;;;;;;;;;;;;;;;;;;;;;
Валовый внутренний продукт в рыночных ценах;;;;;;;;;;;;10 830 535,1;13 208 233,8;17 027 190,9;21 609 765,5;26 917 201,4;33 247 513,2;41 276 849,2;38 807 218,6;46 308 541,2;60 114 000,8;68 103 449,6;72 985 701,1;79 030 040,1;83 087 360,1;85 616 083,8;;;;;;;;;;;;;;;;;;;;;;;;;;;;;;;;;;;;;
   в том числе:;;;;;;;;;;;;;;;;;;;;;;;;;;;;;;;;;;;;;;;;;;;;;;;;;;;;;;;;;;;;;;;
   Валовая добавленная стоимость                                                                                                                 ;;;;;;;;;;;;;;;;;;;;;;;;;;;;;;;;;;;;;;;;;;;;;;;;;;;;;;;;;;;;;;;
   в основных ценах;;;;;;;;;;;;9 581 293,7;11 619 750,3;14 858 767,0;18 517 665,8;22 977 343,7;28 484 471,2;35 182 698,3;33 831 323,8;40 040 077,5;51 915 591,2;58 935 692,0;63 721 255,9;68 737 894,0;74 620 507,7;77 077 133,3;;;;;;;;;;;;;;;;;;;;;;;;;;;;;;;;;;;;;
Сельское хозяйство, охота и лесное хозяйство;;;;;;;;;;;;573 759,0;667 431,3;773 360,2;864 182,9;981 285,0;1 194 778,7;1 486 574,6;1 504 421,2;1 451 533,0;1 797 496,6;1 884 869,7;2 066 802,8;2 519 507,8;3 017 659,5;3 056 071,2;;;;;;;;;;;;;;;;;;;;;;;;;;;;;;;;;;;;;
Рыболовство, рыбоводство;;;;;;;;;;;;29 035,6;59 410,7;61 728,5;55 510,5;58 072,3;61 612,2;62 686,4;80 639,8;96 977,5;96 530,7;107 856,8;118 097,5;136 378,7;200 402,3;224 761,2;;;;;;;;;;;;;;;;;;;;;;;;;;;;;;;;;;;;;
Добыча полезных ископаемых;;;;;;;;;;;;638 429,9;769 800,6;1 411 646,9;2 064 287,3;2 509 445,8;2 865 527,8;3 284 626,2;2 885 404,4;3 842 812,3;4 949 522,4;5 568 593,4;5 921 002,9;6 244 828,5;7 293 558,1;7 440 417,4;;;;;;;;;;;;;;;;;;;;;;;;;;;;;;;;;;;;;
Обрабатывающие производства;;;;;;;;;;;;1 645 526,0;1 897 671,2;2 590 943,7;3 388 459,6;4 115 970,5;5 025 239,4;6 163 935,8;5 005 344,0;5 934 657,4;6 975 642,2;7 892 047,9;8 184 058,2;9 096 930,5;10 467 829,5;10 157 629,2;;;;;;;;;;;;;;;;;;;;;;;;;;;;;;;;;;;;;
Производство и распределение электроэнергии, газа и воды;;;;;;;;;;;;349 452,9;414 074,4;548 339,3;608 407,7;726 981,6;855 885,0;1 033 967,4;1 388 737,4;1 527 088,2;1 745 606,8;1 808 070,2;1 956 026,6;1 997 528,2;2 243 888,9;2 441 790,2;;;;;;;;;;;;;;;;;;;;;;;;;;;;;;;;;;;;;
Строительство;;;;;;;;;;;;513 543,8;703 026,9;847 068,0;989 945,9;1 201 958,8;1 633 900,0;2 225 325,3;2 101 483,6;2 587 813,8;3 957 090,8;4 518 179,6;4 470 242,4;4 676 711,6;4 722 258,1;4 899 595,6;;;;;;;;;;;;;;;;;;;;;;;;;;;;;;;;;;;;;
"Оптовая и розничная торговля; ремонт автотранспортных средств, мотоциклов, бытовых изделий и предметов личного пользования";;;;;;;;;;;;2 192 637,2;2 572 220,8;3 012 190,3;3 610 458,8;4 673 587,1;5 744 982,7;7 137 727,6;6 060 515,7;8 020 973,1;9 077 927,0;9 908 101,5;10 350 753,0;11 192 852,0;11 855 380,5;11 347 273,2;;;;;;;;;;;;;;;;;;;;;;;;;;;;;;;;;;;;;
Гостиницы и рестораны;;;;;;;;;;;;88 014,9;93 880,4;139 863,8;167 792,0;206 723,7;286 295,3;357 969,4;343 665,5;403 275,9;467 273,5;532 154,9;556 289,1;606 693,4;666 429,1;702 568,8;;;;;;;;;;;;;;;;;;;;;;;;;;;;;;;;;;;;;
Транспорт и связь;;;;;;;;;;;;978 684,7;1 244 179,9;1 642 431,2;1 897 007,0;2 247 596,2;2 750 889,4;3 258 280,4;3 249 641,5;3 662 464,2;3 950 906,8;4 484 413,7;5 144 726,7;5 401 723,7;6 033 747,4;6 636 530,8;;;;;;;;;;;;;;;;;;;;;;;;;;;;;;;;;;;;;
Финансовая деятельность;;;;;;;;;;;;280 305,8;388 011,7;474 141,7;701 152,5;977 167,7;1 253 760,0;1 537 849,7;1 707 153,1;1 773 509,4;1 941 079,9;2 458 040,2;2 865 581,5;3 086 550,8;2 663 184,7;3 398 322,0;;;;;;;;;;;;;;;;;;;;;;;;;;;;;;;;;;;;;
Операции с недвижимым имуществом, аренда и предоставление услуг;;;;;;;;;;;;1 019 756,2;1 246 748,8;1 408 026,3;1 828 781,6;2 287 577,6;3 102 833,0;3 959 385,1;4 220 603,0;4 901 519,6;9 000 340,3;10 432 382,5;11 409 630,8;12 166 741,2;13 239 519,1;13 854 324,1;;;;;;;;;;;;;;;;;;;;;;;;;;;;;;;;;;;;;
"Государственное управление 
и обеспечение военной безопасности; социальное страхование";;;;;;;;;;;;488 727,7;651 288,8;802 513,8;959 089,9;1 189 163,1;1 466 357,0;1 884 401,2;2 203 213,3;2 423 548,6;3 631 807,6;4 555 153,6;5 201 321,6;5 533 093,3;5 745 663,5;6 140 037,8;;;;;;;;;;;;;;;;;;;;;;;;;;;;;;;;;;;;;
Образование;;;;;;;;;;;;279 973,0;317 927,7;400 122,4;493 205,6;619 292,8;769 859,3;970 664,4;1 134 212,2;1 225 967,2;1 401 235,4;1 534 607,6;1 730 037,5;1 857 974,9;1 927 529,8;1 995 455,4;;;;;;;;;;;;;;;;;;;;;;;;;;;;;;;;;;;;;
Здравоохранение и предоставление социальных услуг;;;;;;;;;;;;321 453,0;375 869,8;472 581,2;564 654,7;765 453,1;950 478,7;1 197 843,0;1 360 339,1;1 487 303,4;1 761 777,5;1 960 073,4;2 303 262,7;2 665 673,0;2 782 074,1;2 920 183,0;;;;;;;;;;;;;;;;;;;;;;;;;;;;;;;;;;;;;
"Предоставление прочих коммунальных, социальных 
и персональных услуг";;;;;;;;;;;;181 993,8;218 207,3;273 809,7;324 729,5;417 068,4;522 072,8;621 461,7;585 950,1;700 587,3;822 780,7;915 298,1;1 037 329,6;1 118 629,5;1 278 794,8;1 355 894,9;;;;;;;;;;;;;;;;;;;;;;;;;;;;;;;;;;;;;
Деятельность домашних хозяйств;;;;;;;;;;;;;;;;;;;;46,6;338 573,0;375 849,0;406 093,2;436 077,0;482 588,4;506 278,7;;;;;;;;;;;;;;;;;;;;;;;;;;;;;;;;;;;;;
Налоги на продукты;;;;;;;;;;;;1 415 153,1;1 775 123,2;2 352 124,6;3 248 224,8;4 090 102,5;4 977 558,7;6 323 848,4;5 202 132,9;6 462 567,9;8 413 321,9;9 411 798,2;9 510 857,9;10 550 847,9;8 738 499,6;8 817 205,9;;;;;;;;;;;;;;;;;;;;;;;;;;;;;;;;;;;;;
Субсидии на продукты (-);;;;;;;;;;;;165 911,6;186 639,7;183 700,7;156 125,1;150 244,8;214 516,7;229 697,6;226 238,1;194 104,2;214 912,3;244 040,6;246 412,7;258 701,8;271 647,2;278 255,4;;;;;;;;;;;;;;;;;;;;;;;;;;;;;;;;;;;;;
В соответствии с Общероссийским классификатором видов экономической деятельности ОК 029-2014 (КДЕС Ред.2) ОКВЭД2;;;;;;;;;;;;;;;;;;;;;;;;;;;;;;;;;;;;;;;;;;;;;;;;;;;;;;;;;;;;;;;
Валовый внутренний продукт в рыночных ценах;;;;;;;;;;;;;;;;;;;;;60 114 000,8;68 103 449,6;72 985 701,1;79 030 040,1;83 087 360,1;85 616 083,8;91 843 154,2;103 861 651,1;109 608 305,7;107 658 131,0;134 727 467,4;156 940 923,2;176 413 587,1;201 152 092,2;;;;;;;;;;;;;;;;;;;;;;;;;;;;;
   в том числе:;;;;;;;;;;;;;;;;;;;;;;;;;;;;;;;;;;;;;;;;;;;;;;;;;;;;;;;;;;;;;;;
   Валовая добавленная стоимость                                                                                                                 ;;;;;;;;;;;;;;;;;;;;;;;;;;;;;;;;;;;;;;;;;;;;;;;;;;;;;;;;;;;;;;;
   в основных ценах;;;;;;;;;;;;;;;;;;;;;51 915 591,2;58 935 692,0;63 721 255,9;68 737 894,0;74 620 507,7;77 077 133,3;82 897 394,4;92 828 842,3;98 487 160,2;96 996 093,0;120 800 762,1;142 471 670,3;158 976 571,2;183 026 914,8;;;;;;;;;;;;;;;;;;;;;;;;;;;;;
Сельское, лесное хозяйство, охота, рыболовство и рыбоводство;;;;;;;;;;;;;;;;;;;;;1 894 027,3;1 992 726,5;2 184 900,3;2 655 886,5;3 218 061,8;3 287 844,3;3 263 769,4;3 525 329,3;3 869 505,0;4 313 162,0;4 946 604,9;5 367 840,3;5 243 428,0;5 518 753,4;;;;;;;;;;;;;;;;;;;;;;;;;;;;;
Добыча полезных ископаемых;;;;;;;;;;;;;;;;;;;;;4 943 532,1;5 563 397,1;5 910 711,7;6 231 450,8;7 275 803,5;7 423 112,8;9 028 546,5;12 409 586,6;12 622 497,2;9 192 344,0;16 012 400,7;18 959 518,5;18 775 079,4;21 493 896,7;;;;;;;;;;;;;;;;;;;;;;;;;;;;;
Обрабатывающие производства;;;;;;;;;;;;;;;;;;;;;6 895 637,1;7 774 197,5;8 070 252,4;8 958 509,2;10 288 728,4;10 017 322,7;11 308 443,9;13 314 948,7;14 215 327,6;14 429 214,6;17 693 311,5;20 781 387,6;22 486 486,1;26 660 009,5;;;;;;;;;;;;;;;;;;;;;;;;;;;;;
"Обеспечение электрической энергией, газом и паром; кондиционирование воздуха";;;;;;;;;;;;;;;;;;;;;1 631 655,5;1 670 004,5;1 809 976,6;1 845 692,7;2 076 843,9;2 258 180,9;2 403 363,4;2 456 669,6;2 564 060,8;2 575 736,2;2 817 583,9;3 155 183,7;3 468 918,6;3 785 647,7;;;;;;;;;;;;;;;;;;;;;;;;;;;;;
"Водоснабжение; воотведение, организация сбора и утилизации отходов, деятельность по ликвидации загрязнений";;;;;;;;;;;;;;;;;;;;;253 769,4;294 263,9;314 426,6;361 921,5;391 476,0;379 347,9;432 672,6;474 222,1;497 082,4;517 607,4;680 374,0;742 771,7;828 915,2;930 723,6;;;;;;;;;;;;;;;;;;;;;;;;;;;;;
Строительство;;;;;;;;;;;;;;;;;;;;;3 957 090,8;4 518 179,6;4 470 242,4;4 676 711,6;4 722 258,1;4 899 595,6;4 998 310,9;5 156 020,4;5 340 643,9;5 277 989,4;5 620 801,5;6 943 423,4;8 084 678,8;8 923 912,1;;;;;;;;;;;;;;;;;;;;;;;;;;;;;
"Торговля оптовая и розничная; ремонт автотранспортных средств 
и мотоциклов";;;;;;;;;;;;;;;;;;;;;9 047 398,4;9 875 190,8;10 313 292,7;11 153 348,1;11 812 146,8;11 301 783,3;11 697 254,1;12 534 860,6;12 737 848,5;11 816 861,4;16 150 963,5;19 807 220,2;20 372 579,9;23 931 559,5;;;;;;;;;;;;;;;;;;;;;;;;;;;;;
Транспортировка и храние;;;;;;;;;;;;;;;;;;;;;3 060 679,0;3 450 974,0;4 109 369,8;4 280 613,3;4 986 096,0;5 624 665,3;5 816 317,8;6 152 592,1;6 743 363,5;6 284 294,4;7 529 890,6;9 283 102,1;10 891 856,2;12 651 969,9;;;;;;;;;;;;;;;;;;;;;;;;;;;;;
"Деятельность гостиниц 
и предприятий общественного питания";;;;;;;;;;;;;;;;;;;;;467 273,5;532 154,9;556 289,1;606 693,4;666 429,1;702 669,4;744 701,2;837 156,4;919 198,7;697 250,0;1 019 547,5;1 206 223,8;1 450 410,4;1 770 779,7;;;;;;;;;;;;;;;;;;;;;;;;;;;;;
Деятельность в области информации и связи;;;;;;;;;;;;;;;;;;;;;1 343 877,3;1 591 625,7;1 661 429,4;1 729 555,0;1 875 634,5;1 953 446,3;2 143 607,9;2 309 371,8;2 607 431,1;2 898 302,1;3 455 620,8;4 110 066,9;5 132 496,8;6 421 908,0;;;;;;;;;;;;;;;;;;;;;;;;;;;;;
"Деятельность финансовая 
и страховая";;;;;;;;;;;;;;;;;;;;;1 941 079,9;2 458 040,2;2 865 581,5;3 086 550,8;2 663 184,7;3 398 322,0;3 619 017,7;4 036 798,1;4 250 661,2;5 049 898,1;6 317 476,3;6 098 814,4;8 172 101,3;8 041 377,9;;;;;;;;;;;;;;;;;;;;;;;;;;;;;
"Деятельность по операциям 
с недвижимым имуществом";;;;;;;;;;;;;;;;;;;;;5 779 185,9;6 747 913,8;6 988 442,8;7 310 110,3;7 569 272,9;7 849 650,6;8 265 682,7;8 822 407,5;9 633 892,1;10 023 289,2;12 620 641,1;15 166 291,9;17 110 003,5;19 381 088,5;;;;;;;;;;;;;;;;;;;;;;;;;;;;;
Деятельность профессиональная, научная и техническая;;;;;;;;;;;;;;;;;;;;;2 065 864,4;2 315 602,7;2 759 269,4;3 053 753,3;3 323 731,4;3 431 789,1;3 720 643,4;3 831 320,1;4 409 713,4;4 844 240,3;4 786 535,0;6 246 651,7;7 627 907,6;8 665 237,7;;;;;;;;;;;;;;;;;;;;;;;;;;;;;
"Деятельность административная 
и сопутствующие дополнительные услуги";;;;;;;;;;;;;;;;;;;;;906 022,0;1 023 163,3;1 259 315,4;1 400 293,6;1 759 012,8;1 865 711,6;1 980 076,7;1 965 591,3;2 152 993,7;2 233 870,6;2 633 855,2;3 084 709,4;3 712 719,8;4 232 609,9;;;;;;;;;;;;;;;;;;;;;;;;;;;;;
"Государственное управление 
и обеспечение военной безопасности;  социальное отрахование";;;;;;;;;;;;;;;;;;;;;3 631 807,6;4 555 153,6;5 201 321,6;5 533 093,3;5 745 663,5;6 140 037,8;6 455 210,4;6 924 276,4;7 165 446,5;7 754 113,8;8 346 848,5;10 153 962,4;12 947 773,7;16 034 939,8;;;;;;;;;;;;;;;;;;;;;;;;;;;;;
Образование;;;;;;;;;;;;;;;;;;;;;1 609 165,1;1 794 739,6;2 041 973,4;2 201 073,0;2 312 845,8;2 442 864,9;2 627 207,3;2 938 986,8;3 279 618,8;3 415 583,2;3 628 294,7;4 132 465,6;4 606 213,7;5 297 009,2;;;;;;;;;;;;;;;;;;;;;;;;;;;;;
Деятельность в области здравоохранения и социальных услуг;;;;;;;;;;;;;;;;;;;;;1 543 352,2;1 687 411,2;1 977 810,0;2 308 737,4;2 378 481,4;2 449 113,5;2 610 635,1;3 092 566,4;3 382 427,4;3 849 465,5;4 405 052,3;4 534 449,2;4 978 715,9;5 704 304,9;;;;;;;;;;;;;;;;;;;;;;;;;;;;;
Деятельность в области культуры, спорта, организации досуга и развлечений;;;;;;;;;;;;;;;;;;;;;387 226,8;449 918,2;512 745,5;584 040,6;669 185,3;688 017,8;777 484,8;900 372,6;980 049,3;908 635,8;1 142 399,3;1 549 312,6;1 740 651,9;2 123 207,4;;;;;;;;;;;;;;;;;;;;;;;;;;;;;
Предоставление прочих видов услуг;;;;;;;;;;;;;;;;;;;;;218 374,1;265 185,9;307 812,2;323 782,7;403 063,6;457 379,0;501 005,4;548 884,0;592 355,6;526 114,7;611 605,5;651 048,7;743 895,4;844 355,8;;;;;;;;;;;;;;;;;;;;;;;;;;;;;
"Деятельность домашних хозяйств как работодателей; недифференцированная деятельность частных домашних хозяйств по производству товаров 
и оказанию услуг для собственного потребления ";;;;;;;;;;;;;;;;;;;;;338 573,0;375 849,0;406 093,2;436 077,0;482 588,4;506 278,7;503 443,1;596 881,7;523 043,4;388 120,0;380 955,1;497 226,5;601 738,9;613 623,5;;;;;;;;;;;;;;;;;;;;;;;;;;;;;
Налоги на продукты;;;;;;;;;;;;;;;;;;;;;8 413 321,9;9 411 798,2;9 510 857,9;10 550 847,9;8 738 499,6;8 817 205,9;9 264 512,5;11 341 881,2;11 623 598,1;11 399 889,6;15 289 528,8;15 824 664,5;18 905 089,2;19 756 177,8;;;;;;;;;;;;;;;;;;;;;;;;;;;;;
Субсидии на продукты (-);;;;;;;;;;;;;;;;;;;;;214 912,3;244 040,6;246 412,7;258 701,8;271 647,2;278 255,4;318 752,7;309 072,5;502 452,5;737 851,6;1 362 823,5;1 355 411,7;1 468 073,3;1 631 000,5;;;;;;;;;;;;;;;;;;;;;;;;;;;;;
"Индексы физического объема выпуска товаров и услуг по видам экономической деятельности (в процентах 
к предыдущему году)";;;;;;;;;;;;;;;;;;;;;;;;;;;;;;;;;;;;;;;;;;;;;;;;;;;;;;;;;;;;;;;
В соответствии с Общероссийским классификатором видов экономической деятельности ОК 029-2007 (Кдес Ред.1.1) ОКВЭД;;;;;;;;;;;;;;;;;;;;;;;;;;;;;;;;;;;;;;;;;;;;;;;;;;;;;;;;;;;;;;;
Сельское хозяйство, охота и лесное хозяйство;;;;;;;;;;;;;101,4;102,6;100,6;104,1;102,3;108,8;100,9;91,2;…;95,6;104,4;104,3;103,8;104,1;;;;;;;;;;;;;;;;;;;;;;;;;;;;;;;;;;;;;
Рыболовство, рыбоводство;;;;;;;;;;;;;105,0;100,2;106,5;104,8;102,9;94,1;106,2;91,8;…;104,1;104,7;96,1;103,0;99,0;;;;;;;;;;;;;;;;;;;;;;;;;;;;;;;;;;;;;
Добыча полезных ископаемых;;;;;;;;;;;;;109,2;108,0;101,7;96,4;97,3;101,2;98,2;106,5;…;102,7;101,4;103,1;101,7;102,2;;;;;;;;;;;;;;;;;;;;;;;;;;;;;;;;;;;;;
Обрабатывающие производства;;;;;;;;;;;;;108,1;109,7;104,6;107,8;109,0;99,7;86,1;108,6;…;104,5;101,1;101,2;99,2;102,5;;;;;;;;;;;;;;;;;;;;;;;;;;;;;;;;;;;;;
Производство и распределение электроэнергии, газа и воды;;;;;;;;;;;;;103,5;102,0;101,2;106,0;98,0;100,1;98,3;103,9;…;100,7;97,6;101,2;99,2;101,9;;;;;;;;;;;;;;;;;;;;;;;;;;;;;;;;;;;;;
Строительство;;;;;;;;;;;;;113,9;109,9;110,4;118,2;116,0;113,6;87,7;104,8;…;101,8;100,1;97,7;101,6;101,9;;;;;;;;;;;;;;;;;;;;;;;;;;;;;;;;;;;;;
"Оптовая и розничная торговля; ремонт автотранспортных средств, мотоциклов, бытовых изделий и предметов личного пользования";;;;;;;;;;;;;111,3;112,7;109,7;115,7;112,2;110,1;95,4;105,8;…;104,9;101,4;101,4;94,9;96,1;;;;;;;;;;;;;;;;;;;;;;;;;;;;;;;;;;;;;
Гостиницы и рестораны;;;;;;;;;;;;;103,9;106,1;112,9;110,5;115,3;111,1;86,5;104,6;…;107,3;102,3;101,0;100,1;95,4;;;;;;;;;;;;;;;;;;;;;;;;;;;;;;;;;;;;;
Транспорт и связь;;;;;;;;;;;;;107,9;110,7;107,0;113,3;106,2;106,6;91,7;105,6;…;104,9;101,3;101,2;99,6;100,3;;;;;;;;;;;;;;;;;;;;;;;;;;;;;;;;;;;;;
Финансовая деятельность;;;;;;;;;;;;;123,3;115,7;120,5;125,0;124,8;113,7;98,4;101,8;…;114,2;106,1;102,2;92,4;108,4;;;;;;;;;;;;;;;;;;;;;;;;;;;;;;;;;;;;;
Операции с недвижимым имуществом, аренда и предоставление услуг;;;;;;;;;;;;;104,5;101,7;111,5;109,1;121,0;110,2;95,2;108,4;…;105,9;106,5;102,5;101,4;100,0;;;;;;;;;;;;;;;;;;;;;;;;;;;;;;;;;;;;;
"Государственное управление 
и обеспечение военной безопасности; социальное страхование";;;;;;;;;;;;;103,1;103,6;97,4;102,8;103,7;102,8;99,2;99,8;…;104,2;101,1;95,7;94,5;103,6;;;;;;;;;;;;;;;;;;;;;;;;;;;;;;;;;;;;;
Образование;;;;;;;;;;;;;102,6;100,4;100,5;100,6;101,2;100,0;98,6;98,2;…;96,1;98,2;101,1;99,3;99,3;;;;;;;;;;;;;;;;;;;;;;;;;;;;;;;;;;;;;
Здравоохранение и предоставление социальных услуг;;;;;;;;;;;;;100,3;101,0;101,3;101,4;101,3;101,0;99,7;100,6;…;102,0;100,6;103,3;100,9;99,2;;;;;;;;;;;;;;;;;;;;;;;;;;;;;;;;;;;;;
Предоставление прочих коммунальных, социальных и персональных услуг;;;;;;;;;;;;;103,2;111,7;101,1;107,7;108,8;102,8;81,5;103,6;…;102,8;100,4;100,9;103,4;100,9;;;;;;;;;;;;;;;;;;;;;;;;;;;;;;;;;;;;;
Деятельность домашних хозяйств;;;;;;;;;;;;;;;;;;;;;…;104,7;101,8;101,5;99,0;98,0;;;;;;;;;;;;;;;;;;;;;;;;;;;;;;;;;;;;;
Итого в основных ценах;;;;;;;;;;;;;107,6;108,0;105,7;108,9;108,8;105,0;92,6;105,0;…;103,9;101,8;101,1;99,0;101,0;;;;;;;;;;;;;;;;;;;;;;;;;;;;;;;;;;;;;
В соответствии с Общероссийским классификатором видов экономической деятельности ОК 029-2014 (КДЕС Ред.2) ОКВЭД2;;;;;;;;;;;;;;;;;;;;;;;;;;;;;;;;;;;;;;;;;;;;;;;;;;;;;;;;;;;;;;;
Сельское, лесное хозяйство, охота, рыболовство и рыбоводство;;;;;;;;;;;;;;;;;;;;;;96,1;104,4;104,1;104,3;103,7;102,5;101,7;104,6;101,0;102,3;107,8;100,0;96,9;;;;;;;;;;;;;;;;;;;;;;;;;;;;;
Добыча полезных ископаемых;;;;;;;;;;;;;;;;;;;;;;102,6;101,3;103,1;101,7;102,2;102,7;103,2;104,1;95,0;104,8;102,3;97,6;99,4;;;;;;;;;;;;;;;;;;;;;;;;;;;;;
Обрабатывающие производства;;;;;;;;;;;;;;;;;;;;;;104,5;101,1;101,2;99,1;102,5;105,4;104,5;102,8;99,5;106,5;98,3;108,3;106,7;;;;;;;;;;;;;;;;;;;;;;;;;;;;;
"Обеспечение электрической энергией, газом и паром; кондиционирование воздуха";;;;;;;;;;;;;;;;;;;;;;100,1;97,7;101,3;99,0;102,0;99,2;102,6;99,2;96,9;106,6;100,2;100,0;102,1;;;;;;;;;;;;;;;;;;;;;;;;;;;;;
"Водоснабжение; воотведение, организация сбора и утилизации отходов, деятельность по ликвидации загрязнений";;;;;;;;;;;;;;;;;;;;;;106,4;99,2;100,0;95,6;101,2;100,9;100,8;105,5;102,8;115,0;95,0;100,1;100,3;;;;;;;;;;;;;;;;;;;;;;;;;;;;;
Строительство;;;;;;;;;;;;;;;;;;;;;;101,8;100,1;97,6;101,6;101,8;100,5;103,0;98,1;96,8;106,5;107,6;110,4;104,7;;;;;;;;;;;;;;;;;;;;;;;;;;;;;
"Торговля оптовая и розничная; ремонт автотранспортных средств и мотоциклов";;;;;;;;;;;;;;;;;;;;;;105,0;101,4;101,8;94,9;96,1;102,9;102,1;100,8;98,4;107,2;88,8;107,1;106,9;;;;;;;;;;;;;;;;;;;;;;;;;;;;;
Транспортировка и храние;;;;;;;;;;;;;;;;;;;;;;104,5;101,1;101,3;101,0;101,3;101,1;103,5;103,4;89,4;109,4;100,3;104,3;101,6;;;;;;;;;;;;;;;;;;;;;;;;;;;;;
Деятельность гостиниц и предприятий общественного питания;;;;;;;;;;;;;;;;;;;;;;107,3;102,3;101,0;100,1;95,4;103,8;106,9;102,8;77,3;128,5;106,2;111,8;109,6;;;;;;;;;;;;;;;;;;;;;;;;;;;;;
"Деятельность в области информации 
и связи";;;;;;;;;;;;;;;;;;;;;;107,0;103,3;99,6;101,1;98,5;105,3;104,9;107,1;103,4;114,0;101,6;112,1;112,0;;;;;;;;;;;;;;;;;;;;;;;;;;;;;
Деятельность финансовая и страховая;;;;;;;;;;;;;;;;;;;;;;114,2;106,1;102,2;92,4;108,4;101,7;111,2;110,6;109,4;113,6;99,6;107,4;115,4;;;;;;;;;;;;;;;;;;;;;;;;;;;;;
"Деятельность по операциям 
с недвижимым имуществом";;;;;;;;;;;;;;;;;;;;;;104,5;104,4;101,1;101,1;100,4;103,6;103,6;102,7;98,2;105,0;101,5;102,0;98,0;;;;;;;;;;;;;;;;;;;;;;;;;;;;;
Деятельность профессиональная, научная и техническая;;;;;;;;;;;;;;;;;;;;;;106,8;107,4;104,2;95,6;96,6;103,6;102,3;104,8;102,3;105,7;101,3;108,5;104,4;;;;;;;;;;;;;;;;;;;;;;;;;;;;;
"Деятельность административная 
и сопутствующие дополнительные услуги";;;;;;;;;;;;;;;;;;;;;;105,4;114,7;100,4;112,3;104,1;104,0;100,8;101,3;91,1;113,5;99,5;111,3;104,1;;;;;;;;;;;;;;;;;;;;;;;;;;;;;
"Государственное управление 
и обеспечение военной безопасности;  социальное отрахование";;;;;;;;;;;;;;;;;;;;;;104,2;101,1;95,7;94,5;103,6;104,7;101,4;101,9;102,2;104,9;107,6;106,5;108,6;;;;;;;;;;;;;;;;;;;;;;;;;;;;;
Образование;;;;;;;;;;;;;;;;;;;;;;97,7;99,8;102,3;100,8;99,2;101,7;101,2;104,6;95,4;101,3;103,5;101,9;99,3;;;;;;;;;;;;;;;;;;;;;;;;;;;;;
Деятельность в области здравоохранения и социальных услуг;;;;;;;;;;;;;;;;;;;;;;101,2;99,6;102,5;100,1;99,2;100,8;101,4;102,5;103,1;114,7;92,9;100,6;100,3;;;;;;;;;;;;;;;;;;;;;;;;;;;;;
"Деятельность в области культуры, спорта, организации досуга 
и развлечений";;;;;;;;;;;;;;;;;;;;;;107,0;98,4;105,4;104,0;99,1;105,1;111,7;107,2;85,0;120,8;111,0;103,5;111,0;;;;;;;;;;;;;;;;;;;;;;;;;;;;;
Предоставление прочих видов услуг;;;;;;;;;;;;;;;;;;;;;;105,3;103,2;99,4;107,1;108,9;104,8;103,3;105,4;95,9;106,7;97,5;103,8;104,4;;;;;;;;;;;;;;;;;;;;;;;;;;;;;
"Деятельность домашних хозяйств 
как работодателей; недифференцированная деятельность частных домашних хозяйств 
по производству товаров и оказанию услуг для собственного потребления ";;;;;;;;;;;;;;;;;;;;;;104,7;101,8;101,5;99,0;98,0;98,0;98,0;98,0;72,3;94,5;118,6;109,6;92,7;;;;;;;;;;;;;;;;;;;;;;;;;;;;;
Итого в основных ценах;;;;;;;;;;;;;;;;;;;;;;103,9;101,8;101,1;99,0;101,0;103,1;103,4;102,7;98,0;107,3;99,8;105,5;104,6;;;;;;;;;;;;;;;;;;;;;;;;;;;;;
"Индексы физического объема валового внутреннего продукта и валовой добавленной стоимости по видам экономической деятельности 
(в процентах к предыдущему году)";;;;;;;;;;;;;;;;;;;;;;;;;;;;;;;;;;;;;;;;;;;;;;;;;;;;;;;;;;;;;;;
В соответствии с Общероссийским классификатором видов экономической деятельности  ОК 029-2007 (Кдес Ред.1.1) ОКВЭД;;;;;;;;;;;;;;;;;;;;;;;;;;;;;;;;;;;;;;;;;;;;;;;;;;;;;;;;;;;;;;;
Валовый внутренний продукт в рыночных ценах;;;;;;;;;;;;;107,3;107,2;106,4;108,2;108,5;105,2;92,2;104,5;…;104,0;101,8;100,7;98,0;100,2;;;;;;;;;;;;;;;;;;;;;;;;;;;;;;;;;;;;;
   в том числе:;;;;;;;;;;;;;;;;;;;;;;;;;;;;;;;;;;;;;;;;;;;;;;;;;;;;;;;;;;;;;;;
   Валовая добавленная стоимость                                                                                                                 ;;;;;;;;;;;;;;;;;;;;;;;;;;;;;;;;;;;;;;;;;;;;;;;;;;;;;;;;;;;;;;;
   в основных ценах;;;;;;;;;;;;;107,5;106,6;106,0;107,9;108,4;105,2;93,3;104,1;…;104,1;101,7;101,1;98,5;100,3;;;;;;;;;;;;;;;;;;;;;;;;;;;;;;;;;;;;;
       в том числе:;;;;;;;;;;;;;;;;;;;;;;;;;;;;;;;;;;;;;;;;;;;;;;;;;;;;;;;;;;;;;;;
"Сельское хозяйство, охота 
и лесное хозяйство";;;;;;;;;;;;;98,2;101,0;100,3;102,7;101,3;106,4;101,5;87,9;…;98,1;103,9;103,1;101,9;102,3;;;;;;;;;;;;;;;;;;;;;;;;;;;;;;;;;;;;;
Рыболовство, рыбоводство;;;;;;;;;;;;;101,7;102,5;89,1;104,0;99,1;94,2;105,6;90,9;…;108,0;104,9;94,0;102,5;98,7;;;;;;;;;;;;;;;;;;;;;;;;;;;;;;;;;;;;;
Добыча полезных ископаемых;;;;;;;;;;;;;110,8;113,3;101,5;97,1;97,8;101,0;97,6;106,6;…;102,3;101,0;101,9;101,1;101,9;;;;;;;;;;;;;;;;;;;;;;;;;;;;;;;;;;;;;
Обрабатывающие производства;;;;;;;;;;;;;108,8;108,1;104,4;106,6;107,5;97,9;85,4;108,6;…;105,2;101,3;101,4;99,3;101,6;;;;;;;;;;;;;;;;;;;;;;;;;;;;;;;;;;;;;
Производство и распределение электроэнергии, газа и воды;;;;;;;;;;;;;100,9;107,9;100,9;104,5;96,6;100,7;95,3;104,0;…;101,1;98,4;100,2;99,2;102,1;;;;;;;;;;;;;;;;;;;;;;;;;;;;;;;;;;;;;
Строительство;;;;;;;;;;;;;112,7;109,9;110,2;112,8;113,0;111,1;85,3;104,4;…;104,1;98,7;97,3;97,9;101,8;;;;;;;;;;;;;;;;;;;;;;;;;;;;;;;;;;;;;
"Оптовая и розничная торговля; ремонт автотранспортных средств, мотоциклов, бытовых изделий и предметов личного пользования";;;;;;;;;;;;;113,3;110,2;109,1;114,1;111,7;109,9;94,2;105,8;…;103,7;100,2;100,9;93,2;96,2;;;;;;;;;;;;;;;;;;;;;;;;;;;;;;;;;;;;;
Гостиницы и рестораны;;;;;;;;;;;;;101,6;105,7;109,3;107,9;113,6;110,1;85,1;106,5;…;105,2;102,1;99,4;97,5;95,6;;;;;;;;;;;;;;;;;;;;;;;;;;;;;;;;;;;;;
Транспорт и связь;;;;;;;;;;;;;107,2;105,9;105,9;109,7;104,8;105,2;91,4;105,5;…;104,3;100,1;99,5;97,4;100,4;;;;;;;;;;;;;;;;;;;;;;;;;;;;;;;;;;;;;
Финансовая деятельность;;;;;;;;;;;;;129,0;114,7;129,2;125,4;129,1;113,5;101,5;100,3;…;117,1;106,4;104,3;93,6;108,4;;;;;;;;;;;;;;;;;;;;;;;;;;;;;;;;;;;;;
Операции с недвижимым имуществом, аренда и предоставление услуг;;;;;;;;;;;;;102,8;96,4;112,0;110,0;120,8;110,9;95,5;106,0;…;105,3;106,0;102,0;101,3;99,6;;;;;;;;;;;;;;;;;;;;;;;;;;;;;;;;;;;;;
"Государственное управление 
и обеспечение военной безопасности; социальное страхование";;;;;;;;;;;;;101,3;104,6;94,6;102,5;103,9;103,0;99,9;99,7;…;104,2;101,5;100,6;99,5;101,2;;;;;;;;;;;;;;;;;;;;;;;;;;;;;;;;;;;;;
Образование;;;;;;;;;;;;;101,2;100,3;100,3;100,5;101,1;99,9;98,6;98,2;…;96,5;97,9;100,8;99,6;99,1;;;;;;;;;;;;;;;;;;;;;;;;;;;;;;;;;;;;;
"Здравоохранение 
и предоставление социальных услуг";;;;;;;;;;;;;96,8;101,0;101,7;101,4;101,1;100,9;99,8;100,3;…;102,6;100,8;102,7;100,7;99,7;;;;;;;;;;;;;;;;;;;;;;;;;;;;;;;;;;;;;
"Предоставление прочих коммунальных, социальных 
и персональных услуг";;;;;;;;;;;;;100,8;106,3;102,9;107,5;108,6;101,4;80,0;102,2;…;100,9;100,1;99,6;103,8;99,1;;;;;;;;;;;;;;;;;;;;;;;;;;;;;;;;;;;;;
Деятельность домашних хозяйств;;;;;;;;;;;;;;;;;;;;;…;104,7;101,8;101,5;99,0;98,0;;;;;;;;;;;;;;;;;;;;;;;;;;;;;;;;;;;;;
Налоги на продукты;;;;;;;;;;;;;105,2;109,9;107,0;108,8;109,1;105,1;86,3;106,1;…;103,5;101,8;98,3;94,7;99,2;;;;;;;;;;;;;;;;;;;;;;;;;;;;;;;;;;;;;
Субсидии на продукты (-);;;;;;;;;;;;;99,7;97,5;83,0;95,0;109,0;98,0;86,3;79,6;…;103,1;98,0;101,3;99,6;101,7;;;;;;;;;;;;;;;;;;;;;;;;;;;;;;;;;;;;;
В соответствии с Общероссийским классификатором видов экономической деятельности ОК 029-2014 (КДЕС Ред.2) ОКВЭД2;;;;;;;;;;;;;;;;;;;;;;;;;;;;;;;;;;;;;;;;;;;;;;;;;;;;;;;;;;;;;;;
Валовый внутренний продукт в рыночных ценах;;;;;;;;;;;;;;;;;;;;;104,3;104,0;101,8;100,7;98,0;100,2;101,8;102,8;102,2;97,3;105,9;98,6;104,1;104,3;;;;;;;;;;;;;;;;;;;;;;;;;;;;;
   в том числе:;;;;;;;;;;;;;;;;;;;;;;;;;;;;;;;;;;;;;;;;;;;;;;;;;;;;;;;;;;;;;;;
Валовая добавленная стоимость в основных ценах                                                                                                             ;;;;;;;;;;;;;;;;;;;;;;104,1;101,7;101,1;98,5;100,3;101,8;102,8;102,2;97,8;106,3;99,5;104,3;104,4;;;;;;;;;;;;;;;;;;;;;;;;;;;;;
 в том числе:;;;;;;;;;;;;;;;;;;;;;;;;;;;;;;;;;;;;;;;;;;;;;;;;;;;;;;;;;;;;;;;
Сельское, лесное хозяйство, охота, рыболовство и рыбоводство;;;;;;;;;;;;;;;;;;;;;;98,6;103,9;102,8;102,9;101,8;101,5;101,7;103,5;100,2;100,4;107,0;100,1;96,6;;;;;;;;;;;;;;;;;;;;;;;;;;;;;
Добыча полезных ископаемых;;;;;;;;;;;;;;;;;;;;;;102,3;100,9;101,9;101,0;101,9;101,6;102,3;102,5;93,5;103,5;100,9;98,2;99,1;;;;;;;;;;;;;;;;;;;;;;;;;;;;;
Обрабатывающие производства;;;;;;;;;;;;;;;;;;;;;;105,2;101,4;100,8;99,1;101,1;104,4;104,0;102,9;100,1;105,8;98,0;107,6;107,6;;;;;;;;;;;;;;;;;;;;;;;;;;;;;
"Обеспечение электрической энергией, газом и паром; кондиционирование воздуха";;;;;;;;;;;;;;;;;;;;;;100,2;98,5;98,2;98,7;102,6;98,5;102,2;99,0;97,0;106,0;100,3;100,1;101,9;;;;;;;;;;;;;;;;;;;;;;;;;;;;;
"Водоснабжение; воотведение, организация сбора и утилизации отходов, деятельность по ликвидации загрязнений";;;;;;;;;;;;;;;;;;;;;;103,4;98,8;98,2;88,0;109,0;98,6;100,3;103,2;100,3;110,6;95,4;100,2;100,1;;;;;;;;;;;;;;;;;;;;;;;;;;;;;
Строительство;;;;;;;;;;;;;;;;;;;;;;104,1;98,7;97,3;98,0;101,6;98,6;101,9;98,2;96,6;105,7;106,7;109,5;104,2;;;;;;;;;;;;;;;;;;;;;;;;;;;;;
"Торговля оптовая и розничная; ремонт автотранспортных средств 
и мотоциклов";;;;;;;;;;;;;;;;;;;;;;103,8;100,2;100,5;93,2;96,1;101,1;101,5;100,2;98,7;105,4;87,4;104,8;106,9;;;;;;;;;;;;;;;;;;;;;;;;;;;;;
Транспортировка и храние;;;;;;;;;;;;;;;;;;;;;;103,9;99,7;100,5;99,3;102,4;100,0;103,0;101,7;89,1;107,9;100,1;103,2;101,8;;;;;;;;;;;;;;;;;;;;;;;;;;;;;
"Деятельность гостиниц 
и предприятий общественного питания";;;;;;;;;;;;;;;;;;;;;;105,2;102,1;99,2;97,4;95,6;102,2;107,0;102,6;75,2;127,5;105,1;110,9;109,6;;;;;;;;;;;;;;;;;;;;;;;;;;;;;
Деятельность в области информации и связи;;;;;;;;;;;;;;;;;;;;;;106,9;103,4;99,6;99,9;96,7;103,6;105,8;106,6;101,6;113,5;100,9;110,5;112,0;;;;;;;;;;;;;;;;;;;;;;;;;;;;;
Деятельность финансовая и страховая;;;;;;;;;;;;;;;;;;;;;;117,1;106,4;104,3;93,6;108,4;100,6;109,2;112,0;112,9;114,5;102,2;108,6;116,5;;;;;;;;;;;;;;;;;;;;;;;;;;;;;
Деятельность по операциям с недвижимым имуществом;;;;;;;;;;;;;;;;;;;;;;103,2;103,8;102,6;100,3;100,5;103,2;103,4;102,6;98,1;104,5;101,0;101,3;98,7;;;;;;;;;;;;;;;;;;;;;;;;;;;;;
Деятельность профессиональная, научная и техническая;;;;;;;;;;;;;;;;;;;;;;108,4;107,4;103,7;95,8;94,4;102,8;102,7;105,4;99,6;105,7;101,3;107,6;103,9;;;;;;;;;;;;;;;;;;;;;;;;;;;;;
"Деятельность административная 
и сопутствующие дополнительные услуги";;;;;;;;;;;;;;;;;;;;;;107,0;115,3;101,7;111,7;103,2;103,1;99,1;99,7;92,1;110,2;99,8;108,9;103,3;;;;;;;;;;;;;;;;;;;;;;;;;;;;;
"Государственное управление 
и обеспечение военной безопасности;  социальное отрахование";;;;;;;;;;;;;;;;;;;;;;104,2;101,5;100,6;99,5;101,2;103,4;101,1;100,2;102,7;104,2;106,8;108,8;108,9;;;;;;;;;;;;;;;;;;;;;;;;;;;;;
Образование;;;;;;;;;;;;;;;;;;;;;;97,8;99,5;101,7;101,0;99,1;101,3;101,2;99,2;96,9;100,0;102,0;100,0;100,9;;;;;;;;;;;;;;;;;;;;;;;;;;;;;
Деятельность в области здравоохранения и социальных услуг;;;;;;;;;;;;;;;;;;;;;;102,0;99,5;102,0;99,4;99,7;100,3;101,0;103,1;98,5;112,9;93,2;100,4;100,6;;;;;;;;;;;;;;;;;;;;;;;;;;;;;
Деятельность в области культуры, спорта, организации досуга и развлечений;;;;;;;;;;;;;;;;;;;;;;103,2;98,6;104,5;106,4;97,7;104,2;110,3;100,8;89,1;114,9;108,1;102,1;108,3;;;;;;;;;;;;;;;;;;;;;;;;;;;;;
Предоставление прочих видов услуг;;;;;;;;;;;;;;;;;;;;;;107,6;103,9;98,9;106,8;110,2;104,8;104,3;104,3;92,9;109,0;97,8;100,6;102,1;;;;;;;;;;;;;;;;;;;;;;;;;;;;;
"Деятельность домашних хозяйств как работодателей; недифференцированная деятельность частных домашних хозяйств 
по производству товаров и оказанию услуг для собственного потребления ";;;;;;;;;;;;;;;;;;;;;;104,7;101,8;101,5;99,0;98,0;98,0;98,0;98,0;72,3;94,5;118,6;109,6;92,7;;;;;;;;;;;;;;;;;;;;;;;;;;;;;
Налоги на продукты;;;;;;;;;;;;;;;;;;;;;;103,5;101,8;98,3;94,7;99,2;101,7;103,0;102,2;95,3;106,2;91,5;101,5;103,5;;;;;;;;;;;;;;;;;;;;;;;;;;;;;
Субсидии на продукты (-);;;;;;;;;;;;;;;;;;;;;;103,1;98,0;101,3;99,6;101,7;101,6;102,4;101,5;129,7;165,0;99,4;99,9;101,0;;;;;;;;;;;;;;;;;;;;;;;;;;;;;
"Выпуск товаров и услуг по видам экономической деятельности и секторам (в текущих ценах; миллионов рублей)";;;;;;;;;;;;;;;;;;;;;;;;;;;;;;;;;;;;;;;;;;;;;;;;;;;;;;;;;;;;;;;
В соответствии с Общероссийским классификатором видов экономической деятельности  ОК 029-2007 (Кдес Ред.1.1) ОКВЭД;;;;;;;;;;;;;;;;;;;;;;;;;;;;;;;;;;;;;;;;;;;;;;;;;;;;;;;;;;;;;;;
"Сектор ""Нефинансовые корпорации""";;;;;;;;;;;;;;;;;;;;;;;;;;;;;;;;;;;;;;;;;;;;;;;;;;;;;;;;;;;;;;;
Сельское хозяйство, охота и лесное хозяйство;;;;;;;;;;;;561 011,7;686 426,4;844 073,6;902 472,5;1 067 759,3;1 352 945,6;1 692 210,6;1 634 611,4;1 541 304,8;1 972 260,9;2 062 219,8;2 237 899,7;2 699 805,8;3 352 853,2;3 634 371,1;;;;;;;;;;;;;;;;;;;;;;;;;;;;;;;;;;;;;
Рыболовство, рыбоводство;;;;;;;;;;;;54 960,0;93 524,2;100 062,8;106 776,9;118 017,4;125 679,0;133 281,6;154 876,3;162 898,4;175 915,1;193 855,3;207 321,5;235 414,7;320 878,7;353 523,4;;;;;;;;;;;;;;;;;;;;;;;;;;;;;;;;;;;;;
Добыча полезных ископаемых;;;;;;;;;;;;1 345 537,4;1 606 998,8;2 303 623,7;3 199 295,0;3 640 374,7;4 237 414,2;4 972 580,3;4 747 876,0;5 981 807,0;7 360 635,2;8 352 268,6;8 967 587,3;9 559 160,7;10 977 732,7;11 409 515,2;;;;;;;;;;;;;;;;;;;;;;;;;;;;;;;;;;;;;
Обрабатывающие производства;;;;;;;;;;;;4 808 337,0;6 132 477,2;8 072 734,9;10 378 464,1;12 860 738,8;16 166 316,1;19 783 779,6;16 551 932,1;20 674 605,9;24 465 239,8;26 962 132,7;28 893 888,2;31 659 677,2;35 602 623,7;37 183 530,6;;;;;;;;;;;;;;;;;;;;;;;;;;;;;;;;;;;;;
Производство и распределение электроэнергии, газа и воды;;;;;;;;;;;;939 362,2;1 186 506,5;1 461 017,1;1 733 552,6;2 183 815,2;2 620 540,4;3 108 832,9;3 726 488,3;4 535 512,6;5 874 739,5;5 975 532,4;6 628 383,5;6 986 750,6;7 263 369,8;7 901 876,4;;;;;;;;;;;;;;;;;;;;;;;;;;;;;;;;;;;;;
Строительство;;;;;;;;;;;;968 341,5;1 340 281,5;1 652 159,0;2 017 933,0;2 649 323,5;3 655 898,5;4 965 088,3;4 553 707,0;5 346 866,7;7 331 164,9;8 314 134,2;8 410 229,3;8 646 249,5;9 075 372,0;9 694 499,0;;;;;;;;;;;;;;;;;;;;;;;;;;;;;;;;;;;;;
"Оптовая и розничная торговля; ремонт автотранспортных средств, мотоциклов, бытовых изделий и предметов личного пользования";;;;;;;;;;;;2 473 947,1;2 845 656,3;3 714 544,6;4 474 502,2;5 883 767,1;7 421 106,1;9 480 198,3;7 946 237,2;10 886 971,0;11 716 034,8;12 866 559,9;13 838 737,8;15 562 101,1;17 304 627,7;16 760 658,9;;;;;;;;;;;;;;;;;;;;;;;;;;;;;;;;;;;;;
Гостиницы и рестораны;;;;;;;;;;;;117 572,6;137 543,7;195 153,4;227 081,7;277 955,2;374 365,4;493 674,4;481 078,9;620 102,3;672 222,3;780 611,8;825 682,6;908 057,7;1 026 867,2;1 072 490,2;;;;;;;;;;;;;;;;;;;;;;;;;;;;;;;;;;;;;
Транспорт и связь;;;;;;;;;;;;1 795 693,2;2 138 458,9;2 669 860,0;3 266 154,4;4 059 091,6;4 799 472,0;6 026 424,8;6 003 378,7;6 748 644,6;7 876 090,2;8 964 443,4;9 982 816,0;10 538 754,1;11 979 464,3;12 950 965,0;;;;;;;;;;;;;;;;;;;;;;;;;;;;;;;;;;;;;
Финансовая деятельность;;;;;;;;;;;;1 918,6;17,4;-;-;-;-;-;-;-;-;-;-;-;-;-;;;;;;;;;;;;;;;;;;;;;;;;;;;;;;;;;;;;;
Операции с недвижимым имуществом, аренда и предоставление услуг;;;;;;;;;;;;1 362 033,7;1 643 563,3;1 751 404,0;2 291 731,6;2 824 295,3;3 949 054,2;5 064 792,3;5 399 682,5;6 174 091,6;6 803 941,2;7 565 377,5;8 960 889,6;10 037 764,2;11 261 434,2;11 867 004,9;;;;;;;;;;;;;;;;;;;;;;;;;;;;;;;;;;;;;
"Государственное управление 
и обеспечение военной безопасности; социальное страхование";;;;;;;;;;;;16 075,2;21 988,8;-;-;-;-;-;-;-;-;-;-;-;-;-;;;;;;;;;;;;;;;;;;;;;;;;;;;;;;;;;;;;;
Образование;;;;;;;;;;;;63 072,8;80 993,7;99 747,2;123 936,7;156 605,1;193 146,8;242 293,9;259 194,5;188 749,9;149 905,2;168 563,8;178 565,5;191 255,0;188 089,3;219 375,2;;;;;;;;;;;;;;;;;;;;;;;;;;;;;;;;;;;;;
Здравоохранение и предоставление социальных услуг;;;;;;;;;;;;97 767,8;115 658,6;150 787,7;183 448,4;219 973,4;260 688,8;322 367,7;365 702,6;350 366,6;365 146,0;366 225,3;382 717,0;465 784,3;594 566,8;628 079,9;;;;;;;;;;;;;;;;;;;;;;;;;;;;;;;;;;;;;
Предоставление прочих коммунальных, социальных и персональных услуг;;;;;;;;;;;;163 855,5;216 618,0;288 475,3;343 309,7;444 936,7;568 650,8;667 792,1;599 292,9;710 034,1;766 282,7;771 569,4;883 088,3;947 674,2;1 052 828,7;1 174 218,2;;;;;;;;;;;;;;;;;;;;;;;;;;;;;;;;;;;;;
Деятельность домашних хозяйств;;;;;;;;;;;;;;;;;;;;-;-;-;-;-;-;-;;;;;;;;;;;;;;;;;;;;;;;;;;;;;;;;;;;;;
Итого в основных ценах;;;;;;;;;;;;14 769 486,3;18 246 713,4;23 303 643,1;29 248 658,9;36 386 653,3;45 725 277,8;56 953 316,8;52 424 058,4;63 921 955,5;75 529 577,9;83 343 494,2;90 397 806,3;98 438 449,2;110 000 708,2;114 850 108,0;;;;;;;;;;;;;;;;;;;;;;;;;;;;;;;;;;;;;
"Сектор ""Финансовые корпорации""";;;;;;;;;;;;;;;;;;;;;;;;;;;;;;;;;;;;;;;;;;;;;;;;;;;;;;;;;;;;;;;
Сельское хозяйство, охота и лесное хозяйство;;;;;;;;;;;;-;-;-;-;-;-;-;-;-;-;-;-;-;-;-;;;;;;;;;;;;;;;;;;;;;;;;;;;;;;;;;;;;;
Рыболовство, рыбоводство;;;;;;;;;;;;-;-;-;-;-;-;-;-;-;-;-;-;-;-;-;;;;;;;;;;;;;;;;;;;;;;;;;;;;;;;;;;;;;
Добыча полезных ископаемых;;;;;;;;;;;;-;-;-;-;-;-;-;-;-;-;-;-;-;-;-;;;;;;;;;;;;;;;;;;;;;;;;;;;;;;;;;;;;;
Обрабатывающие производства;;;;;;;;;;;;-;-;-;-;-;-;-;-;-;-;-;-;-;-;-;;;;;;;;;;;;;;;;;;;;;;;;;;;;;;;;;;;;;
Производство и распределение электроэнергии, газа и воды;;;;;;;;;;;;-;-;-;-;-;-;-;-;-;-;-;-;-;-;-;;;;;;;;;;;;;;;;;;;;;;;;;;;;;;;;;;;;;
Строительство;;;;;;;;;;;;-;-;-;-;-;-;-;-;-;-;-;-;-;-;-;;;;;;;;;;;;;;;;;;;;;;;;;;;;;;;;;;;;;
"Оптовая и розничная торговля; ремонт автотранспортных средств, мотоциклов, бытовых изделий и предметов личного пользования";;;;;;;;;;;;-;-;-;-;-;-;-;-;-;-;-;-;-;-;-;;;;;;;;;;;;;;;;;;;;;;;;;;;;;;;;;;;;;
Гостиницы и рестораны;;;;;;;;;;;;-;-;-;-;-;-;-;-;-;-;-;-;-;-;-;;;;;;;;;;;;;;;;;;;;;;;;;;;;;;;;;;;;;
Транспорт и связь;;;;;;;;;;;;-;-;-;-;-;-;-;-;-;-;-;-;-;-;-;;;;;;;;;;;;;;;;;;;;;;;;;;;;;;;;;;;;;
Финансовая деятельность;;;;;;;;;;;;408 977,8;548 820,7;692 201,8;976 222,0;1 334 423,2;1 736 934,4;2 203 766,2;2 373 143,3;2 465 090,6;2 821 430,3;3 464 102,5;4 001 032,3;4 310 014,7;3 900 652,4;4 748 208,9;;;;;;;;;;;;;;;;;;;;;;;;;;;;;;;;;;;;;
Операции с недвижимым имуществом, аренда и предоставление услуг;;;;;;;;;;;;1 374,9;-;-;-;-;-;-;-;-;-;-;-;-;-;-;;;;;;;;;;;;;;;;;;;;;;;;;;;;;;;;;;;;;
"Государственное управление 
и обеспечение военной безопасности; социальное страхование";;;;;;;;;;;;-;-;-;-;-;-;-;-;-;-;-;-;-;-;-;;;;;;;;;;;;;;;;;;;;;;;;;;;;;;;;;;;;;
Образование;;;;;;;;;;;;-;-;-;-;-;-;-;-;-;-;-;-;-;-;-;;;;;;;;;;;;;;;;;;;;;;;;;;;;;;;;;;;;;
Здравоохранение и предоставление социальных услуг;;;;;;;;;;;;-;-;-;-;-;-;-;-;-;-;-;-;-;-;-;;;;;;;;;;;;;;;;;;;;;;;;;;;;;;;;;;;;;
Предоставление прочих коммунальных, социальных и персональных услуг;;;;;;;;;;;;-;-;-;-;-;-;-;-;-;-;-;-;-;-;-;;;;;;;;;;;;;;;;;;;;;;;;;;;;;;;;;;;;;
Деятельность домашних хозяйств;;;;;;;;;;;;;;;;;;;;-;-;-;-;-;-;-;;;;;;;;;;;;;;;;;;;;;;;;;;;;;;;;;;;;;
Итого в основных ценах;;;;;;;;;;;;410 352,7;548 820,7;692 201,8;976 222,0;1 334 423,2;1 736 934,4;2 203 766,2;2 373 143,3;2 465 090,6;2 821 430,3;3 464 102,5;4 001 032,3;4 310 014,7;3 900 652,4;4 748 208,9;;;;;;;;;;;;;;;;;;;;;;;;;;;;;;;;;;;;;
"Сектор ""Государственное управление""";;;;;;;;;;;;;;;;;;;;;;;;;;;;;;;;;;;;;;;;;;;;;;;;;;;;;;;;;;;;;;;
Сельское хозяйство, охота и лесное хозяйство;;;;;;;;;;;;20 109,8;24 031,2;29 485,7;16 480,0;18 180,4;22 616,1;24 480,8;31 802,4;27 974,0;31 427,1;35 541,7;37 981,1;43 561,1;43 831,1;43 551,6;;;;;;;;;;;;;;;;;;;;;;;;;;;;;;;;;;;;;
Рыболовство, рыбоводство;;;;;;;;;;;;2 593,5;2 630,5;3 101,8;1 909,1;1 542,0;1 491,3;1 841,6;2 426,3;4 896,0;6 835,5;11 414,6;12 068,0;12 460,0;12 287,6;10 956,0;;;;;;;;;;;;;;;;;;;;;;;;;;;;;;;;;;;;;
Добыча полезных ископаемых;;;;;;;;;;;;-;-;-;-;-;-;-;-;-;-;-;-;-;-;-;;;;;;;;;;;;;;;;;;;;;;;;;;;;;;;;;;;;;
Обрабатывающие производства;;;;;;;;;;;;…;…;…;1 863,8;2 955,7;6 510,7;8 118,9;8 382,3;8 530,3;9 664,8;32 302,3;31 589,4;31 860,2;30 139,9;33 530,8;;;;;;;;;;;;;;;;;;;;;;;;;;;;;;;;;;;;;
Производство и распределение электроэнергии, газа и воды;;;;;;;;;;;;-;-;-;-;-;-;-;-;-;-;3 084,2;2 671,6;2 962,9;2 364,6;2 919,8;;;;;;;;;;;;;;;;;;;;;;;;;;;;;;;;;;;;;
Строительство;;;;;;;;;;;;6 433,7;8 037,0;7 461,8;6 545,3;9 208,2;13 442,0;12 446,3;11 021,4;13 287,7;-;-;-;-;-;-;;;;;;;;;;;;;;;;;;;;;;;;;;;;;;;;;;;;;
"Оптовая и розничная торговля; ремонт автотранспортных средств, мотоциклов, бытовых изделий и предметов личного пользования";;;;;;;;;;;;-;-;-;-;-;-;-;-;-;-;-;-;-;-;-;;;;;;;;;;;;;;;;;;;;;;;;;;;;;;;;;;;;;
Гостиницы и рестораны;;;;;;;;;;;;-;-;-;-;-;-;-;-;4 574,9;5 398,4;28 817,5;29 476,0;34 164,3;29 490,9;33 889,6;;;;;;;;;;;;;;;;;;;;;;;;;;;;;;;;;;;;;
Транспорт и связь;;;;;;;;;;;;…;…;…;34 057,7;47 778,8;50 857,5;76 005,5;84 969,7;96 500,6;19 311,9;28 255,1;36 385,7;64 398,5;67 038,9;58 015,3;;;;;;;;;;;;;;;;;;;;;;;;;;;;;;;;;;;;;
Финансовая деятельность;;;;;;;;;;;;-;-;-;-;-;-;-;-;-;-;-;-;-;-;-;;;;;;;;;;;;;;;;;;;;;;;;;;;;;;;;;;;;;
Операции с недвижимым имуществом, аренда и предоставление услуг;;;;;;;;;;;;75 594,4;98 245,3;113 906,4;113 160,6;143 169,0;159 150,6;186 812,5;198 735,3;275 979,9;545 253,8;671 632,6;754 149,6;804 107,5;870 574,9;886 850,8;;;;;;;;;;;;;;;;;;;;;;;;;;;;;;;;;;;;;
"Государственное управление 
и обеспечение военной безопасности; социальное страхование";;;;;;;;;;;;1 087 545,5;1 354 007,2;1 645 632,2;1 988 395,7;2 517 781,8;3 030 246,1;3 897 155,0;4 242 799,1;4 716 044,4;5 991 022,9;7 170 531,8;8 044 483,4;8 182 750,6;8 468 248,7;9 389 806,3;;;;;;;;;;;;;;;;;;;;;;;;;;;;;;;;;;;;;
Образование;;;;;;;;;;;;304 606,4;351 514,8;437 456,8;551 609,9;694 775,9;884 329,8;1 118 056,8;1 228 164,9;1 447 440,0;1 712 653,5;1 735 538,8;1 936 175,7;2 028 674,8;2 095 744,4;2 114 688,5;;;;;;;;;;;;;;;;;;;;;;;;;;;;;;;;;;;;;
Здравоохранение и предоставление социальных услуг;;;;;;;;;;;;401 890,8;465 288,5;579 469,4;754 667,7;974 217,4;1 231 793,9;1 586 377,0;1 725 122,3;1 967 041,7;2 369 338,2;2 722 225,6;3 021 634,6;3 463 530,9;3 618 778,2;3 764 719,8;;;;;;;;;;;;;;;;;;;;;;;;;;;;;;;;;;;;;
Предоставление прочих коммунальных, социальных и персональных услуг;;;;;;;;;;;;54 791,6;68 265,8;81 987,9;111 738,0;139 709,5;179 283,5;226 539,3;231 172,5;339 134,0;429 080,3;508 104,3;550 369,8;630 860,6;679 902,8;706 355,0;;;;;;;;;;;;;;;;;;;;;;;;;;;;;;;;;;;;;
Деятельность домашних хозяйств;;;;;;;;;;;;;;;;;;;;-;-;-;-;-;-;-;;;;;;;;;;;;;;;;;;;;;;;;;;;;;;;;;;;;;
Итого в основных ценах;;;;;;;;;;;;1 953 565,6;2 372 020,3;2 898 502,0;3 580 427,8;4 549 318,7;5 579 721,6;7 137 833,7;7 764 596,1;8 901 403,5;11 119 986,3;12 947 448,3;14 456 985,2;15 299 331,4;15 918 401,9;17 045 283,6;;;;;;;;;;;;;;;;;;;;;;;;;;;;;;;;;;;;;
"Сектор ""Домашние хозяйства""";;;;;;;;;;;;;;;;;;;;;;;;;;;;;;;;;;;;;;;;;;;;;;;;;;;;;;;;;;;;;;;
Сельское хозяйство, охота и лесное хозяйство;;;;;;;;;;;;546 979,3;572 930,7;611 622,0;692 660,8;770 168,7;878 160,2;1 102 884,0;1 226 092,3;1 453 920,6;1 619 103,6;1 625 436,0;1 773 608,0;1 966 062,8;2 236 137,0;2 325 556,8;;;;;;;;;;;;;;;;;;;;;;;;;;;;;;;;;;;;;
Рыболовство, рыбоводство;;;;;;;;;;;;8 001,4;11 357,6;7 643,1;13 398,8;13 499,1;13 944,0;16 353,7;22 246,0;20 660,7;21 607,1;22 110,5;23 523,8;26 057,0;31 421,6;32 856,4;;;;;;;;;;;;;;;;;;;;;;;;;;;;;;;;;;;;;
Добыча полезных ископаемых;;;;;;;;;;;;1 960,3;2 676,7;384,1;790,4;1 198,0;1 747,7;311,9;221,2;441,2;487,3;587,5;371,3;407,8;983,6;1 040,7;;;;;;;;;;;;;;;;;;;;;;;;;;;;;;;;;;;;;
Обрабатывающие производства;;;;;;;;;;;;166 268,6;167 538,5;152 662,6;230 585,8;259 245,1;358 739,2;398 480,1;308 902,5;384 593,7;622 152,9;717 304,0;801 943,2;848 276,5;1 025 631,0;1 042 904,3;;;;;;;;;;;;;;;;;;;;;;;;;;;;;;;;;;;;;
Производство и распределение электроэнергии, газа и воды;;;;;;;;;;;;…;…;3 487,0;1 497,8;1 356,7;1 012,9;1 086,9;932,6;1 375,7;1 418,1;1 980,7;1 981,1;2 068,9;2 536,0;2 633,2;;;;;;;;;;;;;;;;;;;;;;;;;;;;;;;;;;;;;
Строительство;;;;;;;;;;;;84 190,2;112 804,3;126 671,3;154 483,8;192 303,9;268 138,4;340 235,9;341 610,2;431 169,0;478 015,7;517 243,2;568 234,8;707 612,3;890 196,9;966 346,8;;;;;;;;;;;;;;;;;;;;;;;;;;;;;;;;;;;;;
"Оптовая и розничная торговля; ремонт автотранспортных средств, мотоциклов, бытовых изделий и предметов личного пользования";;;;;;;;;;;;648 947,2;756 709,7;958 739,3;1 180 944,6;1 505 956,4;1 719 362,7;1 716 582,5;1 876 482,6;2 096 335,5;2 484 370,5;2 822 481,3;3 015 401,5;2 959 106,6;2 893 004,7;2 836 295,0;;;;;;;;;;;;;;;;;;;;;;;;;;;;;;;;;;;;;
Гостиницы и рестораны;;;;;;;;;;;;24 592,7;27 316,3;45 142,4;78 507,1;123 356,0;161 212,3;200 573,3;204 006,4;212 093,8;251 522,0;285 950,6;314 945,8;341 931,4;371 373,9;378 448,0;;;;;;;;;;;;;;;;;;;;;;;;;;;;;;;;;;;;;
Транспорт и связь;;;;;;;;;;;;61 343,6;83 353,9;120 137,6;147 452,7;206 006,6;247 830,7;323 022,1;322 083,4;440 947,1;504 282,7;613 528,0;638 673,7;754 213,9;857 304,7;928 356,8;;;;;;;;;;;;;;;;;;;;;;;;;;;;;;;;;;;;;
Финансовая деятельность;;;;;;;;;;;;-;-;-;-;-;-;-;-;24 167,7;24 858,0;26 920,1;44 204,1;45 893,8;44 680,9;53 684,2;;;;;;;;;;;;;;;;;;;;;;;;;;;;;;;;;;;;;
Операции с недвижимым имуществом, аренда и предоставление услуг;;;;;;;;;;;;140 701,5;162 685,6;353 627,6;487 682,8;615 388,6;753 536,8;855 637,3;885 625,0;1 317 508,7;4 637 080,4;5 652 543,5;5 805 225,6;5 940 255,1;6 469 620,5;6 836 153,9;;;;;;;;;;;;;;;;;;;;;;;;;;;;;;;;;;;;;
"Государственное управление 
и обеспечение военной безопасности; социальное страхование";;;;;;;;;;;;-;-;-;-;-;-;-;-;-;-;-;-;-;-;-;;;;;;;;;;;;;;;;;;;;;;;;;;;;;;;;;;;;;
Образование;;;;;;;;;;;;9 470,9;12 354,0;14 800,8;20 807,6;27 172,6;35 762,6;32 268,1;37 166,5;36 782,9;40 820,3;88 510,1;99 902,3;107 435,7;124 836,2;127 143,0;;;;;;;;;;;;;;;;;;;;;;;;;;;;;;;;;;;;;
Здравоохранение и предоставление социальных услуг;;;;;;;;;;;;20 180,4;22 992,6;28 077,4;34 565,0;42 333,8;38 127,1;41 159,3;43 639,8;40 801,1;45 020,0;66 815,7;75 794,6;78 884,9;90 362,8;96 580,6;;;;;;;;;;;;;;;;;;;;;;;;;;;;;;;;;;;;;
Предоставление прочих коммунальных, социальных и персональных услуг;;;;;;;;;;;;5 177,1;12 362,8;15 567,3;26 687,0;34 701,9;43 547,7;57 706,0;68 273,9;79 413,7;86 791,8;159 017,8;172 258,3;188 182,0;255 808,9;255 964,0;;;;;;;;;;;;;;;;;;;;;;;;;;;;;;;;;;;;;
Деятельность домашних хозяйств;;;;;;;;;;;;;;;;;;;;72,5;338 573,0;375 849,0;406 093,2;436 077,0;482 588,4;506 278,7;;;;;;;;;;;;;;;;;;;;;;;;;;;;;;;;;;;;;
Итого в основных ценах;;;;;;;;;;;;1 717 813,2;1 945 082,7;2 438 562,4;3 070 064,2;3 792 687,6;4 521 122,3;5 086 301,1;5 337 282,2;6 540 283,9;11 156 103,3;12 976 277,9;13 742 161,2;14 402 465,6;15 776 487,2;16 390 242,4;;;;;;;;;;;;;;;;;;;;;;;;;;;;;;;;;;;;;
"Сектор ""Некоммерческие организации, обслуживающие домашние хозяйства""";;;;;;;;;;;;;;;;;;;;;;;;;;;;;;;;;;;;;;;;;;;;;;;;;;;;;;;;;;;;;;;
Сельское хозяйство, охота и лесное хозяйство;;;;;;;;;;;;-;-;-;-;-;-;-;-;-;-;-;-;-;-;-;;;;;;;;;;;;;;;;;;;;;;;;;;;;;;;;;;;;;
Рыболовство, рыбоводство;;;;;;;;;;;;-;-;-;-;-;-;-;-;-;-;-;-;-;-;-;;;;;;;;;;;;;;;;;;;;;;;;;;;;;;;;;;;;;
Добыча полезных ископаемых;;;;;;;;;;;;-;-;-;-;-;-;-;-;-;-;-;-;-;-;-;;;;;;;;;;;;;;;;;;;;;;;;;;;;;;;;;;;;;
Обрабатывающие производства;;;;;;;;;;;;-;-;-;-;-;-;-;-;-;-;-;-;-;-;-;;;;;;;;;;;;;;;;;;;;;;;;;;;;;;;;;;;;;
Производство и распределение электроэнергии, газа и воды;;;;;;;;;;;;-;-;-;-;-;-;-;-;-;-;-;-;-;-;-;;;;;;;;;;;;;;;;;;;;;;;;;;;;;;;;;;;;;
Строительство;;;;;;;;;;;;-;-;-;-;-;-;-;-;-;-;-;-;-;-;-;;;;;;;;;;;;;;;;;;;;;;;;;;;;;;;;;;;;;
"Оптовая и розничная торговля; ремонт автотранспортных средств, мотоциклов, бытовых изделий и предметов личного пользования";;;;;;;;;;;;-;-;-;-;-;-;-;-;-;-;-;-;-;-;-;;;;;;;;;;;;;;;;;;;;;;;;;;;;;;;;;;;;;
Гостиницы и рестораны;;;;;;;;;;;;8 308,9;9 448,3;7 452,5;10 435,1;11 529,9;12 774,5;14 135,4;11 942,5;10 596,2;11 398,9;12 622,7;11 262,7;10 356,7;10 584,2;11 324,9;;;;;;;;;;;;;;;;;;;;;;;;;;;;;;;;;;;;;
Транспорт и связь;;;;;;;;;;;;-;-;-;-;-;-;-;-;-;-;-;-;-;-;-;;;;;;;;;;;;;;;;;;;;;;;;;;;;;;;;;;;;;
Финансовая деятельность;;;;;;;;;;;;-;-;-;-;-;-;-;-;-;-;-;-;-;-;-;;;;;;;;;;;;;;;;;;;;;;;;;;;;;;;;;;;;;
Операции с недвижимым имуществом, аренда и предоставление услуг;;;;;;;;;;;;2 221,2;2 896,5;3 211,9;1 037,9;1 404,9;1 221,7;1 233,7;27 103,6;28 696,1;25 817,9;28 453,4;29 103,6;32 032,3;35 541,6;38 205,9;;;;;;;;;;;;;;;;;;;;;;;;;;;;;;;;;;;;;
"Государственное управление 
и обеспечение военной безопасности; социальное страхование";;;;;;;;;;;;-;-;-;-;-;-;-;-;-;-;-;-;-;-;-;;;;;;;;;;;;;;;;;;;;;;;;;;;;;;;;;;;;;
Образование;;;;;;;;;;;;11 672,0;13 377,1;10 053,2;9 174,9;7 514,7;5 599,6;6 348,7;9 821,5;10 420,5;9 968,6;10 431,9;11 301,7;11 263,0;11 817,5;13 436,1;;;;;;;;;;;;;;;;;;;;;;;;;;;;;;;;;;;;;
Здравоохранение и предоставление социальных услуг;;;;;;;;;;;;22 320,2;25 546,6;33 125,9;22 349,5;25 723,5;28 609,0;29 256,8;23 118,2;23 290,7;25 993,6;26 846,5;26 719,1;29 571,9;26 828,6;28 338,5;;;;;;;;;;;;;;;;;;;;;;;;;;;;;;;;;;;;;
Предоставление прочих коммунальных, социальных и персональных услуг;;;;;;;;;;;;94 758,4;109 184,0;103 869,7;102 231,7;114 610,8;140 871,4;169 465,5;145 382,3;152 877,9;163 815,6;181 095,7;192 705,9;220 584,5;244 391,1;269 324,3;;;;;;;;;;;;;;;;;;;;;;;;;;;;;;;;;;;;;
Деятельность домашних хозяйств;;;;;;;;;;;;;;;;;;;;-;-;-;-;-;-;-;;;;;;;;;;;;;;;;;;;;;;;;;;;;;;;;;;;;;
Итого в основных ценах;;;;;;;;;;;;139 280,7;160 452,5;157 713,2;145 229,0;160 783,8;189 076,4;220 440,1;217 368,0;225 881,4;236 994,6;259 450,2;271 093,1;303 808,4;329 163,0;360 629,8;;;;;;;;;;;;;;;;;;;;;;;;;;;;;;;;;;;;;
"Валовая добавленная стоимость по видам экономической деятельности и секторам (в текущих ценах; миллионов рублей)";;;;;;;;;;;;;;;;;;;;;;;;;;;;;;;;;;;;;;;;;;;;;;;;;;;;;;;;;;;;;;;
"Сектор ""Нефинансовые корпорации""";;;;;;;;;;;;;;;;;;;;;;;;;;;;;;;;;;;;;;;;;;;;;;;;;;;;;;;;;;;;;;;
Сельское хозяйство, охота и лесное хозяйство;;;;;;;;;;;;178 589,1;252 565,9;327 236,9;353 324,4;413 879,1;562 399,7;701 719,2;618 082,9;504 519,4;724 850,3;811 020,8;844 571,0;1 146 639,0;1 430 812,2;1 456 365,6;;;;;;;;;;;;;;;;;;;;;;;;;;;;;;;;;;;;;
Рыболовство, рыбоводство;;;;;;;;;;;;23 257,1;52 653,6;56 606,3;47 935,7;50 579,9;54 001,8;53 769,5;68 115,6;84 016,0;81 738,0;87 757,9;96 886,3;113 337,9;174 593,1;199 103,1;;;;;;;;;;;;;;;;;;;;;;;;;;;;;;;;;;;;;
Добыча полезных ископаемых;;;;;;;;;;;;637 459,7;768 608,0;1 411 499,3;2 063 836,7;2 508 725,0;2 864 427,4;3 284 442,0;2 885 290,7;3 842 594,7;4 949 271,1;5 568 299,4;5 920 833,1;6 244 641,0;7 293 099,7;7 439 944,7;;;;;;;;;;;;;;;;;;;;;;;;;;;;;;;;;;;;;
Обрабатывающие производства;;;;;;;;;;;;1 563 234,6;1 855 839,0;2 553 838,6;3 323 171,2;4 039 959,5;4 923 325,6;6 055 796,0;4 921 506,1;5 836 417,1;6 908 902,8;7 786 321,3;8 059 652,7;8 984 325,7;10 297 795,4;9 993 667,0;;;;;;;;;;;;;;;;;;;;;;;;;;;;;;;;;;;;;
Производство и распределение электроэнергии, газа и воды;;;;;;;;;;;;349 452,9;414 074,4;546 841,3;608 002,6;726 628,2;855 594,4;1 033 694,7;1 388 437,1;1 526 620,1;1 745 128,0;1 806 634,0;1 954 744,8;1 996 226,1;2 242 411,7;2 440 160,1;;;;;;;;;;;;;;;;;;;;;;;;;;;;;;;;;;;;;
Строительство;;;;;;;;;;;;464 914,7;644 602,7;767 615,3;893 552,4;1 095 588,4;1 485 551,3;2 040 607,5;1 905 439,3;2 388 161,8;3 752 535,6;4 281 996,7;4 213 623,4;4 353 021,4;4 310 477,3;4 455 964,0;;;;;;;;;;;;;;;;;;;;;;;;;;;;;;;;;;;;;
"Оптовая и розничная торговля; ремонт автотранспортных средств, мотоциклов, бытовых изделий и предметов личного пользования";;;;;;;;;;;;1 674 795,3;1 999 227,8;2 311 307,6;2 748 555,5;3 577 346,5;4 501 383,5;5 898 858,0;4 671 449,1;6 725 754,7;7 536 978,0;8 215 506,5;8 584 154,5;9 474 230,2;10 096 831,5;9 641 874,6;;;;;;;;;;;;;;;;;;;;;;;;;;;;;;;;;;;;;
Гостиницы и рестораны;;;;;;;;;;;;66 492,5;77 508,1;117 188,2;129 388,8;150 490,4;199 942,5;253 175,0;238 806,9;298 741,4;344 851,4;391 284,2;408 613,4;449 967,7;485 498,2;519 316,1;;;;;;;;;;;;;;;;;;;;;;;;;;;;;;;;;;;;;
Транспорт и связь;;;;;;;;;;;;929 734,2;1 188 477,6;1 586 916,9;1 823 878,5;2 147 807,2;2 611 610,5;3 073 426,7;3 040 815,2;3 407 329,8;3 678 689,0;4 154 162,5;4 800 980,7;4 985 433,7;5 566 481,3;6 155 155,0;;;;;;;;;;;;;;;;;;;;;;;;;;;;;;;;;;;;;
Финансовая деятельность;;;;;;;;;;;;1 915,9;-0,3;-;-;-;-;-;-;-;0,0;0,0;0,0;0,0;0,0;0,0;;;;;;;;;;;;;;;;;;;;;;;;;;;;;;;;;;;;;
Операции с недвижимым имуществом, аренда и предоставление услуг;;;;;;;;;;;;830 454,6;1 044 536,3;1 032 166,2;1 344 460,7;1 682 267,1;2 409 008,6;3 157 386,9;3 325 127,3;3 662 782,8;4 540 132,9;5 039 568,9;5 870 396,0;6 413 112,6;7 222 470,1;7 569 891,8;;;;;;;;;;;;;;;;;;;;;;;;;;;;;;;;;;;;;
"Государственное управление и обеспечение военной безопасности; социальное страхование";;;;;;;;;;;;10 579,0;18 556,8;-;-;-;-;-;-;-;-;-;-;-;-;-;;;;;;;;;;;;;;;;;;;;;;;;;;;;;;;;;;;;;
Образование;;;;;;;;;;;;43 550,5;50 693,2;64 932,5;80 953,2;101 361,8;125 658,9;159 860,3;169 894,4;122 495,4;111 355,3;119 272,8;113 256,1;117 610,5;115 747,9;132 205,1;;;;;;;;;;;;;;;;;;;;;;;;;;;;;;;;;;;;;
Здравоохранение и предоставление социальных услуг;;;;;;;;;;;;51 793,8;74 747,1;84 343,3;105 447,8;123 243,4;147 225,5;189 499,7;218 345,3;193 959,1;203 565,5;202 520,7;207 673,7;249 511,7;320 888,1;341 563,5;;;;;;;;;;;;;;;;;;;;;;;;;;;;;;;;;;;;;
Предоставление прочих коммунальных, социальных и персональных услуг;;;;;;;;;;;;100 620,6;119 581,4;168 919,3;203 768,4;273 256,5;353 262,4;408 999,4;347 871,8;377 500,1;414 500,4;405 331,5;461 964,6;460 026,7;512 723,5;571 059,3;;;;;;;;;;;;;;;;;;;;;;;;;;;;;;;;;;;;;
Деятельность домашних хозяйств;;;;;;;;;;;;;;;;;;;;-;-;-;-;-;-;-;;;;;;;;;;;;;;;;;;;;;;;;;;;;;;;;;;;;;
Итого в основных ценах;;;;;;;;;;;;6 926 844,5;8 561 671,7;11 029 411,6;13 726 276,0;16 891 133,0;21 093 391,9;26 311 235,0;23 799 181,5;28 970 892,3;34 992 498,2;38 869 677,2;41 537 350,3;44 988 084,2;50 069 830,0;50 916 269,8;;;;;;;;;;;;;;;;;;;;;;;;;;;;;;;;;;;;;
"Сектор ""Финансовые корпорации""";;;;;;;;;;;;;;;;;;;;;;;;;;;;;;;;;;;;;;;;;;;;;;;;;;;;;;;;;;;;;;;
Сельское хозяйство, охота и лесное хозяйство;;;;;;;;;;;;-;-;-;-;-;-;-;-;-;-;-;-;-;-;-;;;;;;;;;;;;;;;;;;;;;;;;;;;;;;;;;;;;;
Рыболовство, рыбоводство;;;;;;;;;;;;-;-;-;-;-;-;-;-;-;-;-;-;-;-;-;;;;;;;;;;;;;;;;;;;;;;;;;;;;;;;;;;;;;
Добыча полезных ископаемых;;;;;;;;;;;;-;-;-;-;-;-;-;-;-;-;-;-;-;-;-;;;;;;;;;;;;;;;;;;;;;;;;;;;;;;;;;;;;;
Обрабатывающие производства;;;;;;;;;;;;-;-;-;-;-;-;-;-;-;-;-;-;-;-;-;;;;;;;;;;;;;;;;;;;;;;;;;;;;;;;;;;;;;
Производство и распределение электроэнергии, газа и воды;;;;;;;;;;;;-;-;-;-;-;-;-;-;-;-;-;-;-;-;-;;;;;;;;;;;;;;;;;;;;;;;;;;;;;;;;;;;;;
Строительство;;;;;;;;;;;;-;-;-;-;-;-;-;-;-;-;-;-;-;-;-;;;;;;;;;;;;;;;;;;;;;;;;;;;;;;;;;;;;;
"Оптовая и розничная торговля; ремонт автотранспортных средств, мотоциклов, бытовых изделий и предметов личного пользования";;;;;;;;;;;;-;-;-;-;-;-;-;-;-;-;-;-;-;-;-;;;;;;;;;;;;;;;;;;;;;;;;;;;;;;;;;;;;;
Гостиницы и рестораны;;;;;;;;;;;;-;-;-;-;-;-;-;-;-;-;-;-;-;-;-;;;;;;;;;;;;;;;;;;;;;;;;;;;;;;;;;;;;;
Транспорт и связь;;;;;;;;;;;;-;-;-;-;-;-;-;-;-;-;-;-;-;-;-;;;;;;;;;;;;;;;;;;;;;;;;;;;;;;;;;;;;;
Финансовая деятельность;;;;;;;;;;;;278 389,9;388 012,0;474 141,7;701 152,5;977 167,7;1 253 760,0;1 537 849,7;1 707 153,1;1 754 500,7;1 921 566,4;2 436 504,1;2 830 218,1;3 049 835,7;2 627 527,6;3 355 502,6;;;;;;;;;;;;;;;;;;;;;;;;;;;;;;;;;;;;;
Операции с недвижимым имуществом, аренда и предоставление услуг;;;;;;;;;;;;1 374,9;-;-;-;-;-;-;-;-;-;-;-;-;-;-;;;;;;;;;;;;;;;;;;;;;;;;;;;;;;;;;;;;;
"Государственное управление 
и обеспечение военной безопасности; социальное страхование";;;;;;;;;;;;-;-;-;-;-;-;-;-;-;-;-;-;-;-;-;;;;;;;;;;;;;;;;;;;;;;;;;;;;;;;;;;;;;
Образование;;;;;;;;;;;;-;-;-;-;-;-;-;-;-;-;-;-;-;-;-;;;;;;;;;;;;;;;;;;;;;;;;;;;;;;;;;;;;;
Здравоохранение и предоставление социальных услуг;;;;;;;;;;;;-;-;-;-;-;-;-;-;-;-;-;-;-;-;-;;;;;;;;;;;;;;;;;;;;;;;;;;;;;;;;;;;;;
Предоставление прочих коммунальных, социальных и персональных услуг;;;;;;;;;;;;-;-;-;-;-;-;-;-;-;-;-;-;-;-;-;;;;;;;;;;;;;;;;;;;;;;;;;;;;;;;;;;;;;
Деятельность домашних хозяйств;;;;;;;;;;;;;;;;;;;-;-;-;-;-;-;-;-;;;;;;;;;;;;;;;;;;;;;;;;;;;;;;;;;;;;;
Итого в основных ценах;;;;;;;;;;;;279 764,8;388 012,0;474 141,7;701 152,5;977 167,7;1 253 760,0;1 537 849,7;1 707 153,1;1 754 500,7;1 921 566,4;2 436 504,1;2 830 218,1;3 049 835,7;2 627 527,6;3 355 502,6;;;;;;;;;;;;;;;;;;;;;;;;;;;;;;;;;;;;;
"Сектор ""Государственное управление""";;;;;;;;;;;;;;;;;;;;;;;;;;;;;;;;;;;;;;;;;;;;;;;;;;;;;;;;;;;;;;;
Сельское хозяйство, охота и лесное хозяйство;;;;;;;;;;;;8 418,0;9 959,5;13 464,5;11 899,4;13 740,8;16 803,6;18 536,4;24 980,9;22 018,6;25 428,7;27 959,6;29 313,7;33 633,2;33 731,3;33 117,1;;;;;;;;;;;;;;;;;;;;;;;;;;;;;;;;;;;;;
Рыболовство, рыбоводство;;;;;;;;;;;;1 010,2;1 052,8;1 325,0;882,2;808,3;783,7;994,9;1 524,3;3 169,3;4 626,8;8 938,3;9 329,6;9 792,7;9 808,5;8 827,9;;;;;;;;;;;;;;;;;;;;;;;;;;;;;;;;;;;;;
Добыча полезных ископаемых;;;;;;;;;;;;-;-;-;-;-;-;-;-;-;-;-;-;-;-;-;;;;;;;;;;;;;;;;;;;;;;;;;;;;;;;;;;;;;
Обрабатывающие производства;;;;;;;;;;;;…;…;…;495,6;1 025,7;1 484,1;2 266,6;2 489,9;2 554,7;2 452,5;15 338,3;14 824,2;14 050,8;14 000,5;14 588,8;;;;;;;;;;;;;;;;;;;;;;;;;;;;;;;;;;;;;
Производство и распределение электроэнергии, газа и воды;;;;;;;;;;;;-;-;-;-;-;-;-;-;-;-;890,4;718,9;792,0;674,9;831,3;;;;;;;;;;;;;;;;;;;;;;;;;;;;;;;;;;;;;
Строительство;;;;;;;;;;;;2 708,6;3 287,1;2 895,2;3 056,7;3 435,6;5 298,4;5 045,2;4 866,8;6 187,1;-;-;-;-;-;-;;;;;;;;;;;;;;;;;;;;;;;;;;;;;;;;;;;;;
"Оптовая и розничная торговля; ремонт автотранспортных средств, мотоциклов, бытовых изделий и предметов личного пользования";;;;;;;;;;;;-;-;-;-;-;-;-;-;-;-;-;-;-;-;-;;;;;;;;;;;;;;;;;;;;;;;;;;;;;;;;;;;;;
Гостиницы и рестораны;;;;;;;;;;;;-;-;-;-;-;-;-;-;2252;2 676,5;14 601,6;16 246,5;18 450,8;14 150,7;16 747,6;;;;;;;;;;;;;;;;;;;;;;;;;;;;;;;;;;;;;
Транспорт и связь;;;;;;;;;;;;…;…;…;4 731,9;5 226,2;5 288,9;8 270,9;18 690,2;23 599,4;12 078,7;14 899,1;19 183,1;35 125,6;37 045,4;27 265,1;;;;;;;;;;;;;;;;;;;;;;;;;;;;;;;;;;;;;
Финансовая деятельность;;;;;;;;;;;;-;-;-;-;-;-;-;-;-;-;-;-;-;-;-;;;;;;;;;;;;;;;;;;;;;;;;;;;;;;;;;;;;;
Операции с недвижимым имуществом, аренда и предоставление услуг;;;;;;;;;;;;54 588,8;68 723,6;82 026,8;86 135,1;114 355,5;123 309,8;140 186,9;147 682,6;182 782,0;420 575,3;501 697,0;603 303,0;637 736,3;652 603,9;644 789,7;;;;;;;;;;;;;;;;;;;;;;;;;;;;;;;;;;;;;
"Государственное управление 
и обеспечение военной безопасности; социальное страхование";;;;;;;;;;;;478 148,7;632 732,0;802 513,8;959 089,9;1 189 163,1;1 466 357,0;1 884 401,2;2 203 213,3;2 423 548,6;3 631 807,6;4 555 153,6;5 201 321,6;5 533 093,3;5 745 663,5;6 140 037,8;;;;;;;;;;;;;;;;;;;;;;;;;;;;;;;;;;;;;
Образование;;;;;;;;;;;;222 509,0;250 240,8;319 123,3;392 386,0;494 804,8;616 020,4;784 848,3;932 338,0;1 071 139,1;1 250 236,8;1 336 036,7;1 527 686,3;1 645 319,0;1 700 611,0;1 749 877,1;;;;;;;;;;;;;;;;;;;;;;;;;;;;;;;;;;;;;
Здравоохранение и предоставление социальных услуг;;;;;;;;;;;;239 912,6;271 425,5;352 233,1;424 566,5;600 652,7;763 713,5;966 961,0;1 101 384,3;1 254 191,3;1 511 003,0;1 692 640,6;2 024 329,0;2 341 202,3;2 378 145,1;2 490 481,6;;;;;;;;;;;;;;;;;;;;;;;;;;;;;;;;;;;;;
Предоставление прочих коммунальных, социальных и персональных услуг;;;;;;;;;;;;25 695,5;31 579,2;40 159,2;50 329,8;63 578,0;80 352,4;103 943,9;125 856,7;199 861,5;272 769,0;316 803,9;357 039,0;416 935,7;461 063,5;468 883,9;;;;;;;;;;;;;;;;;;;;;;;;;;;;;;;;;;;;;
Деятельность домашних хозяйств;;;;;;;;;;;;;;;;;;;;-;-;-;-;-;-;-;;;;;;;;;;;;;;;;;;;;;;;;;;;;;;;;;;;;;
Итого в основных ценах;;;;;;;;;;;;1 032 991,3;1 269 000,5;1 613 740,9;1 933 572,9;2 486 790,7;3 079 411,9;3 915 455,3;4 563 027,0;5 191 304,0;7 133 654,9;8 484 959,0;9 803 295,1;10 686 131,7;11 047 498,2;11 595 447,9;;;;;;;;;;;;;;;;;;;;;;;;;;;;;;;;;;;;;
"Сектор ""Домашние хозяйства""";;;;;;;;;;;;;;;;;;;;;;;;;;;;;;;;;;;;;;;;;;;;;;;;;;;;;;;;;;;;;;;
Сельское хозяйство, охота и лесное хозяйство;;;;;;;;;;;;386 747,1;404 905,9;432 658,8;498 959,2;553 665,0;615 575,3;766 319,0;861 357,4;924 995,1;1 047 217,6;1 045 889,4;1 192 918,0;1 339 235,6;1 553 116,0;1 566 588,5;;;;;;;;;;;;;;;;;;;;;;;;;;;;;;;;;;;;;
Рыболовство, рыбоводство;;;;;;;;;;;;4 768,4;5 704,3;3 797,2;6 692,6;6 684,0;6 826,6;7 921,9;10 999,8;9 792,2;10 165,8;11 160,7;11 881,6;13 248,1;16 000,8;16 830,2;;;;;;;;;;;;;;;;;;;;;;;;;;;;;;;;;;;;;
Добыча полезных ископаемых;;;;;;;;;;;;970,2;1 192,5;147,6;450,6;720,8;1 100,5;184,2;113,8;217,5;251,3;293,9;169,8;187,5;458,4;472,7;;;;;;;;;;;;;;;;;;;;;;;;;;;;;;;;;;;;;
Обрабатывающие производства;;;;;;;;;;;;82 291,4;41 832,1;37 105,1;64 792,8;74 985,3;100 429,7;105 873,2;81 348,0;95 685,7;64 287,0;90 388,3;109 581,3;98 554,0;156 033,5;149 373,5;;;;;;;;;;;;;;;;;;;;;;;;;;;;;;;;;;;;;
Производство и распределение электроэнергии, газа и воды;;;;;;;;;;;;…;…;1 498,0;405,1;353,5;290,6;272,8;300,3;468,1;478,8;545,8;562,8;510,1;802,3;798,8;;;;;;;;;;;;;;;;;;;;;;;;;;;;;;;;;;;;;
Строительство;;;;;;;;;;;;45 920,5;55 137,1;76 557,5;93 336,9;102 934,7;143 050,3;179 672,6;191 177,5;193 464,9;204 555,1;236 182,9;256 619,0;323 690,1;411 780,8;443 631,6;;;;;;;;;;;;;;;;;;;;;;;;;;;;;;;;;;;;;
"Оптовая и розничная торговля; ремонт автотранспортных средств, мотоциклов, бытовых изделий и предметов личного пользования";;;;;;;;;;;;517 841,9;572 993,1;700 882,7;861 903,3;1 096 240,6;1 243 599,2;1 238 869,6;1 389 066,6;1 295 218,4;1 540 949,1;1 692 595,0;1 766 598,5;1 718 621,8;1 758 549,0;1 705 398,6;;;;;;;;;;;;;;;;;;;;;;;;;;;;;;;;;;;;;
Гостиницы и рестораны;;;;;;;;;;;;17 140,1;11 555,5;18 888,5;32 173,8;49 511,1;79 090,6;96 749,0;98 538,6;96 828,4;114 177,0;120 096,6;125 912,8;133 195,4;161 620,9;161 029,8;;;;;;;;;;;;;;;;;;;;;;;;;;;;;;;;;;;;;
Транспорт и связь;;;;;;;;;;;;48 950,5;55 702,3;55 514,4;68 396,6;94 562,8;133 990,0;176 582,8;190 136,1;231 535,0;260 139,1;315 352,1;324 562,8;381 164,3;430 220,7;454 110,7;;;;;;;;;;;;;;;;;;;;;;;;;;;;;;;;;;;;;
Финансовая деятельность;;;;;;;;;;;;-;-;-;-;-;-;-;-;19 008,7;19 513,5;21 536,1;35 363,3;36 715,1;35 657,1;42 819,4;;;;;;;;;;;;;;;;;;;;;;;;;;;;;;;;;;;;;
Операции с недвижимым имуществом, аренда и предоставление услуг;;;;;;;;;;;;131 116,7;130 592,5;290 621,4;397 148,0;489 593,3;569 356,1;660 641,7;727 860,7;1 034 903,4;4 019 331,8;4 869 029,1;4 913 344,4;5 091 036,6;5 336 984,0;5 610 255,3;;;;;;;;;;;;;;;;;;;;;;;;;;;;;;;;;;;;;
"Государственное управление 
и обеспечение военной безопасности; социальное страхование";;;;;;;;;;;;-;-;-;-;-;-;-;-;-;-;-;-;-;-;-;;;;;;;;;;;;;;;;;;;;;;;;;;;;;;;;;;;;;
Образование;;;;;;;;;;;;6 600,8;8 607,5;10 289,6;14 413,3;18 747,8;24 506,2;21 902,4;25 427,3;25 319,2;33 083,9;72 382,8;81 643,8;87 626,8;103 510,6;104 651,0;;;;;;;;;;;;;;;;;;;;;;;;;;;;;;;;;;;;;
Здравоохранение и предоставление социальных услуг;;;;;;;;;;;;18 141,9;16 688,9;19 355,0;23 696,4;28 886,5;25 779,2;27 502,0;29 376,0;27 828,2;34 553,4;51 794,5;58 238,1;60 482,6;69 945,6;74 403,1;;;;;;;;;;;;;;;;;;;;;;;;;;;;;;;;;;;;;
Предоставление прочих коммунальных, социальных и персональных услуг;;;;;;;;;;;;4 800,1;8 640,0;10 822,5;18 485,9;21 465,7;26 031,2;34 427,3;42 586,1;50 327,0;59 706,5;109 147,9;128 822,0;139 084,7;192 218,2;192 732,3;;;;;;;;;;;;;;;;;;;;;;;;;;;;;;;;;;;;;
Деятельность домашних хозяйств;;;;;;;;;;;;;;;;;;;;46,6;338 573,0;375 849,0;406 093,2;436 077,0;482 588,4;506 278,7;;;;;;;;;;;;;;;;;;;;;;;;;;;;;;;;;;;;;
Итого в основных ценах;;;;;;;;;;;;1 265 289,5;1 313 551,8;1 658 138,2;2 080 854,4;2 538 351,2;2 969 625,7;3 316 918,6;3 648 288,3;4 005 638,5;7 746 983,1;9 012 243,9;9 412 311,4;9 859 429,8;10 709 486,2;11 029 374,2;;;;;;;;;;;;;;;;;;;;;;;;;;;;;;;;;;;;;
"Сектор ""Некоммерческие организации, обслуживающие домашние хозяйства""";;;;;;;;;;;;;;;;;;;;;;;;;;;;;;;;;;;;;;;;;;;;;;;;;;;;;;;;;;;;;;;
Сельское хозяйство, охота и лесное хозяйство;;;;;;;;;;;;-;-;-;-;-;-;-;-;-;-;-;-;-;-;-;;;;;;;;;;;;;;;;;;;;;;;;;;;;;;;;;;;;;
Рыболовство, рыбоводство;;;;;;;;;;;;-;-;-;-;-;-;-;-;-;-;-;-;-;-;-;;;;;;;;;;;;;;;;;;;;;;;;;;;;;;;;;;;;;
Добыча полезных ископаемых;;;;;;;;;;;;-;-;-;-;-;-;-;-;-;-;-;-;-;-;-;;;;;;;;;;;;;;;;;;;;;;;;;;;;;;;;;;;;;
Обрабатывающие производства;;;;;;;;;;;;-;-;-;-;-;-;-;-;-;-;-;-;-;-;-;;;;;;;;;;;;;;;;;;;;;;;;;;;;;;;;;;;;;
Производство и распределение электроэнергии, газа и воды;;;;;;;;;;;;-;-;-;-;-;-;-;-;-;-;-;-;-;-;-;;;;;;;;;;;;;;;;;;;;;;;;;;;;;;;;;;;;;
Строительство;;;;;;;;;;;;-;-;-;-;-;-;-;-;-;-;-;-;-;-;-;;;;;;;;;;;;;;;;;;;;;;;;;;;;;;;;;;;;;
"Оптовая и розничная торговля; ремонт автотранспортных средств, мотоциклов, бытовых изделий и предметов личного пользования";;;;;;;;;;;;-;-;-;-;-;-;-;-;-;-;-;-;-;-;-;;;;;;;;;;;;;;;;;;;;;;;;;;;;;;;;;;;;;
Гостиницы и рестораны;;;;;;;;;;;;4 382,3;4 816,8;3 787,1;6 229,4;6 722,1;7 262,1;8 045,4;6 320,0;5 453,7;5 568,5;6 172,5;5 516,5;5 079,5;5 159,2;5 475,3;;;;;;;;;;;;;;;;;;;;;;;;;;;;;;;;;;;;;
Транспорт и связь;;;;;;;;;;;;-;-;-;-;-;-;-;-;-;-;-;-;-;-;-;;;;;;;;;;;;;;;;;;;;;;;;;;;;;;;;;;;;;
Финансовая деятельность;;;;;;;;;;;;-;-;-;-;-;-;-;-;-;-;-;-;-;-;-;;;;;;;;;;;;;;;;;;;;;;;;;;;;;;;;;;;;;
Операции с недвижимым имуществом, аренда и предоставление услуг;;;;;;;;;;;;2 221,2;2 896,5;3 211,9;1 037,9;1 361,7;1 158,5;1 169,6;19 932,4;21 051,4;20 300,2;22 087,6;22 587,3;24 855,7;27 461,1;29 387,3;;;;;;;;;;;;;;;;;;;;;;;;;;;;;;;;;;;;;
"Государственное управление 
и обеспечение военной безопасности; социальное страхование";;;;;;;;;;;;-;-;-;-;-;-;-;-;-;-;-;-;-;-;-;;;;;;;;;;;;;;;;;;;;;;;;;;;;;;;;;;;;;
Образование;;;;;;;;;;;;7 312,7;8 386,2;5 777,1;5 453,0;4 378,5;3 673,8;4 053,4;6 552,5;7 013,5;6 559,4;6 915,4;7 451,3;7 418,6;7 660,3;8 722,1;;;;;;;;;;;;;;;;;;;;;;;;;;;;;;;;;;;;;
Здравоохранение и предоставление социальных услуг;;;;;;;;;;;;11 604,8;13 008,2;16 649,8;10 944,0;12 670,5;13 760,4;13 880,3;11 233,5;11 324,7;12 655,7;13 117,5;13 021,9;14 476,4;13 095,3;13 734,7;;;;;;;;;;;;;;;;;;;;;;;;;;;;;;;;;;;;;
Предоставление прочих коммунальных, социальных и персональных услуг;;;;;;;;;;;;50 877,6;58 406,7;53 908,7;52 145,5;58 768,3;62 426,8;74 091,1;69 635,5;72 898,7;75 804,8;84 014,8;89 504,0;102 582,5;112 789,7;123 219,4;;;;;;;;;;;;;;;;;;;;;;;;;;;;;;;;;;;;;
Деятельность домашних хозяйств;;;;;;;;;;;;;;;;;;;;-;-;-;-;-;-;-;;;;;;;;;;;;;;;;;;;;;;;;;;;;;;;;;;;;;
Итого в основных ценах;;;;;;;;;;;;76 398,7;87 514,4;83 334,6;75 810,0;83 901,1;88 281,7;101 239,8;113 673,9;117 742,0;120 888,6;132 307,7;138 081,0;154 412,7;166 165,6;180 538,8;;;;;;;;;;;;;;;;;;;;;;;;;;;;;;;;;;;;;
В соответствии с Общероссийским классификатором видов экономической деятельности ОК 029-2014 (КДЕС Ред.2) ОКВЭД2;;;;;;;;;;;;;;;;;;;;;;;;;;;;;;;;;;;;;;;;;;;;;;;;;;;;;;;;;;;;;;;
"Выпуск товаров и услуг по видам экономической деятельности и секторам (в текущих ценах; миллионов рублей)";;;;;;;;;;;;;;;;;;;;;;;;;;;;;;;;;;;;;;;;;;;;;;;;;;;;;;;;;;;;;;;
"Сектор ""Нефинансовые корпорации""";;;;;;;;;;;;;;;;;;;;;;;;;;;;;;;;;;;;;;;;;;;;;;;;;;;;;;;;;;;;;;;
Сельское, лесное хозяйство, охота, рыболовство и рыбоводство;;;;;;;;;;;;;;;;;;;;;2 148 176,0;2 256 075,2;2 445 221,2;2 935 220,6;3 673 731,9;3 979 947,0;4 054 665,0;4 460 484,8;4 907 980,3;5 359 315,9;6 643 192,3;…;…;…;;;;;;;;;;;;;;;;;;;;;;;;;;;;;
Добыча полезных ископаемых;;;;;;;;;;;;;;;;;;;;;7 340 811,4;8 331 791,5;8 934 885,6;9 519 371,4;10 933 096,6;11 368 082,5;13 511 210,0;17 573 547,3;17 902 858,8;14 364 962,3;23 302 800,5;…;…;…;;;;;;;;;;;;;;;;;;;;;;;;;;;;;
Обрабатывающие производства;;;;;;;;;;;;;;;;;;;;;24 182 333,0;26 629 941,8;28 539 545,1;31 246 732,1;35 066 389,3;36 732 795,0;40 403 486,3;47 278 103,9;50 031 826,7;50 139 227,7;65 290 511,8;…;…;…;;;;;;;;;;;;;;;;;;;;;;;;;;;;;
"Обеспечение электрической энергией, газом и паром; кондиционирование воздуха";;;;;;;;;;;;;;;;;;;;;5 645 954,1;5 704 527,9;6 347 138,3;6 699 967,7;6 949 665,1;7 561 041,5;7 907 607,0;8 384 773,7;8 701 684,2;8 717 270,8;9 590 992,2;…;…;…;;;;;;;;;;;;;;;;;;;;;;;;;;;;;
"Водоснабжение; воотведение, организация сбора и утилизации отходов, деятельность по ликвидации загрязнений";;;;;;;;;;;;;;;;;;;;;615 044,4;682 751,6;750 450,7;844 163,8;951 944,1;882 082,9;1 036 672,6;1 216 551,2;1 296 329,3;1 580 682,2;2 060 307,7;…;…;…;;;;;;;;;;;;;;;;;;;;;;;;;;;;;
Строительство;;;;;;;;;;;;;;;;;;;;;7 331 164,9;8 314 134,2;8 410 229,3;8 646 249,5;9 075 372,0;9 694 499,0;10 348 282,4;10 989 465,8;11 172 680,4;11 061 380,8;12 683 651,8;…;…;…;;;;;;;;;;;;;;;;;;;;;;;;;;;;;
"Торговля оптовая и розничная; ремонт автотранспортных средств 
и мотоциклов";;;;;;;;;;;;;;;;;;;;;11 690 023,6;12 852 081,0;13 822 764,6;15 545 909,7;17 285 888,0;16 741 317,9;17 816 000,3;19 043 387,4;19 412 682,5;19 102 928,8;25 098 524,0;…;…;…;;;;;;;;;;;;;;;;;;;;;;;;;;;;;
Транспортировка и храние;;;;;;;;;;;;;;;;;;;;;6 288 627,9;7 195 945,0;8 117 870,4;8 573 927,5;10 023 273,8;10 998 729,0;11 706 607,1;12 921 975,2;13 928 250,9;13 135 950,3;15 811 939,0;…;…;…;;;;;;;;;;;;;;;;;;;;;;;;;;;;;
Деятельность гостиниц и предприятий общественного питания;;;;;;;;;;;;;;;;;;;;;672 222,3;780 611,8;825 682,6;908 057,7;1 026 867,2;1 072 490,2;1 232 363,1;1 383 162,5;1 549 416,7;1 282 037,1;1 815 011,9;…;…;…;;;;;;;;;;;;;;;;;;;;;;;;;;;;;
"Деятельность в области информации 
и связи";;;;;;;;;;;;;;;;;;;;;2 362 663,2;2 687 136,4;2 916 757,9;3 158 979,2;3 398 658,7;3 569 439,9;3 926 347,1;4 258 312,8;4 719 561,2;5 178 103,7;6 257 511,5;…;…;…;;;;;;;;;;;;;;;;;;;;;;;;;;;;;
Деятельность финансовая и страховая;;;;;;;;;;;;;;;;;;;;;-;-;-;-;-;-;-;-;-;0,0;0,0;…;…;…;;;;;;;;;;;;;;;;;;;;;;;;;;;;;
"Деятельность по операциям 
с недвижимым имуществом";;;;;;;;;;;;;;;;;;;;;2 401 582,5;2 615 884,0;3 010 023,7;3 280 209,4;3 509 236,4;3 659 948,3;3 999 115,7;4 320 079,2;4 477 221,6;4 362 669,3;4 811 565,0;…;…;…;;;;;;;;;;;;;;;;;;;;;;;;;;;;;
Деятельность профессиональная, научная и техническая;;;;;;;;;;;;;;;;;;;;;2 898 244,5;3 205 990,6;3 806 856,5;4 328 181,6;4 694 937,2;4 799 555,8;5 107 692,0;5 256 313,5;5 767 446,1;6 710 546,5;6 594 312,2;…;…;…;;;;;;;;;;;;;;;;;;;;;;;;;;;;;
"Деятельность административная 
и сопутствующие дополнительные услуги";;;;;;;;;;;;;;;;;;;;;1 116 707,1;1 228 711,2;1 522 701,1;1 663 919,5;2 101 115,4;2 311 542,5;2 446 601,4;2 499 833,4;2 579 204,1;2 702 488,7;3 346 454,4;…;…;…;;;;;;;;;;;;;;;;;;;;;;;;;;;;;
"Государственное управление 
и обеспечение военной безопасности;  социальное отрахование";;;;;;;;;;;;;;;;;;;;;-;-;-;-;-;-;-;-;-;0,0;0,0;…;…;…;;;;;;;;;;;;;;;;;;;;;;;;;;;;;
Образование;;;;;;;;;;;;;;;;;;;;;151 773,4;170 678,1;180 964,8;194 243,5;191 761,8;223 547,5;237 623,5;261 673,5;176 676,8;185 093,0;194 316,6;…;…;…;;;;;;;;;;;;;;;;;;;;;;;;;;;;;
Деятельность в области здравоохранения и социальных услуг;;;;;;;;;;;;;;;;;;;;;359 414,7;360 821,9;377 122,5;457 060,7;584 393,7;617 183,4;722 447,1;836 836,1;989 497,3;1 219 213,0;1 547 591,8;…;…;…;;;;;;;;;;;;;;;;;;;;;;;;;;;;;
Деятельность в области культуры, спорта, организации досуга и развлечений;;;;;;;;;;;;;;;;;;;;;148 841,6;159 640,6;200 990,4;235 110,6;286 812,5;321 930,2;362 008,6;472 302,5;499 556,1;432 819,3;641 841,7;…;…;…;;;;;;;;;;;;;;;;;;;;;;;;;;;;;
Предоставление прочих видов услуг;;;;;;;;;;;;;;;;;;;;;175 993,2;166 771,2;188 601,3;201 144,8;247 564,4;315 975,4;358 748,9;377 989,3;408 204,0;427 072,9;457 013,4;…;…;…;;;;;;;;;;;;;;;;;;;;;;;;;;;;;
"Деятельность домашних хозяйств 
как работодателей; недифференцированная деятельность частных домашних хозяйств 
по производству товаров и оказанию услуг для собственного потребления ";;;;;;;;;;;;;;;;;;;;;-;-;-;-;-;-;-;-;-;-;-;-;-;-;;;;;;;;;;;;;;;;;;;;;;;;;;;;;
Итого в основных ценах;;;;;;;;;;;;;;;;;;;;;75 529 577,9;83 343 494,2;90 397 806,3;98 438 449,2;110 000 708,2;114 850 108,0;125 177 478,1;141 534 792,3;148 521 077,0;145 961 762,4;186 147 537,8;…;…;…;;;;;;;;;;;;;;;;;;;;;;;;;;;;;
"Сектор ""Финансовые корпорации""";;;;;;;;;;;;;;;;;;;;;;;;;;;;;;;;;;;;;;;;;;;;;;;;;;;;;;;;;;;;;;;
Сельское, лесное хозяйство, охота, рыболовство и рыбоводство;;;;;;;;;;;;;;;;;;;;;-;-;-;-;-;-;-;-;-;-;-;-;-;-;;;;;;;;;;;;;;;;;;;;;;;;;;;;;
Добыча полезных ископаемых;;;;;;;;;;;;;;;;;;;;;-;-;-;-;-;-;-;-;-;-;-;-;-;-;;;;;;;;;;;;;;;;;;;;;;;;;;;;;
Обрабатывающие производства;;;;;;;;;;;;;;;;;;;;;-;-;-;-;-;-;-;-;-;-;-;-;-;-;;;;;;;;;;;;;;;;;;;;;;;;;;;;;
"Обеспечение электрической энергией, газом и паром; кондиционирование воздуха";;;;;;;;;;;;;;;;;;;;;-;-;-;-;-;-;-;-;-;-;-;-;-;-;;;;;;;;;;;;;;;;;;;;;;;;;;;;;
"Водоснабжение; воотведение, организация сбора и утилизации отходов, деятельность по ликвидации загрязнений";;;;;;;;;;;;;;;;;;;;;-;-;-;-;-;-;-;-;-;-;-;-;-;-;;;;;;;;;;;;;;;;;;;;;;;;;;;;;
Строительство;;;;;;;;;;;;;;;;;;;;;-;-;-;-;-;-;-;-;-;-;-;-;-;-;;;;;;;;;;;;;;;;;;;;;;;;;;;;;
"Торговля оптовая и розничная; ремонт автотранспортных средств 
и мотоциклов";;;;;;;;;;;;;;;;;;;;;-;-;-;-;-;-;-;-;-;-;-;-;-;-;;;;;;;;;;;;;;;;;;;;;;;;;;;;;
Транспортировка и храние;;;;;;;;;;;;;;;;;;;;;-;-;-;-;-;-;-;-;-;-;-;-;-;-;;;;;;;;;;;;;;;;;;;;;;;;;;;;;
Деятельность гостиниц и предприятий общественного питания;;;;;;;;;;;;;;;;;;;;;-;-;-;-;-;-;-;-;-;-;-;-;-;-;;;;;;;;;;;;;;;;;;;;;;;;;;;;;
"Деятельность в области информации 
и связи";;;;;;;;;;;;;;;;;;;;;-;-;-;-;-;-;-;-;-;-;-;-;-;-;;;;;;;;;;;;;;;;;;;;;;;;;;;;;
Деятельность финансовая и страховая;;;;;;;;;;;;;;;;;;;;;2 821 430,3;3 464 102,5;4 001 032,3;4 310 014,7;3 900 652,4;4 748 208,9;5 049 638,3;5 676 184,5;6 107 024,5;6 956 301,2;8 738 599,3;…;…;…;;;;;;;;;;;;;;;;;;;;;;;;;;;;;
"Деятельность по операциям 
с недвижимым имуществом";;;;;;;;;;;;;;;;;;;;;-;-;-;-;-;-;-;-;-;-;-;-;-;-;;;;;;;;;;;;;;;;;;;;;;;;;;;;;
Деятельность профессиональная, научная и техническая;;;;;;;;;;;;;;;;;;;;;-;-;-;-;-;-;-;-;-;-;-;-;-;-;;;;;;;;;;;;;;;;;;;;;;;;;;;;;
"Деятельность административная 
и сопутствующие дополнительные услуги";;;;;;;;;;;;;;;;;;;;;-;-;-;-;-;-;-;-;-;-;-;-;-;-;;;;;;;;;;;;;;;;;;;;;;;;;;;;;
"Государственное управление 
и обеспечение военной безопасности;  социальное отрахование";;;;;;;;;;;;;;;;;;;;;-;-;-;-;-;-;-;-;-;-;-;-;-;-;;;;;;;;;;;;;;;;;;;;;;;;;;;;;
Образование;;;;;;;;;;;;;;;;;;;;;-;-;-;-;-;-;-;-;-;-;-;-;-;-;;;;;;;;;;;;;;;;;;;;;;;;;;;;;
Деятельность в области здравоохранения и социальных услуг;;;;;;;;;;;;;;;;;;;;;-;-;-;-;-;-;-;-;-;-;-;-;-;-;;;;;;;;;;;;;;;;;;;;;;;;;;;;;
"Деятельность в области культуры, спорта, организации досуга 
и развлечений";;;;;;;;;;;;;;;;;;;;;-;-;-;-;-;-;-;-;-;-;-;-;-;-;;;;;;;;;;;;;;;;;;;;;;;;;;;;;
Предоставление прочих видов услуг;;;;;;;;;;;;;;;;;;;;;-;-;-;-;-;-;-;-;-;-;-;-;-;-;;;;;;;;;;;;;;;;;;;;;;;;;;;;;
"Деятельность домашних хозяйств 
как работодателей; недифференцированная деятельность частных домашних хозяйств 
по производству товаров и оказанию услуг для собственного потребления ";;;;;;;;;;;;;;;;;;;;;-;-;-;-;-;-;-;-;-;-;-;-;-;-;;;;;;;;;;;;;;;;;;;;;;;;;;;;;
Итого в основных ценах;;;;;;;;;;;;;;;;;;;;;2 821 430,3;3 464 102,5;4 001 032,3;4 310 014,7;3 900 652,4;4 748 208,9;5 049 638,3;5 676 184,5;6 107 024,5;6 956 301,2;8 738 599,3;…;…;…;;;;;;;;;;;;;;;;;;;;;;;;;;;;;
"Сектор ""Государственное управление""";;;;;;;;;;;;;;;;;;;;;;;;;;;;;;;;;;;;;;;;;;;;;;;;;;;;;;;;;;;;;;;
Сельское, лесное хозяйство, охота, рыболовство и рыбоводство;;;;;;;;;;;;;;;;;;;;;38 262,6;46 956,2;50 049,2;56 021,1;56 118,8;54 507,7;33 646,5;47 717,1;84 373,7;95 733,7;101 307,0;…;…;…;;;;;;;;;;;;;;;;;;;;;;;;;;;;;
Добыча полезных ископаемых;;;;;;;;;;;;;;;;;;;;;-;-;-;-;-;-;-;-;-;-;0,0;…;…;…;;;;;;;;;;;;;;;;;;;;;;;;;;;;;
Обрабатывающие производства;;;;;;;;;;;;;;;;;;;;;-;16 363,4;14 238,2;15 159,5;14 036,6;17 178,6;23 792,9;25 366,2;2 797,2;4 130,4;5 581,3;…;…;…;;;;;;;;;;;;;;;;;;;;;;;;;;;;;
"Обеспечение электрической энергией, газом и паром; кондиционирование воздуха";;;;;;;;;;;;;;;;;;;;;-;3 084,2;2 671,6;2 962,9;2 364,6;2 919,8;4 422,7;5 057,5;8 407,7;14 390,8;17 103,4;…;…;…;;;;;;;;;;;;;;;;;;;;;;;;;;;;;
"Водоснабжение; воотведение, организация сбора и утилизации отходов, деятельность по ликвидации загрязнений";;;;;;;;;;;;;;;;;;;;;-;1 312,0;1 919,1;2 960,5;3 504,2;4 431,6;365,1;418,4;32 152,5;21 176,0;35 852,6;…;…;…;;;;;;;;;;;;;;;;;;;;;;;;;;;;;
Строительство;;;;;;;;;;;;;;;;;;;;;-;-;-;-;-;-;-;-;38 072,9;47 408,8;49 300,9;…;…;…;;;;;;;;;;;;;;;;;;;;;;;;;;;;;
"Торговля оптовая и розничная; ремонт автотранспортных средств 
и мотоциклов";;;;;;;;;;;;;;;;;;;;;-;-;-;-;-;-;-;-;-;-;-;-;-;-;;;;;;;;;;;;;;;;;;;;;;;;;;;;;
Транспортировка и храние;;;;;;;;;;;;;;;;;;;;;19 311,9;28 255,1;36 385,7;64 398,5;67 038,9;58 015,3;64 660,3;57 855,6;241 224,5;294 589,8;315 190,8;…;…;…;;;;;;;;;;;;;;;;;;;;;;;;;;;;;
Деятельность гостиниц и предприятий общественного питания;;;;;;;;;;;;;;;;;;;;;5 398,4;28 817,5;29 476,0;34 164,3;29 490,9;33 889,6;38 671,6;41 426,8;16 059,7;14 149,3;29 723,2;…;…;…;;;;;;;;;;;;;;;;;;;;;;;;;;;;;
"Деятельность в области информации 
и связи";;;;;;;;;;;;;;;;;;;;;27 924,8;37 043,7;41 955,8;42 979,1;42 472,9;44 452,4;41 780,4;45 288,0;173 865,7;209 218,3;131 954,9;…;…;…;;;;;;;;;;;;;;;;;;;;;;;;;;;;;
Деятельность финансовая и страховая;;;;;;;;;;;;;;;;;;;;;-;-;-;-;-;-;-;-;-;-;0,0;…;…;…;;;;;;;;;;;;;;;;;;;;;;;;;;;;;
"Деятельность по операциям 
с недвижимым имуществом";;;;;;;;;;;;;;;;;;;;;81 128,3;100 652,7;107 947,8;115 714,6;121 448,9;136 839,0;133 271,6;113 829,0;203 642,8;224 563,9;240 521,0;…;…;…;;;;;;;;;;;;;;;;;;;;;;;;;;;;;
Деятельность профессиональная, научная и техническая;;;;;;;;;;;;;;;;;;;;;468 570,1;574 492,2;648 987,4;691 667,3;751 035,3;754 575,4;809 441,6;924 745,8;1 146 517,8;1 188 961,8;1 113 497,3;…;…;…;;;;;;;;;;;;;;;;;;;;;;;;;;;;;
"Деятельность административная 
и сопутствующие дополнительные услуги";;;;;;;;;;;;;;;;;;;;;-;1 235,7;1 968,7;1 613,8;1 660,4;-;-;-;359 964,8;328 161,5;345 073,3;…;…;…;;;;;;;;;;;;;;;;;;;;;;;;;;;;;
"Государственное управление 
и обеспечение военной безопасности;  социальное отрахование";;;;;;;;;;;;;;;;;;;;;5 991 022,9;7 170 531,8;8 044 483,4;8 182 750,6;8 468 248,7;9 389 806,3;10 085 354,0;10 764 870,0;10 364 504,0;11 110 552,9;12 211 866,6;…;…;…;;;;;;;;;;;;;;;;;;;;;;;;;;;;;
Образование;;;;;;;;;;;;;;;;;;;;;2 022 259,9;2 137 650,5;2 392 157,3;2 517 192,2;2 634 211,2;2 761 529,5;2 867 833,1;3 206 519,3;3 924 534,3;3 982 970,1;4 340 477,5;…;…;…;;;;;;;;;;;;;;;;;;;;;;;;;;;;;
Деятельность в области здравоохранения и социальных услуг;;;;;;;;;;;;;;;;;;;;;2 049 065,0;2 307 417,1;2 551 732,8;2 958 091,8;3 063 077,3;3 097 216,4;3 226 113,3;3 787 795,4;3 991 861,3;4 529 015,7;5 284 976,4;…;…;…;;;;;;;;;;;;;;;;;;;;;;;;;;;;;
"Деятельность в области культуры, спорта, организации досуга 
и развлечений";;;;;;;;;;;;;;;;;;;;;417 042,5;490 904,3;529 295,7;609 804,8;657 332,6;683 133,4;723 422,2;843 391,1;908 107,4;851 081,5;970 502,0;…;…;…;;;;;;;;;;;;;;;;;;;;;;;;;;;;;
Предоставление прочих видов услуг;;;;;;;;;;;;;;;;;;;;;-;2 732,1;3 716,4;3 850,4;6 360,7;6 788,6;7 603,2;7 912,4;21 623,2;26 490,7;39 774,1;…;…;…;;;;;;;;;;;;;;;;;;;;;;;;;;;;;
"Деятельность домашних хозяйств 
как работодателей; недифференцированная деятельность частных домашних хозяйств по производству товаров и оказанию услуг для собственного потребления ";;;;;;;;;;;;;;;;;;;;;-;-;-;-;-;-;-;-;-;-;-;-;-;-;;;;;;;;;;;;;;;;;;;;;;;;;;;;;
Итого в основных ценах;;;;;;;;;;;;;;;;;;;;;11 119 986,3;12 947 448,3;14 456 985,2;15 299 331,4;15 918 401,9;17 045 283,6;18 060 378,5;19 872 192,6;21 517 709,3;22 942 595,1;25 232 702,3;…;…;…;;;;;;;;;;;;;;;;;;;;;;;;;;;;;
"Сектор ""Домашние хозяйства""";;;;;;;;;;;;;;;;;;;;;;;;;;;;;;;;;;;;;;;;;;;;;;;;;;;;;;;;;;;;;;;
Сельское, лесное хозяйство, охота, рыболовство и рыбоводство;;;;;;;;;;;;;;;;;;;;;1 640 710,7;1 647 546,5;1 797 131,7;1 992 119,8;2 267 558,6;2 358 413,2;2 366 568,6;2 406 301,9;2 557 658,8;2 796 161,5;3 242 903,8;…;…;…;;;;;;;;;;;;;;;;;;;;;;;;;;;;;
Добыча полезных ископаемых;;;;;;;;;;;;;;;;;;;;;487,3;587,5;371,3;407,8;983,6;1 026,9;1 037,4;1 235,0;2 226,7;4 616,6;2 690,4;…;…;…;;;;;;;;;;;;;;;;;;;;;;;;;;;;;
Обрабатывающие производства;;;;;;;;;;;;;;;;;;;;;617 891,1;712 961,7;796 628,5;842 769,8;1 015 071,8;1 030 303,9;1 123 569,7;1 211 529,3;1 320 444,3;1 125 231,6;1 295 735,7;…;…;…;;;;;;;;;;;;;;;;;;;;;;;;;;;;;
"Обеспечение электрической энергией, газом и паром; кондиционирование воздуха";;;;;;;;;;;;;;;;;;;;;1 289,8;1 775,7;1 640,1;1 911,4;2 274,1;2 361,5;3 440,5;3 543,9;6 108,4;7 116,3;6 818,5;…;…;…;;;;;;;;;;;;;;;;;;;;;;;;;;;;;
"Водоснабжение; воотведение, организация сбора и утилизации отходов, деятельность по ликвидации загрязнений";;;;;;;;;;;;;;;;;;;;;6 079,5;13 698,3;16 249,9;17 804,5;24 681,8;26 867,0;28 193,9;26 734,0;26 277,7;9 498,0;54 553,7;…;…;…;;;;;;;;;;;;;;;;;;;;;;;;;;;;;
Строительство;;;;;;;;;;;;;;;;;;;;;478 015,7;517 243,2;568 234,8;707 612,3;890 196,9;966 346,8;1 028 576,0;1 127 632,4;1 342 918,8;1 518 372,6;1 688 038,0;…;…;…;;;;;;;;;;;;;;;;;;;;;;;;;;;;;
"Торговля оптовая и розничная; ремонт автотранспортных средств 
и мотоциклов";;;;;;;;;;;;;;;;;;;;;2 459 184,9;2 779 754,0;2 966 206,4;2 906 370,6;2 838 913,3;2 778 985,1;2 781 024,0;2 764 304,9;2 946 149,9;2 705 839,0;2 943 117,5;…;…;…;;;;;;;;;;;;;;;;;;;;;;;;;;;;;
Транспортировка и храние;;;;;;;;;;;;;;;;;;;;;490 879,4;582 119,5;605 110,6;720 355,3;815 037,2;884 983,5;949 536,6;980 514,7;1 044 997,4;1 001 758,2;1 153 893,9;…;…;…;;;;;;;;;;;;;;;;;;;;;;;;;;;;;
Деятельность гостиниц и предприятий общественного питания;;;;;;;;;;;;;;;;;;;;;251 522,0;285 950,6;314 945,8;341 931,4;371 373,9;378 448,0;387 260,1;404 349,7;420 727,6;361 857,4;446 145,0;…;…;…;;;;;;;;;;;;;;;;;;;;;;;;;;;;;
"Деятельность в области информации 
и связи";;;;;;;;;;;;;;;;;;;;;37 865,8;39 944,1;41 345,8;46 943,1;96 510,3;117 879,9;204 953,2;229 885,2;302 219,7;395 609,0;517 803,4;…;…;…;;;;;;;;;;;;;;;;;;;;;;;;;;;;;
Деятельность финансовая и страховая;;;;;;;;;;;;;;;;;;;;;24 858,0;26 920,1;44 204,1;45 893,8;44 680,9;53 684,2;55 210,9;58 172,0;53 294,5;59 930,6;66 070,3;…;…;…;;;;;;;;;;;;;;;;;;;;;;;;;;;;;
"Деятельность по операциям 
с недвижимым имуществом";;;;;;;;;;;;;;;;;;;;;4 448 164,2;5 426 586,7;5 554 972,2;5 663 438,8;6 032 036,3;6 301 859,8;6 655 270,0;7 175 540,8;7 887 967,3;8 643 727,7;11 600 488,2;…;…;…;;;;;;;;;;;;;;;;;;;;;;;;;;;;;
Деятельность профессиональная, научная и техническая;;;;;;;;;;;;;;;;;;;;;122 937,5;152 687,5;169 448,3;193 871,7;264 042,1;329 079,3;451 196,4;542 677,1;647 222,3;732 310,5;900 322,0;…;…;…;;;;;;;;;;;;;;;;;;;;;;;;;;;;;
"Деятельность административная 
и сопутствующие дополнительные услуги";;;;;;;;;;;;;;;;;;;;;51 189,1;73 641,7;79 356,0;76 924,2;135 557,5;151 533,0;234 047,4;251 090,6;311 599,0;403 122,5;503 096,0;…;…;…;;;;;;;;;;;;;;;;;;;;;;;;;;;;;
"Государственное управление 
и обеспечение военной безопасности;  социальное отрахование";;;;;;;;;;;;;;;;;;;;;-;-;-;-;-;-;-;-;-;-;-;-;-;-;;;;;;;;;;;;;;;;;;;;;;;;;;;;;
Образование;;;;;;;;;;;;;;;;;;;;;40 820,3;88 510,1;99 902,3;107 435,7;124 836,2;127 143,0;135 545,3;141 312,6;149 868,6;129 514,6;141 699,0;…;…;…;;;;;;;;;;;;;;;;;;;;;;;;;;;;;
Деятельность в области здравоохранения и социальных услуг;;;;;;;;;;;;;;;;;;;;;43 325,1;64 073,4;72 935,6;75 805,1;86 856,4;92 481,9;100 318,0;97 381,7;102 731,0;123 572,4;128 029,5;…;…;…;;;;;;;;;;;;;;;;;;;;;;;;;;;;;
"Деятельность в области культуры, спорта, организации досуга 
и развлечений";;;;;;;;;;;;;;;;;;;;;24 053,4;44 182,2;44 606,6;54 339,1;73 567,3;63 435,0;121 416,8;123 341,6;171 103,2;141 432,2;232 002,6;…;…;…;;;;;;;;;;;;;;;;;;;;;;;;;;;;;
Предоставление прочих видов услуг;;;;;;;;;;;;;;;;;;;;;78 256,6;142 246,0;162 778,0;170 454,1;209 720,6;219 131,8;239 714,8;271 679,7;302 744,6;332 636,1;423 690,0;…;…;…;;;;;;;;;;;;;;;;;;;;;;;;;;;;;
"Деятельность домашних хозяйств 
как работодателей; недифференцированная деятельность частных домашних хозяйств 
по производству товаров и оказанию услуг для собственного потребления ";;;;;;;;;;;;;;;;;;;;;338 573,0;375 849,0;406 093,2;436 077,0;482 588,4;506 278,7;503 443,1;596 881,7;523 043,4;388 120,0;380 955,1;…;…;…;;;;;;;;;;;;;;;;;;;;;;;;;;;;;
Итого в основных ценах;;;;;;;;;;;;;;;;;;;;;11 156 103,3;12 976 277,9;13 742 161,2;14 402 465,6;15 776 487,2;16 390 242,4;17 370 322,5;18 414 108,8;20 119 303,4;20 880 426,8;25 728 053,0;…;…;…;;;;;;;;;;;;;;;;;;;;;;;;;;;;;
"Сектор ""Некоммерческие организации, обслуживающие домашние хозяйства""";;;;;;;;;;;;;;;;;;;;;;;;;;;;;;;;;;;;;;;;;;;;;;;;;;;;;;;;;;;;;;;
Сельское, лесное хозяйство, охота, рыболовство и рыбоводство;;;;;;;;;;;;;;;;;;;;;-;-;-;-;-;-;-;-;-;-;-;-;-;-;;;;;;;;;;;;;;;;;;;;;;;;;;;;;
Добыча полезных ископаемых;;;;;;;;;;;;;;;;;;;;;-;-;-;-;-;-;-;-;-;-;-;-;-;-;;;;;;;;;;;;;;;;;;;;;;;;;;;;;
Обрабатывающие производства;;;;;;;;;;;;;;;;;;;;;-;-;-;-;-;-;-;-;-;-;-;-;-;-;;;;;;;;;;;;;;;;;;;;;;;;;;;;;
"Обеспечение электрической энергией, газом и паром; кондиционирование воздуха";;;;;;;;;;;;;;;;;;;;;-;-;-;-;-;-;-;-;-;-;-;-;-;-;;;;;;;;;;;;;;;;;;;;;;;;;;;;;
"Водоснабжение; воотведение, организация сбора и утилизации отходов, деятельность по ликвидации загрязнений";;;;;;;;;;;;;;;;;;;;;-;-;-;-;-;-;-;-;-;-;-;-;-;-;;;;;;;;;;;;;;;;;;;;;;;;;;;;;
Строительство;;;;;;;;;;;;;;;;;;;;;-;-;-;-;-;-;-;-;-;-;-;-;-;-;;;;;;;;;;;;;;;;;;;;;;;;;;;;;
"Торговля оптовая и розничная; ремонт автотранспортных средств 
и мотоциклов";;;;;;;;;;;;;;;;;;;;;-;-;-;-;-;-;-;-;-;-;-;-;-;-;;;;;;;;;;;;;;;;;;;;;;;;;;;;;
Транспортировка и храние;;;;;;;;;;;;;;;;;;;;;-;-;-;-;-;-;-;-;-;-;-;-;-;-;;;;;;;;;;;;;;;;;;;;;;;;;;;;;
Деятельность гостиниц и предприятий общественного питания;;;;;;;;;;;;;;;;;;;;;11 398,9;12 622,7;11 262,7;10 356,7;10 584,2;11 324,9;11 603,2;11 193,4;12 208,7;2 643,5;17 915,5;…;…;…;;;;;;;;;;;;;;;;;;;;;;;;;;;;;
"Деятельность в области информации 
и связи";;;;;;;;;;;;;;;;;;;;;357,4;347,3;373,2;807,0;902,9;997,8;1 130,3;1 292,4;1 414,4;9 759,0;22 649,7;…;…;…;;;;;;;;;;;;;;;;;;;;;;;;;;;;;
Деятельность финансовая и страховая;;;;;;;;;;;;;;;;;;;;;-;-;-;-;-;-;-;-;-;-;0,0;…;…;…;;;;;;;;;;;;;;;;;;;;;;;;;;;;;
"Деятельность по операциям 
с недвижимым имуществом";;;;;;;;;;;;;;;;;;;;;25 817,9;28 453,4;29 103,6;32 032,3;35 541,6;38 205,9;39 891,4;41 215,1;43 426,2;74 045,9;86 286,1;…;…;…;;;;;;;;;;;;;;;;;;;;;;;;;;;;;
Деятельность профессиональная, научная и техническая;;;;;;;;;;;;;;;;;;;;;1,6;1,7;1,9;2,0;2,3;2,5;2,9;3,3;3,4;40 645,3;87 341,7;…;…;…;;;;;;;;;;;;;;;;;;;;;;;;;;;;;
"Деятельность административная 
и сопутствующие дополнительные услуги";;;;;;;;;;;;;;;;;;;;;-;-;-;-;-;-;-;-;-;-;-;-;-;-;;;;;;;;;;;;;;;;;;;;;;;;;;;;;
"Государственное управление 
и обеспечение военной безопасности;  социальное отрахование";;;;;;;;;;;;;;;;;;;;;-;-;-;-;-;-;-;-;-;-;-;-;-;-;;;;;;;;;;;;;;;;;;;;;;;;;;;;;
Образование;;;;;;;;;;;;;;;;;;;;;9 968,6;10 431,9;11 301,7;11 263,0;11 817,5;13 436,1;14 616,8;16 426,3;17 803,6;89 521,0;98 480,1;…;…;…;;;;;;;;;;;;;;;;;;;;;;;;;;;;;
Деятельность в области здравоохранения и социальных услуг;;;;;;;;;;;;;;;;;;;;;25 992,0;26 844,8;26 717,3;29 569,8;26 826,3;28 336,0;28 785,5;31 164,3;31 600,0;128 646,6;152 334,8;…;…;…;;;;;;;;;;;;;;;;;;;;;;;;;;;;;
"Деятельность в области культуры, спорта, организации досуга 
и развлечений";;;;;;;;;;;;;;;;;;;;;23 258,0;23 443,6;24 799,5;27 160,0;28 925,9;31 117,6;34 268,0;38 648,9;39 202,7;88 075,3;100 323,3;…;…;…;;;;;;;;;;;;;;;;;;;;;;;;;;;;;
Предоставление прочих видов услуг;;;;;;;;;;;;;;;;;;;;;140 200,2;157 304,8;167 533,3;192 617,5;214 562,4;237 208,8;268 261,8;307 371,4;322 356,4;437 953,0;447 413,7;…;…;…;;;;;;;;;;;;;;;;;;;;;;;;;;;;;
"Деятельность домашних хозяйств 
как работодателей; недифференцированная деятельность частных домашних хозяйств 
по производству товаров и оказанию услуг для собственного потребления ";;;;;;;;;;;;;;;;;;;;;-;-;-;-;-;-;-;-;-;-;-;-;-;-;;;;;;;;;;;;;;;;;;;;;;;;;;;;;
Итого в основных ценах;;;;;;;;;;;;;;;;;;;;;236 994,6;259 450,2;271 093,1;303 808,4;329 163,0;360 629,8;398 559,9;447 315,2;468 015,6;871 289,6;1 012 744,8;…;…;…;;;;;;;;;;;;;;;;;;;;;;;;;;;;;
"Валовая добавленная стоимость по видам экономической деятельности и секторам (в текущих ценах; миллионов рублей)";;;;;;;;;;;;;;;;;;;;;;;;;;;;;;;;;;;;;;;;;;;;;;;;;;;;;;;;;;;;;;;
"Сектор ""Нефинансовые корпорации""";;;;;;;;;;;;;;;;;;;;;;;;;;;;;;;;;;;;;;;;;;;;;;;;;;;;;;;;;;;;;;;
Сельское, лесное хозяйство, охота, рыболовство и рыбоводство;;;;;;;;;;;;;;;;;;;;;806 588,3;898 778,6;941 457,4;1 259 976,9;1 605 405,3;1 661 166,0;1 728 088,4;1 935 516,0;2 198 968,3;2 481 229,9;2 745 172,3;…;…;…;;;;;;;;;;;;;;;;;;;;;;;;;;;;;
Добыча полезных ископаемых;;;;;;;;;;;;;;;;;;;;;4 943 280,7;5 563 103,2;5 910 541,9;6 231 263,4;7 275 345,1;7 422 647,7;9 028 093,3;12 409 054,2;12 621 575,7;9 190 357,6;16 011 051,8;…;…;…;;;;;;;;;;;;;;;;;;;;;;;;;;;;;
Обрабатывающие производства;;;;;;;;;;;;;;;;;;;;;6 833 024,2;7 679 085,9;7 957 195,9;8 856 493,1;10 131 984,3;9 866 565,5;11 137 975,6;13 138 802,9;14 022 223,4;14 216 144,7;17 363 192,9;…;…;…;;;;;;;;;;;;;;;;;;;;;;;;;;;;;
"Обеспечение электрической энергией, газом и паром; кондиционирование воздуха";;;;;;;;;;;;;;;;;;;;;1 631 235,7;1 668 654,8;1 808 831,7;1 844 452,8;2 075 483,4;2 256 669,4;2 401 171,8;2 454 278,8;2 559 496,5;2 569 167,4;2 809 342,4;…;…;…;;;;;;;;;;;;;;;;;;;;;;;;;;;;;
"Водоснабжение; воотведение, организация сбора и утилизации отходов, деятельность по ликвидации загрязнений";;;;;;;;;;;;;;;;;;;;;250 454,9;284 708,5;303 391,2;349 512,9;374 624,5;361 293,8;418 383,8;461 836,0;466 751,1;503 241,3;652 524,4;…;…;…;;;;;;;;;;;;;;;;;;;;;;;;;;;;;
Строительство;;;;;;;;;;;;;;;;;;;;;3 752 535,6;4 281 996,7;4 213 623,4;4 353 021,4;4 310 477,3;4 455 964,0;4 532 557,4;4 652 041,1;4 731 033,1;4 605 244,5;4 851 873,9;…;…;…;;;;;;;;;;;;;;;;;;;;;;;;;;;;;
"Торговля оптовая и розничная; ремонт автотранспортных средств 
и мотоциклов";;;;;;;;;;;;;;;;;;;;;7 521 027,0;8 206 705,0;8 574 447,8;9 464 368,9;10 085 666,6;9 630 091,8;10 038 612,8;10 909 069,9;10 997 322,0;10 338 776,8;14 358 888,6;…;…;…;;;;;;;;;;;;;;;;;;;;;;;;;;;;;
Транспортировка и храние;;;;;;;;;;;;;;;;;;;;;2 795 591,2;3 137 987,5;3 784 411,3;3 883 039,5;4 542 128,7;5 168 483,0;5 329 959,2;5 675 936,5;6 130 600,7;5 720 640,7;6 798 343,3;…;…;…;;;;;;;;;;;;;;;;;;;;;;;;;;;;;
Деятельность гостиниц и предприятий общественного питания;;;;;;;;;;;;;;;;;;;;;344 851,4;391 284,2;408 613,4;449 967,7;485 498,2;519 316,1;558 237,1;648 151,1;726 501,1;561 174,0;811 312,5;…;…;…;;;;;;;;;;;;;;;;;;;;;;;;;;;;;
"Деятельность в области информации 
и связи";;;;;;;;;;;;;;;;;;;;;1 310 929,6;1 549 631,4;1 616 192,2;1 680 735,0;1 793 631,5;1 853 813,4;1 987 782,9;2 137 561,2;2 329 400,0;2 577 443,0;3 071 373,5;…;…;…;;;;;;;;;;;;;;;;;;;;;;;;;;;;;
Деятельность финансовая и страховая;;;;;;;;;;;;;;;;;;;;;-;-;-;-;-;-;-;-;-;-;-;-;-;-;;;;;;;;;;;;;;;;;;;;;;;;;;;;;
"Деятельность по операциям 
с недвижимым имуществом";;;;;;;;;;;;;;;;;;;;;1 808 339,9;1 933 855,2;2 137 616,8;2 291 293,5;2 406 516,3;2 467 627,5;2 627 887,1;2 787 980,7;2 923 592,4;2 811 921,2;3 154 636,8;…;…;…;;;;;;;;;;;;;;;;;;;;;;;;;;;;;
Деятельность профессиональная, научная и техническая;;;;;;;;;;;;;;;;;;;;;1 614 552,8;1 778 943,3;2 116 064,3;2 366 739,1;2 575 369,3;2 652 624,6;2 800 605,7;2 778 355,5;3 061 563,2;3 451 717,8;3 346 497,2;…;…;…;;;;;;;;;;;;;;;;;;;;;;;;;;;;;
"Деятельность административная 
и сопутствующие дополнительные услуги";;;;;;;;;;;;;;;;;;;;;873 779,9;976 695,7;1 210 507,4;1 353 312,5;1 674 155,0;1 773 605,0;1 841 181,6;1 819 679,6;1 821 865,0;1 836 209,5;2 165 759,4;…;…;…;;;;;;;;;;;;;;;;;;;;;;;;;;;;;
"Государственное управление 
и обеспечение военной безопасности;  социальное отрахование";;;;;;;;;;;;;;;;;;;;;-;-;-;-;-;-;-;-;-;-;0,0;…;…;…;;;;;;;;;;;;;;;;;;;;;;;;;;;;;
Образование;;;;;;;;;;;;;;;;;;;;;112 663,0;120 752,8;114 935,6;119 702,4;118 318,6;135 503,1;143 930,2;157 724,7;105 182,6;110 293,0;122 063,5;…;…;…;;;;;;;;;;;;;;;;;;;;;;;;;;;;;
Деятельность в области здравоохранения и социальных услуг;;;;;;;;;;;;;;;;;;;;;199 755,4;198 809,5;203 786,3;244 706,0;313 889,6;333 709,5;389 037,8;447 439,7;529 864,3;651 399,1;844 822,4;…;…;…;;;;;;;;;;;;;;;;;;;;;;;;;;;;;
"Деятельность в области культуры, спорта, организации досуга 
и развлечений";;;;;;;;;;;;;;;;;;;;;91 561,1;101 766,1;126 016,9;130 499,1;159 251,3;176 238,7;197 381,1;227 636,0;257 558,5;209 275,1;332 016,8;…;…;…;;;;;;;;;;;;;;;;;;;;;;;;;;;;;
Предоставление прочих видов услуг;;;;;;;;;;;;;;;;;;;;;102 327,3;96 918,6;109 716,9;108 999,8;142 084,9;180 950,7;194 129,8;203 198,9;216 031,3;235 528,4;248 521,4;…;…;…;;;;;;;;;;;;;;;;;;;;;;;;;;;;;
"Деятельность домашних хозяйств 
как работодателей; недифференцированная деятельность частных домашних хозяйств 
по производству товаров и оказанию услуг для собственного потребления ";;;;;;;;;;;;;;;;;;;;;-;-;-;-;-;-;-;-;-;-;-;-;-;-;;;;;;;;;;;;;;;;;;;;;;;;;;;;;
Итого в основных ценах;;;;;;;;;;;;;;;;;;;;;34 992 498,2;38 869 677,2;41 537 350,3;44 988 084,2;50 069 830,0;50 916 269,8;55 355 015,6;62 844 262,9;65 699 529,2;62 069 763,8;79 687 393,1;…;…;…;;;;;;;;;;;;;;;;;;;;;;;;;;;;;
"Сектор ""Финансовые корпорации""";;;;;;;;;;;;;;;;;;;;;;;;;;;;;;;;;;;;;;;;;;;;;;;;;;;;;;;;;;;;;;;
Сельское, лесное хозяйство, охота, рыболовство и рыбоводство;;;;;;;;;;;;;;;;;;;;;-;-;-;-;-;-;-;-;-;-;-;-;-;-;;;;;;;;;;;;;;;;;;;;;;;;;;;;;
Добыча полезных ископаемых;;;;;;;;;;;;;;;;;;;;;-;-;-;-;-;-;-;-;-;-;-;-;-;;;;;;;;;;;;;;;;;;;;;;;;;;;;;;
Обрабатывающие производства;;;;;;;;;;;;;;;;;;;;;-;-;-;-;-;-;-;-;-;-;-;-;-;-;;;;;;;;;;;;;;;;;;;;;;;;;;;;;
"Обеспечение электрической энергией, газом и паром; кондиционирование воздуха";;;;;;;;;;;;;;;;;;;;;-;-;-;-;-;-;-;-;-;-;-;-;-;-;;;;;;;;;;;;;;;;;;;;;;;;;;;;;
"Водоснабжение; воотведение, организация сбора и утилизации отходов, деятельность по ликвидации загрязнений";;;;;;;;;;;;;;;;;;;;;-;-;-;-;-;-;-;-;-;-;-;-;-;-;;;;;;;;;;;;;;;;;;;;;;;;;;;;;
Строительство;;;;;;;;;;;;;;;;;;;;;-;-;-;-;-;-;-;-;-;-;-;-;-;-;;;;;;;;;;;;;;;;;;;;;;;;;;;;;
"Торговля оптовая и розничная; ремонт автотранспортных средств 
и мотоциклов";;;;;;;;;;;;;;;;;;;;;-;-;-;-;-;-;-;-;-;-;-;-;-;-;;;;;;;;;;;;;;;;;;;;;;;;;;;;;
Транспортировка и храние;;;;;;;;;;;;;;;;;;;;;-;-;-;-;-;-;-;-;-;-;-;-;-;-;;;;;;;;;;;;;;;;;;;;;;;;;;;;;
Деятельность гостиниц и предприятий общественного питания;;;;;;;;;;;;;;;;;;;;;-;-;-;-;-;-;-;-;-;-;-;-;-;-;;;;;;;;;;;;;;;;;;;;;;;;;;;;;
"Деятельность в области информации 
и связи";;;;;;;;;;;;;;;;;;;;;-;-;-;-;-;-;-;-;-;-;-;-;-;-;;;;;;;;;;;;;;;;;;;;;;;;;;;;;
Деятельность финансовая и страховая;;;;;;;;;;;;;;;;;;;;;1 921 566,4;2 436 504,1;2 830 218,1;3 049 835,7;2 627 527,6;3 355 502,6;3 575 568,2;3 992 545,1;4 209 480,7;5 003 825,9;6 266 088,1;…;…;…;;;;;;;;;;;;;;;;;;;;;;;;;;;;;
"Деятельность по операциям 
с недвижимым имуществом";;;;;;;;;;;;;;;;;;;;;-;-;-;-;-;-;-;-;-;-;-;-;-;-;;;;;;;;;;;;;;;;;;;;;;;;;;;;;
Деятельность профессиональная, научная и техническая;;;;;;;;;;;;;;;;;;;;;-;-;-;-;-;-;-;-;-;-;-;-;-;-;;;;;;;;;;;;;;;;;;;;;;;;;;;;;
"Деятельность административная 
и сопутствующие дополнительные услуги";;;;;;;;;;;;;;;;;;;;;-;-;-;-;-;-;-;-;-;-;-;-;-;-;;;;;;;;;;;;;;;;;;;;;;;;;;;;;
"Государственное управление 
и обеспечение военной безопасности;  социальное отрахование";;;;;;;;;;;;;;;;;;;;;-;-;-;-;-;-;-;-;-;-;-;-;-;-;;;;;;;;;;;;;;;;;;;;;;;;;;;;;
Образование;;;;;;;;;;;;;;;;;;;;;-;-;-;-;-;-;-;-;-;-;-;-;-;-;;;;;;;;;;;;;;;;;;;;;;;;;;;;;
Деятельность в области здравоохранения и социальных услуг;;;;;;;;;;;;;;;;;;;;;-;-;-;-;-;-;-;-;-;-;-;-;-;-;;;;;;;;;;;;;;;;;;;;;;;;;;;;;
"Деятельность в области культуры, спорта, организации досуга 
и развлечений";;;;;;;;;;;;;;;;;;;;;-;-;-;-;-;-;-;-;-;-;-;-;-;-;;;;;;;;;;;;;;;;;;;;;;;;;;;;;
Предоставление прочих видов услуг;;;;;;;;;;;;;;;;;;;;;-;-;-;-;-;-;-;-;-;-;-;-;-;-;;;;;;;;;;;;;;;;;;;;;;;;;;;;;
"Деятельность домашних хозяйств 
как работодателей; недифференцированная деятельность частных домашних хозяйств 
по производству товаров и оказанию услуг для собственного потребления ";;;;;;;;;;;;;;;;;;;;;-;-;-;-;-;-;-;-;-;-;-;-;-;-;;;;;;;;;;;;;;;;;;;;;;;;;;;;;
Итого в основных ценах;;;;;;;;;;;;;;;;;;;;;1 921 566,4;2 436 504,1;2 830 218,1;3 049 835,7;2 627 527,6;3 355 502,6;3 575 568,2;3 992 545,1;4 209 480,7;5 003 825,9;6 266 088,1;…;…;…;;;;;;;;;;;;;;;;;;;;;;;;;;;;;
"Сектор ""Государственное управление""";;;;;;;;;;;;;;;;;;;;;;;;;;;;;;;;;;;;;;;;;;;;;;;;;;;;;;;;;;;;;;;
Сельское, лесное хозяйство, охота, рыболовство и рыбоводство;;;;;;;;;;;;;;;;;;;;;30 055,5;36 897,8;38 643,3;43 425,9;43 539,8;41 945,0;27 716,5;37 512,2;60 169,3;69 631,3;72 974,4;…;…;…;;;;;;;;;;;;;;;;;;;;;;;;;;;;;
Добыча полезных ископаемых;;;;;;;;;;;;;;;;;;;;;-;-;-;-;-;-;-;-;-;-;-;-;-;-;;;;;;;;;;;;;;;;;;;;;;;;;;;;;
Обрабатывающие производства;;;;;;;;;;;;;;;;;;;;;-;6 569,0;5 563,6;5 569,6;5 163,9;6 270,6;9 015,3;9 814,4;1 000,2;1 512,9;2 132,1;…;…;…;;;;;;;;;;;;;;;;;;;;;;;;;;;;;
"Обеспечение электрической энергией, газом и паром; кондиционирование воздуха";;;;;;;;;;;;;;;;;;;;;-;890,4;718,9;792,0;674,9;831,3;1 285,5;1 470,0;3 006,5;5 271,1;6 533,5;…;…;…;;;;;;;;;;;;;;;;;;;;;;;;;;;;;
"Водоснабжение; воотведение, организация сбора и утилизации отходов, деятельность по ликвидации загрязнений";;;;;;;;;;;;;;;;;;;;;-;661,3;947,9;1 454,8;1 723,4;2 203,0;198,3;227,3;19 341,5;10 604,7;15 655,4;…;…;…;;;;;;;;;;;;;;;;;;;;;;;;;;;;;
Строительство;;;;;;;;;;;;;;;;;;;;;-;-;-;-;-;-;-;-;12 782,7;15 331,7;16 214,3;…;…;…;;;;;;;;;;;;;;;;;;;;;;;;;;;;;
"Торговля оптовая и розничная; ремонт автотранспортных средств 
и мотоциклов";;;;;;;;;;;;;;;;;;;;;-;-;-;-;-;-;-;-;-;-;-;-;-;-;;;;;;;;;;;;;;;;;;;;;;;;;;;;;
Транспортировка и храние;;;;;;;;;;;;;;;;;;;;;12 078,7;14 899,1;19 183,1;35 125,6;37 045,4;27 492,3;31 030,9;26 593,7;133 773,6;161 449,3;170 188,4;…;…;…;;;;;;;;;;;;;;;;;;;;;;;;;;;;;
Деятельность гостиниц и предприятий общественного питания;;;;;;;;;;;;;;;;;;;;;2 676,5;14 601,6;16 246,5;18 450,8;14 150,7;16 848,2;18 366,7;19 613,3;12 548,2;10 891,1;15 790,0;…;…;…;;;;;;;;;;;;;;;;;;;;;;;;;;;;;
"Деятельность в области информации 
и связи";;;;;;;;;;;;;;;;;;;;;9 622,7;19 695,2;22 308,5;22 322,6;23 450,9;25 792,7;27 176,5;28 194,3;88 368,9;105 735,2;73 299,3;…;…;…;;;;;;;;;;;;;;;;;;;;;;;;;;;;;
Деятельность финансовая и страховая;;;;;;;;;;;;;;;;;;;;;-;-;-;-;-;-;-;-;-;-;-;-;-;-;;;;;;;;;;;;;;;;;;;;;;;;;;;;;
"Деятельность по операциям 
с недвижимым имуществом";;;;;;;;;;;;;;;;;;;;;61 213,9;78 078,8;81 002,5;87 929,7;88 988,2;96 736,7;94 832,0;83 601,4;195 707,7;216 054,8;223 203,9;…;…;…;;;;;;;;;;;;;;;;;;;;;;;;;;;;;
Деятельность профессиональная, научная и техническая;;;;;;;;;;;;;;;;;;;;;363 689,0;427 594,0;525 993,4;552 172,7;567 390,5;554 090,7;623 256,6;698 698,1;931 498,5;968 738,6;857 909,6;…;…;…;;;;;;;;;;;;;;;;;;;;;;;;;;;;;
"Деятельность административная 
и сопутствующие дополнительные услуги";;;;;;;;;;;;;;;;;;;;;-;855,6;1 249,3;1 173,7;1 136,6;-;-;-;152 330,3;152 190,9;147 479,3;…;…;…;;;;;;;;;;;;;;;;;;;;;;;;;;;;;
"Государственное управление 
и обеспечение военной безопасности;  социальное отрахование";;;;;;;;;;;;;;;;;;;;;3 631 807,6;4 555 153,6;5 201 321,6;5 533 093,3;5 745 663,5;6 140 037,8;6 455 210,4;6 924 276,4;7 165 446,5;7 754 113,8;8 346 848,5;…;…;…;;;;;;;;;;;;;;;;;;;;;;;;;;;;;
Образование;;;;;;;;;;;;;;;;;;;;;1 456 858,8;1 594 688,6;1 837 942,8;1 986 325,2;2 083 356,3;2 193 988,7;2 363 460,6;2 656 993,6;3 043 485,9;3 155 580,8;3 335 933,5;…;…;…;;;;;;;;;;;;;;;;;;;;;;;;;;;;;
Деятельность в области здравоохранения и социальных услуг;;;;;;;;;;;;;;;;;;;;;1 297 342,5;1 425 255,8;1 704 335,3;1 990 747,0;1 983 542,8;2 029 577,5;2 130 565,3;2 555 915,9;2 759 433,2;3 062 340,3;3 408 319,0;…;…;…;;;;;;;;;;;;;;;;;;;;;;;;;;;;;
"Деятельность в области культуры, спорта, организации досуга 
и развлечений";;;;;;;;;;;;;;;;;;;;;268 309,7;307 651,1;345 861,3;405 712,0;448 344,8;456 032,8;488 034,4;578 036,1;599 847,0;601 946,8;652 241,9;…;…;…;;;;;;;;;;;;;;;;;;;;;;;;;;;;;
Предоставление прочих видов услуг;;;;;;;;;;;;;;;;;;;;;-;1 467,1;1 977,1;1 836,7;3 326,6;3 600,6;3 986,9;4 149,0;7 732,1;7 054,1;15 193,7;…;…;…;;;;;;;;;;;;;;;;;;;;;;;;;;;;;
"Деятельность домашних хозяйств 
как работодателей; недифференцированная деятельность частных домашних хозяйств 
по производству товаров и оказанию услуг для собственного потребления ";;;;;;;;;;;;;;;;;;;;;-;-;-;-;-;-;-;-;-;-;-;-;-;-;;;;;;;;;;;;;;;;;;;;;;;;;;;;;
Итого в основных ценах;;;;;;;;;;;;;;;;;;;;;7 133 654,9;8 484 959,0;9 803 295,1;10 686 131,7;11 047 498,2;11 595 447,9;12 274 135,7;13 625 095,6;15 186 472,1;16 298 447,3;17 359 916,7;…;…;…;;;;;;;;;;;;;;;;;;;;;;;;;;;;;
"Сектор ""Домашние хозяйства""";;;;;;;;;;;;;;;;;;;;;;;;;;;;;;;;;;;;;;;;;;;;;;;;;;;;;;;;;;;;;;;
Сельское, лесное хозяйство, охота, рыболовство и рыбоводство;;;;;;;;;;;;;;;;;;;;;1 057 383,4;1 057 050,0;1 204 799,6;1 352 483,7;1 569 116,8;1 584 733,3;1 507 964,5;1 552 301,1;1 610 367,4;1 762 300,8;2 128 458,1;…;…;…;;;;;;;;;;;;;;;;;;;;;;;;;;;;;
Добыча полезных ископаемых;;;;;;;;;;;;;;;;;;;;;251,3;293,9;169,8;187,5;458,4;465,1;453,2;532,4;921,5;1 986,4;1 348,9;…;…;…;;;;;;;;;;;;;;;;;;;;;;;;;;;;;
Обрабатывающие производства;;;;;;;;;;;;;;;;;;;;;62 612,9;88 542,6;107 493,0;96 446,5;151 580,2;144 486,6;161 453,1;166 331,3;192 104,0;211 556,9;327 986,6;…;…;…;;;;;;;;;;;;;;;;;;;;;;;;;;;;;
"Обеспечение электрической энергией, газом и паром; кондиционирование воздуха";;;;;;;;;;;;;;;;;;;;;419,8;459,3;426,0;447,9;685,6;680,1;906,1;920,8;1 557,9;1 297,7;1 708,0;…;…;…;;;;;;;;;;;;;;;;;;;;;;;;;;;;;
"Водоснабжение; воотведение, организация сбора и утилизации отходов, деятельность по ликвидации загрязнений";;;;;;;;;;;;;;;;;;;;;3 314,4;8 894,2;10 087,6;10 953,8;15 128,0;15 851,1;14 090,5;12 158,9;10 989,8;3 761,5;12 194,2;…;…;…;;;;;;;;;;;;;;;;;;;;;;;;;;;;;
Строительство;;;;;;;;;;;;;;;;;;;;;204 555,1;236 182,9;256 619,0;323 690,1;411 780,8;443 631,6;465 753,5;503 979,3;596 828,1;657 413,2;752 713,4;…;…;…;;;;;;;;;;;;;;;;;;;;;;;;;;;;;
"Торговля оптовая и розничная; ремонт автотранспортных средств 
и мотоциклов";;;;;;;;;;;;;;;;;;;;;1 526 371,4;1 668 485,8;1 738 844,8;1 688 979,1;1 726 480,2;1 671 691,6;1 658 641,3;1 625 790,7;1 740 526,5;1 478 084,7;1 792 074,8;…;…;…;;;;;;;;;;;;;;;;;;;;;;;;;;;;;
Транспортировка и храние;;;;;;;;;;;;;;;;;;;;;253 009,1;298 087,4;305 775,4;362 448,2;406 921,9;428 689,9;455 327,7;450 061,9;478 989,2;402 204,4;561 358,9;…;…;…;;;;;;;;;;;;;;;;;;;;;;;;;;;;;
Деятельность гостиниц и предприятий общественного питания;;;;;;;;;;;;;;;;;;;;;114 177,0;120 096,6;125 912,8;133 195,4;161 620,9;161 029,8;162 492,4;163 962,6;174 249,8;124 149,5;185 725,8;…;…;…;;;;;;;;;;;;;;;;;;;;;;;;;;;;;
"Деятельность в области информации 
и связи";;;;;;;;;;;;;;;;;;;;;23 142,6;22 119,2;22 734,3;26 093,4;58 100,9;73 345,8;128 088,9;142 975,7;188 933,5;211 654,0;302 753,0;…;…;…;;;;;;;;;;;;;;;;;;;;;;;;;;;;;
Деятельность финансовая и страховая;;;;;;;;;;;;;;;;;;;;;19 513,5;21 536,1;35 363,3;36 715,1;35 657,1;42 819,4;43 449,5;44 253,0;41 180,4;46 072,3;51 388,3;…;…;…;;;;;;;;;;;;;;;;;;;;;;;;;;;;;
"Деятельность по операциям 
с недвижимым имуществом";;;;;;;;;;;;;;;;;;;;;3 889 331,9;4 713 892,3;4 747 236,2;4 906 031,4;5 046 307,3;5 255 899,0;5 512 341,6;5 919 156,8;6 480 963,4;6 953 809,9;9 194 991,8;…;…;…;;;;;;;;;;;;;;;;;;;;;;;;;;;;;
Деятельность профессиональная, научная и техническая;;;;;;;;;;;;;;;;;;;;;87 622,1;109 064,9;117 211,2;134 840,9;180 971,0;225 073,2;296 780,3;354 265,6;416 650,8;405 888,5;543 234,6;…;…;…;;;;;;;;;;;;;;;;;;;;;;;;;;;;;
"Деятельность административная 
и сопутствующие дополнительные услуги";;;;;;;;;;;;;;;;;;;;;32 242,2;45 611,9;47 558,7;45 807,4;83 721,2;92 106,7;138 895,0;145 911,7;178 798,4;245 470,3;320 616,6;…;…;…;;;;;;;;;;;;;;;;;;;;;;;;;;;;;
"Государственное управление 
и обеспечение военной безопасности;  социальное отрахование";;;;;;;;;;;;;;;;;;;;;-;-;-;-;-;-;-;-;-;-;-;-;-;-;;;;;;;;;;;;;;;;;;;;;;;;;;;;;
Образование;;;;;;;;;;;;;;;;;;;;;33 083,9;72 382,8;81 643,8;87 626,8;103 510,6;104 651,0;110 420,3;113 739,0;119 474,2;101 720,7;117 615,2;…;…;…;;;;;;;;;;;;;;;;;;;;;;;;;;;;;
Деятельность в области здравоохранения и социальных услуг;;;;;;;;;;;;;;;;;;;;;33 599,1;50 228,9;56 667,0;58 808,4;67 954,3;72 092,5;77 122,7;74 164,5;77 853,8;72 033,3;75 952,8;…;…;…;;;;;;;;;;;;;;;;;;;;;;;;;;;;;
"Деятельность в области культуры, спорта, организации досуга 
и развлечений";;;;;;;;;;;;;;;;;;;;;15 666,3;28 601,7;28 364,7;34 151,0;47 199,6;40 356,6;75 176,4;75 827,0;103 505,4;54 356,4;110 229,3;…;…;…;;;;;;;;;;;;;;;;;;;;;;;;;;;;;
Предоставление прочих видов услуг;;;;;;;;;;;;;;;;;;;;;52 113,9;94 864,3;119 311,1;124 446,1;159 703,1;165 492,3;181 776,4;202 283,4;222 968,4;175 023,9;236 552,2;…;…;…;;;;;;;;;;;;;;;;;;;;;;;;;;;;;
"Деятельность домашних хозяйств 
как работодателей; недифференцированная деятельность частных домашних хозяйств 
по производству товаров и оказанию услуг для собственного потребления ";;;;;;;;;;;;;;;;;;;;;338 573,0;375 849,0;406 093,2;436 077,0;482 588,4;506 278,7;503 443,1;596 881,7;523 043,4;388 120,0;380 955,1;…;…;…;;;;;;;;;;;;;;;;;;;;;;;;;;;;;
Итого в основных ценах;;;;;;;;;;;;;;;;;;;;;7 746 983,1;9 012 243,9;9 412 311,4;9 859 429,8;10 709 486,2;11 029 374,2;11 494 576,6;12 145 497,2;13 159 905,9;13 296 904,3;17 097 857,7;…;…;…;;;;;;;;;;;;;;;;;;;;;;;;;;;;;
"Сектор ""Некоммерческие организации, обслуживающие домашние хозяйства""";;;;;;;;;;;;;;;;;;;;;;;;;;;;;;;;;;;;;;;;;;;;;;;;;;;;;;;;;;;;;;;
Сельское, лесное хозяйство, охота, рыболовство и рыбоводство;;;;;;;;;;;;;;;;;;;;;-;-;-;-;-;-;-;-;-;-;-;-;-;-;;;;;;;;;;;;;;;;;;;;;;;;;;;;;
Добыча полезных ископаемых;;;;;;;;;;;;;;;;;;;;;-;-;-;-;-;-;-;-;-;-;-;-;-;-;;;;;;;;;;;;;;;;;;;;;;;;;;;;;
Обрабатывающие производства;;;;;;;;;;;;;;;;;;;;;-;-;-;-;-;-;-;-;-;-;-;-;-;-;;;;;;;;;;;;;;;;;;;;;;;;;;;;;
"Обеспечение электрической энергией, газом и паром; кондиционирование воздуха";;;;;;;;;;;;;;;;;;;;;-;-;-;-;-;-;-;-;-;-;-;-;-;-;;;;;;;;;;;;;;;;;;;;;;;;;;;;;
"Водоснабжение; воотведение, организация сбора и утилизации отходов, деятельность по ликвидации загрязнений";;;;;;;;;;;;;;;;;;;;;-;-;-;-;-;-;-;-;-;-;-;-;-;-;;;;;;;;;;;;;;;;;;;;;;;;;;;;;
Строительство;;;;;;;;;;;;;;;;;;;;;-;-;-;-;-;-;-;-;-;-;-;-;-;-;;;;;;;;;;;;;;;;;;;;;;;;;;;;;
"Торговля оптовая и розничная; ремонт автотранспортных средств 
и мотоциклов";;;;;;;;;;;;;;;;;;;;;-;-;-;-;-;-;-;-;-;-;-;-;-;-;;;;;;;;;;;;;;;;;;;;;;;;;;;;;
Транспортировка и храние;;;;;;;;;;;;;;;;;;;;;-;-;-;-;-;-;-;-;-;-;-;-;-;-;;;;;;;;;;;;;;;;;;;;;;;;;;;;;
Деятельность гостиниц и предприятий общественного питания;;;;;;;;;;;;;;;;;;;;;5 568,5;6 172,5;5 516,5;5 079,5;5 159,2;5 475,3;5 605,0;5 429,4;5 899,6;1 035,5;6 719,1;…;…;…;;;;;;;;;;;;;;;;;;;;;;;;;;;;;
"Деятельность в области информации 
и связи";;;;;;;;;;;;;;;;;;;;;182,3;179,8;194,5;404,0;451,3;494,4;559,6;640,6;728,7;3 469,8;8 195,1;…;…;…;;;;;;;;;;;;;;;;;;;;;;;;;;;;;
Деятельность финансовая и страховая;;;;;;;;;;;;;;;;;;;;;-;-;-;-;-;-;-;-;-;-;0,0;…;…;…;;;;;;;;;;;;;;;;;;;;;;;;;;;;;
"Деятельность по операциям 
с недвижимым имуществом";;;;;;;;;;;;;;;;;;;;;20 300,2;22 087,6;22 587,3;24 855,7;27 461,1;29 387,3;30 622,0;31 668,6;33 628,6;41 503,5;47 808,7;…;…;…;;;;;;;;;;;;;;;;;;;;;;;;;;;;;
Деятельность профессиональная, научная и техническая;;;;;;;;;;;;;;;;;;;;;0,4;0,4;0,5;0,5;0,6;0,6;0,7;0,8;0,9;17 895,4;38 893,6;…;…;…;;;;;;;;;;;;;;;;;;;;;;;;;;;;;
"Деятельность административная 
и сопутствующие дополнительные услуги";;;;;;;;;;;;;;;;;;;;;-;-;-;-;-;-;-;-;-;-;-;-;-;-;;;;;;;;;;;;;;;;;;;;;;;;;;;;;
"Государственное управление 
и обеспечение военной безопасности;  социальное отрахование";;;;;;;;;;;;;;;;;;;;;-;-;-;-;-;-;-;-;-;-;-;-;-;-;;;;;;;;;;;;;;;;;;;;;;;;;;;;;
Образование;;;;;;;;;;;;;;;;;;;;;6 559,4;6 915,4;7 451,3;7 418,6;7 660,3;8 722,1;9 396,3;10 529,5;11 476,1;47 988,7;52 682,4;…;…;…;;;;;;;;;;;;;;;;;;;;;;;;;;;;;
Деятельность в области здравоохранения и социальных услуг;;;;;;;;;;;;;;;;;;;;;12 655,2;13 117,0;13 021,4;14 475,9;13 094,7;13 734,0;13 909,4;15 046,3;15 276,1;63 692,8;75 958,2;…;…;…;;;;;;;;;;;;;;;;;;;;;;;;;;;;;
"Деятельность в области культуры, спорта, организации досуга 
и развлечений";;;;;;;;;;;;;;;;;;;;;11 689,7;11 899,2;12 502,5;13 678,4;14 389,6;15 389,7;16 892,9;18 873,5;19 138,3;43 057,6;47 911,3;…;…;…;;;;;;;;;;;;;;;;;;;;;;;;;;;;;
Предоставление прочих видов услуг;;;;;;;;;;;;;;;;;;;;;63 932,9;71 935,8;76 807,0;88 500,1;97 948,9;107 335,4;121 112,3;139 252,7;145 623,7;108 508,4;111 338,3;…;…;…;;;;;;;;;;;;;;;;;;;;;;;;;;;;;
"Деятельность домашних хозяйств 
как работодателей; недифференцированная деятельность частных домашних хозяйств 
по производству товаров и оказанию услуг для собственного потребления ";;;;;;;;;;;;;;;;;;;;;-;-;-;-;-;-;-;-;-;-;-;-;-;-;;;;;;;;;;;;;;;;;;;;;;;;;;;;;
Итого в основных ценах;;;;;;;;;;;;;;;;;;;;;120 888,6;132 307,7;138 081,0;154 412,7;166 165,6;180 538,8;198 098,3;221 441,5;231 772,2;327 151,7;389 506,6;…;…;…;;;;;;;;;;;;;;;;;;;;;;;;;;;;;
"Оплата труда наемных работников 
(в текущих ценах; миллионов рублей)";;;;;;;;;;;;;;;;;;;;;;;;;;;;;;;;;;;;;;;;;;;;;;;;;;;;;;;;;;;;;;;
В соответствии с Общероссийским классификатором видов экономической деятельности  ОК 029-2007 (Кдес Ред.1.1) ОКВЭД;;;;;;;;;;;;;;;;;;;;;;;;;;;;;;;;;;;;;;;;;;;;;;;;;;;;;;;;;;;;;;;
Сельское хозяйство, охота и лесное хозяйство;;;;;;;;;;;;170 547,8;198 098,1;218 284,7;192 067,0;218 106,8;267 127,1;345 337,7;356 260,3;336 193,2;420 470,8;449 188,1;493 513,1;560 367,0;629 467,9;685 856,8;;;;;;;;;;;;;;;;;;;;;;;;;;;;;;;;;;;;;
Рыболовство, рыбоводство;;;;;;;;;;;;8 167,5;10 109,4;10 578,7;15 280,5;17 436,3;26 766,8;30 199,7;34 246,9;32 660,1;36 303,9;41 137,6;51 402,6;52 170,2;61 459,1;65 673,0;;;;;;;;;;;;;;;;;;;;;;;;;;;;;;;;;;;;;
Добыча полезных ископаемых;;;;;;;;;;;;229 261,9;264 610,1;318 459,7;342 858,2;413 503,3;491 823,2;568 354,1;550 831,5;604 913,3;724 194,7;822 460,2;917 499,5;974 341,2;1 081 936,5;1 181 224,4;;;;;;;;;;;;;;;;;;;;;;;;;;;;;;;;;;;;;
Обрабатывающие производства;;;;;;;;;;;;801 187,6;1 006 180,0;1 169 387,7;1 254 637,9;1 488 098,4;1 903 966,2;2 308 673,4;2 138 168,2;2 375 546,6;2 829 707,9;3 198 998,5;3 550 350,0;3 762 512,2;4 034 924,1;4 195 322,4;;;;;;;;;;;;;;;;;;;;;;;;;;;;;;;;;;;;;
Производство и распределение электроэнергии, газа и воды;;;;;;;;;;;;175 917,4;214 964,0;259 843,2;314 943,4;377 335,9;469 788,6;548 861,1;631 914,9;688 120,6;816 752,2;891 002,3;972 835,8;1 036 258,0;1 097 598,9;1 163 806,1;;;;;;;;;;;;;;;;;;;;;;;;;;;;;;;;;;;;;
Строительство;;;;;;;;;;;;310 790,3;285 948,6;377 910,1;481 707,6;545 593,5;773 660,3;1 056 655,3;975 246,8;1 082 538,7;1 448 273,4;1 623 937,3;1 650 711,7;1 676 616,8;1 830 224,2;1 995 873,6;;;;;;;;;;;;;;;;;;;;;;;;;;;;;;;;;;;;;
"Оптовая и розничная торговля; ремонт автотранспортных средств, мотоциклов, бытовых изделий и предметов личного пользования";;;;;;;;;;;;195 068,4;290 308,7;439 454,3;549 634,8;718 445,2;1 123 407,7;1 740 237,1;1 416 532,7;2 074 476,1;2 838 722,0;2 998 654,0;3 044 625,7;3 429 270,7;3 655 531,5;3 868 597,8;;;;;;;;;;;;;;;;;;;;;;;;;;;;;;;;;;;;;
Гостиницы и рестораны;;;;;;;;;;;;34 013,5;35 077,2;48 046,5;49 963,9;66 501,7;92 010,1;124 200,2;124 694,4;169 108,2;183 976,2;210 483,8;228 965,7;250 153,8;273 747,1;300 812,8;;;;;;;;;;;;;;;;;;;;;;;;;;;;;;;;;;;;;
Транспорт и связь;;;;;;;;;;;;387 465,0;521 372,4;678 607,9;783 737,3;898 679,3;1 056 713,3;1 311 127,4;1 384 570,0;1 355 615,2;1 846 565,4;2 019 259,3;2 291 088,5;2 315 406,8;2 465 661,2;2 558 734,2;;;;;;;;;;;;;;;;;;;;;;;;;;;;;;;;;;;;;
Финансовая деятельность;;;;;;;;;;;;140 474,9;179 951,5;209 982,7;299 190,7;405 771,8;544 853,5;697 547,7;646 331,5;763 112,2;910 369,0;1 061 508,5;1 173 724,1;1 245 694,1;1 241 685,0;1 349 082,5;;;;;;;;;;;;;;;;;;;;;;;;;;;;;;;;;;;;;
Операции с недвижимым имуществом, аренда и предоставление услуг;;;;;;;;;;;;269 817,6;366 506,8;430 954,8;628 855,8;791 862,3;1 089 033,2;1 502 582,3;1 639 620,2;1 646 759,8;1 928 820,2;2 216 140,5;2 618 098,7;2 884 692,4;3 225 943,8;3 415 075,4;;;;;;;;;;;;;;;;;;;;;;;;;;;;;;;;;;;;;
"Государственное управление 
и обеспечение военной безопасности; социальное страхование";;;;;;;;;;;;466 323,0;618 803,2;768 720,8;920 181,5;1 146 478,7;1 414 237,6;1 818 345,1;2 108 149,3;2 333 640,7;2 568 423,0;3 234 344,7;3 647 891,1;3 869 823,1;3 920 099,8;4 039 750,1;;;;;;;;;;;;;;;;;;;;;;;;;;;;;;;;;;;;;
Образование;;;;;;;;;;;;251 214,9;287 071,3;346 787,4;434 410,3;556 281,7;692 649,2;878 303,8;1 021 705,6;1 106 626,1;1 261 923,3;1 349 452,8;1 542 493,2;1 651 345,1;1 691 550,1;1 731 709,1;;;;;;;;;;;;;;;;;;;;;;;;;;;;;;;;;;;;;
Здравоохранение и предоставление социальных услуг;;;;;;;;;;;;271 543,3;311 596,1;401 740,9;477 434,3;667 696,5;848 678,2;1 071 139,3;1 210 173,3;1 324 548,0;1 574 415,2;1 776 330,5;2 101 821,2;2 431 090,9;2 507 968,9;2 636 441,6;;;;;;;;;;;;;;;;;;;;;;;;;;;;;;;;;;;;;
Предоставление прочих коммунальных, социальных и персональных услуг;;;;;;;;;;;;104 307,5;144 390,6;171 177,3;178 363,5;224 114,2;281 399,7;358 196,8;383 168,7;469 759,9;529 618,9;587 446,6;675 960,0;744 142,3;831 534,3;857 212,6;;;;;;;;;;;;;;;;;;;;;;;;;;;;;;;;;;;;;
Деятельность домашних хозяйств;;;;;;;;;;;;;;;;;;;;17,3;338 517,0;375 849,0;406 093,0;436 077,0;482 588,4;506 278,7;;;;;;;;;;;;;;;;;;;;;;;;;;;;;;;;;;;;;
Итого  по видам деятельности;;;;;;;;;;;;3 816 100,6;4 734 988,0;5 849 936,7;6 923 266,7;8 535 905,6;11 076 114,7;14 359 761,0;14 621 614,4;16 363 636,0;20 257 053,1;22 856 193,7;25 367 073,9;27 319 961,6;29 031 920,7;30 551 451,0;;;;;;;;;;;;;;;;;;;;;;;;;;;;;;;;;;;;;
"Кроме того, оплата труда  и смешанные доходы, не наблюдаемые прямыми статистическими методами, рассчитанные на основе баланса (без распределения 
по видам экономической деятельности)";;;;;;;;;;;;1 249 000,0;1 496 400,0;1 995 100,0;2 551 000,0;3 450 000,0;4 450 000,0;5 200 000,0;5 790 000,0;6 632 000,0;6 128 000,0;7 331 000,0;8 433 000,0;10 119 000,0;10 717 000,0;10 686 000,0;;;;;;;;;;;;;;;;;;;;;;;;;;;;;;;;;;;;;
" Всего, включая оплату труда 
и смешанные доходы, не наблюдаемые прямыми статистическими методами ";;;;;;;;;;;;5 065 100,6;6 231 388,0;7 845 036,7;9 474 266,7;11 985 905,6;15 526 114,7;19 559 761,0;20 411 614,4;22 995 636,0;26 385 053,1;30 187 193,7;33 800 073,9;37 438 961,6;39 748 920,7;41 237 451,0;;;;;;;;;;;;;;;;;;;;;;;;;;;;;;;;;;;;;
В соответствии с Общероссийским классификатором видов экономической деятельности ОК 029-2014 (КДЕС Ред.2) ОКВЭД2;;;;;;;;;;;;;;;;;;;;;;;;;;;;;;;;;;;;;;;;;;;;;;;;;;;;;;;;;;;;;;;
Сельское, лесное хозяйство, охота, рыболовство и рыбоводство;;;;;;;;;;;;;;;;;;;;;456 774,8;490 325,7;544 915,8;612 537,2;690 927,0;751 529,9;783 149,4;842 905,0;920 300,6;832 791,8;949 389,2;…;…;…;;;;;;;;;;;;;;;;;;;;;;;;;;;;;
Добыча полезных ископаемых;;;;;;;;;;;;;;;;;;;;;722 504,0;820 212,7;914 465,6;970 173,6;1 075 591,0;1 176 639,3;1 309 577,3;1 402 774,3;1 517 666,9;1 617 202,3;1 779 248,3;…;…;…;;;;;;;;;;;;;;;;;;;;;;;;;;;;;
Обрабатывающие производства;;;;;;;;;;;;;;;;;;;;;2 787 505,9;3 127 668,8;3 493 205,3;3 686 199,4;3 958 202,9;4 130 341,3;4 433 832,2;4 792 262,1;5 145 600,2;5 463 687,8;6 141 154,2;…;…;…;;;;;;;;;;;;;;;;;;;;;;;;;;;;;
"Обеспечение электрической энергией, газом и паром; кондиционирование воздуха";;;;;;;;;;;;;;;;;;;;;736 120,2;798 106,2;872 422,4;930 809,0;985 205,9;1 042 497,5;1 100 995,5;1 220 540,6;1 257 706,0;1 310 284,2;1 367 004,2;…;…;…;;;;;;;;;;;;;;;;;;;;;;;;;;;;;
"Водоснабжение; воотведение, организация сбора и утилизации отходов, деятельность по ликвидации загрязнений";;;;;;;;;;;;;;;;;;;;;168 808,5;199 310,3;204 001,7;235 764,8;231 259,9;234 344,5;257 118,4;282 733,8;296 558,1;337 621,3;371 426,9;…;…;…;;;;;;;;;;;;;;;;;;;;;;;;;;;;;
Строительство;;;;;;;;;;;;;;;;;;;;;1 448 273,5;1 623 937,3;1 650 711,7;1 676 616,9;1 830 224,2;1 995 873,6;2 042 018,7;2 325 655,9;2 290 572,8;2 045 147,2;2 258 430,7;…;…;…;;;;;;;;;;;;;;;;;;;;;;;;;;;;;
"Торговля оптовая и розничная; ремонт автотранспортных средств и мотоциклов";;;;;;;;;;;;;;;;;;;;;2 827 908,8;2 990 957,6;3 037 742,9;3 420 875,6;3 646 261,4;3 858 804,8;4 443 949,1;4 569 630,7;4 825 062,3;3 969 185,7;4 605 483,9;…;…;…;;;;;;;;;;;;;;;;;;;;;;;;;;;;;
Транспортировка и храние;;;;;;;;;;;;;;;;;;;;;1 585 894,8;1 744 326,3;1 993 431,4;1 986 106,4;2 137 742,1;2 207 333,1;2 384 693,1;2 527 626,6;2 803 468,8;2 865 904,5;3 189 761,4;…;…;…;;;;;;;;;;;;;;;;;;;;;;;;;;;;;
Деятельность гостиниц и предприятий общественного питания;;;;;;;;;;;;;;;;;;;;;183 976,2;210 483,8;228 965,7;250 153,8;273 747,1;300 812,9;324 485,7;350 056,9;381 914,6;334 093,6;452 641,8;…;…;…;;;;;;;;;;;;;;;;;;;;;;;;;;;;;
"Деятельность в области информации 
и связи";;;;;;;;;;;;;;;;;;;;;479 812,9;551 045,8;642 193,1;734 057,7;859 506,8;891 298,7;923 695,6;1 089 248,2;1 346 708,9;1 544 516,7;1 826 722,0;…;…;…;;;;;;;;;;;;;;;;;;;;;;;;;;;;;
Деятельность финансовая и страховая;;;;;;;;;;;;;;;;;;;;;910 369,0;1 061 508,5;1 173 724,1;1 245 694,1;1 241 685,0;1 349 082,4;1 428 288,9;1 524 883,6;1 675 020,9;1 735 686,1;1 932 462,5;…;…;…;;;;;;;;;;;;;;;;;;;;;;;;;;;;;
"Деятельность по операциям 
с недвижимым имуществом";;;;;;;;;;;;;;;;;;;;;398 780,0;444 543,5;540 584,3;603 990,5;640 085,3;628 373,5;635 210,1;694 618,9;790 669,7;721 464,7;781 293,8;…;…;…;;;;;;;;;;;;;;;;;;;;;;;;;;;;;
Деятельность профессиональная, научная и техническая;;;;;;;;;;;;;;;;;;;;;1 106 291,6;1 265 546,4;1 453 571,1;1 539 211,4;1 707 103,6;1 807 309,1;1 836 466,3;1 925 742,4;2 219 528,7;2 518 692,0;2 635 376,4;…;…;…;;;;;;;;;;;;;;;;;;;;;;;;;;;;;
"Деятельность административная 
и сопутствующие дополнительные услуги";;;;;;;;;;;;;;;;;;;;;290 500,2;330 910,1;382 855,3;449 683,4;500 894,0;563 497,6;582 294,9;656 143,2;842 153,1;927 267,9;974 234,8;…;…;…;;;;;;;;;;;;;;;;;;;;;;;;;;;;;
"Государственное управление 
и обеспечение военной безопасности;  социальное отрахование";;;;;;;;;;;;;;;;;;;;;2 568 423,0;3 234 344,6;3 647 891,0;3 869 823,1;3 901 575,1;4 039 750,1;4 176 393,5;4 481 719,5;4 500 290,6;4 838 947,8;5 318 743,6;…;…;…;;;;;;;;;;;;;;;;;;;;;;;;;;;;;
Образование;;;;;;;;;;;;;;;;;;;;;1 469 547,4;1 609 571,5;1 854 126,9;1 994 008,0;2 076 457,9;2 178 567,9;2 341 198,7;2 679 684,1;2 918 279,5;3 068 237,4;3 352 015,5;…;…;…;;;;;;;;;;;;;;;;;;;;;;;;;;;;;
Деятельность в области здравоохранения и социальных услуг;;;;;;;;;;;;;;;;;;;;;1 362 792,1;1 505 829,9;1 783 649,7;2 079 146,0;2 113 202,5;2 179 778,2;2 226 571,6;2 682 385,9;2 926 538,4;3 341 154,5;3 750 983,1;…;…;…;;;;;;;;;;;;;;;;;;;;;;;;;;;;;
"Деятельность в области культуры, спорта, организации досуга 
и развлечений";;;;;;;;;;;;;;;;;;;;;281 040,9;331 312,3;392 332,7;434 689,5;480 844,9;492 001,4;514 209,5;619 459,9;646 228,1;663 574,9;786 133,6;…;…;…;;;;;;;;;;;;;;;;;;;;;;;;;;;;;
Предоставление прочих видов услуг;;;;;;;;;;;;;;;;;;;;;133 212,8;140 403,3;150 189,8;164 344,3;198 815,4;217 336,8;229 944,8;270 856,5;285 735,9;273 123,3;277 842,9;…;…;…;;;;;;;;;;;;;;;;;;;;;;;;;;;;;
"Деятельность домашних хозяйств 
как работодателей; недифференцированная деятельность частных домашних хозяйств 
по производству товаров и оказанию услуг для собственного потребления ";;;;;;;;;;;;;;;;;;;;;338 517,0;375 849,0;406 093,0;436 077,0;482 588,4;506 278,7;503 443,1;596 881,7;523 043,4;388 120,0;380 955,1;…;…;…;;;;;;;;;;;;;;;;;;;;;;;;;;;;;
Итого  по видам деятельности;;;;;;;;;;;;;;;;;;;;;20 257 053,6;22 856 193,6;25 367 073,5;27 319 961,7;29 031 920,8;30 551 450,8;32 477 536,4;35 535 809,8;38 113 047,5;38 796 703,7;43 131 303,9;50 241 356,8;58 016 587,9;70 829 732,6;;;;;;;;;;;;;;;;;;;;;;;;;;;;;
"Кроме того, оплата труда  и смешанные доходы, не наблюдаемые прямыми статистическими методами, рассчитанные на основе баланса (без распределения 
по видам экономической деятельности)";;;;;;;;;;;;;;;;;;;;;6 128 000,0;7 331 000,0;8 433 000,0;10 119 000,0;10 717 000,0;10 686 000,0;11 420 000,0;10 880 000,0;10 270 000,0;9 900 000,0;11 750 000,0;13 470 000,0;15 580 000,0;17 450 000,0;;;;;;;;;;;;;;;;;;;;;;;;;;;;;
" Всего, включая оплату труда 
и смешанные доходы, не наблюдаемые прямыми статистическими методами ";;;;;;;;;;;;;;;;;;;;;26 385 053,6;30 187 193,6;33 800 073,5;37 438 961,7;39 748 920,8;41 237 450,8;43 897 536,4;46 415 809,8;48 383 047,5;48 696 703,7;54 881 303,9;63 711 356,8;73 596 587,9;88 279 732,6;;;;;;;;;;;;;;;;;;;;;;;;;;;;;
"Другие чистые налоги на производство 
(в текущих ценах; миллионов рублей)";;;;;;;;;;;;;;;;;;;;;;;;;;;;;;;;;;;;;;;;;;;;;;;;;;;;;;;;;;;;;;;
В соответствии с Общероссийским классификатором видов экономической деятельности  ОК 029-2007 (Кдес Ред.1.1) ОКВЭД;;;;;;;;;;;;;;;;;;;;;;;;;;;;;;;;;;;;;;;;;;;;;;;;;;;;;;;;;;;;;;;
Сельское хозяйство, охота и лесное хозяйство;;;;;;;;;;;;-5 830,2;-10 526,7;-8 066,9;3 152,8;4 479,9;99,7;-18 262,9;-53 688,0;-19 289,8;-57 804,9;-52 912,8;-22 306,2;-78 715,3;-53 029,5;-51 487,1;;;;;;;;;;;;;;;;;;;;;;;;;;;;;;;;;;;;;
Рыболовство, рыбоводство;;;;;;;;;;;;504,5;104,1;2 004,9;1 029,9;381,0;590,6;457,2;634,2;2 163,3;1 003,5;2 061,3;1 376,6;1 329,2;3 919,7;9 278,4;;;;;;;;;;;;;;;;;;;;;;;;;;;;;;;;;;;;;
Добыча полезных ископаемых;;;;;;;;;;;;308 179,3;349 798,7;533 233,3;919 798,3;1 114 660,2;1 018 875,6;1 437 137,2;910 635,0;1 206 552,0;65 261,2;64 834,0;79 970,5;77 359,5;92 886,4;99 683,5;;;;;;;;;;;;;;;;;;;;;;;;;;;;;;;;;;;;;
Обрабатывающие производства;;;;;;;;;;;;86 764,6;35 889,5;53 343,7;46 806,0;97 474,3;265 099,3;381 126,4;257 971,5;332 092,9;81 572,1;92 684,4;108 685,4;83 022,1;77 460,2;76 571,9;;;;;;;;;;;;;;;;;;;;;;;;;;;;;;;;;;;;;
Производство и распределение электроэнергии, газа и воды;;;;;;;;;;;;31 360,9;22 547,0;20 514,3;22 210,7;22 851,7;32 404,8;44 442,4;45 709,0;55 415,1;56 298,7;58 767,5;69 196,5;71 567,6;78 365,1;85 576,8;;;;;;;;;;;;;;;;;;;;;;;;;;;;;;;;;;;;;
Строительство;;;;;;;;;;;;14 443,8;4 180,3;5 240,1;4 368,5;5 203,8;9 069,6;9 400,2;6 442,3;7 975,6;16 976,9;18 800,4;19 653,2;20 333,0;19 859,6;22 303,0;;;;;;;;;;;;;;;;;;;;;;;;;;;;;;;;;;;;;
"Оптовая и розничная торговля; ремонт автотранспортных средств, мотоциклов, бытовых изделий и предметов личного пользования";;;;;;;;;;;;44 920,2;30 881,0;25 823,1;39 893,9;52 162,2;68 091,5;76 916,5;59 165,7;67 726,2;54 848,1;79 454,5;94 008,9;92 802,3;103 017,1;119 425,1;;;;;;;;;;;;;;;;;;;;;;;;;;;;;;;;;;;;;
Гостиницы и рестораны;;;;;;;;;;;;2 276,4;880,8;1 005,9;914,1;1 143,5;1 805,1;2 078,3;2 195,6;2 861,5;2 872,5;3 172,2;4 027,7;4 380,4;5 553,4;5 544,2;;;;;;;;;;;;;;;;;;;;;;;;;;;;;;;;;;;;;
Транспорт и связь;;;;;;;;;;;;56 586,0;39 515,9;29 780,1;50 484,1;61 728,6;61 391,0;73 275,3;75 490,4;89 832,4;70 953,9;92 127,6;107 483,7;82 363,5;121 742,0;135 838,9;;;;;;;;;;;;;;;;;;;;;;;;;;;;;;;;;;;;;
Финансовая деятельность;;;;;;;;;;;;22 838,7;21 378,2;21 073,3;36 228,0;49 962,5;64 200,7;71 620,1;70 988,3;80 564,2;121 110,2;147 738,7;154 394,0;156 543,5;157 028,3;153 575,4;;;;;;;;;;;;;;;;;;;;;;;;;;;;;;;;;;;;;
Операции с недвижимым имуществом, аренда и предоставление услуг;;;;;;;;;;;;32 386,8;27 663,0;23 105,2;25 721,2;30 693,6;39 777,9;35 498,1;50 103,9;51 730,6;53 367,2;59 425,4;74 982,1;80 488,3;104 176,9;117 259,8;;;;;;;;;;;;;;;;;;;;;;;;;;;;;;;;;;;;;
"Государственное управление 
и обеспечение военной безопасности; социальное страхование";;;;;;;;;;;;789,6;767,2;339,6;431,9;405,1;605,7;681,4;24 642,4;19 717,0;19 699,6;26 885,3;26 830,8;32 295,8;32 376,4;33 893,2;;;;;;;;;;;;;;;;;;;;;;;;;;;;;;;;;;;;;
Образование;;;;;;;;;;;;1 059,7;358,7;342,3;276,8;315,0;406,7;516,0;24 506,9;26 753,2;32 199,1;37 456,2;40 851,5;44 628,9;44 784,3;46 888,4;;;;;;;;;;;;;;;;;;;;;;;;;;;;;;;;;;;;;
Здравоохранение и предоставление социальных услуг;;;;;;;;;;;;1 603,1;807,1;850,6;894,7;845,9;1 194,8;1 374,5;12 955,8;17 246,5;19 807,5;22 856,8;25 167,1;27 458,6;27 880,0;29 234,1;;;;;;;;;;;;;;;;;;;;;;;;;;;;;;;;;;;;;
Предоставление прочих коммунальных, социальных и персональных услуг;;;;;;;;;;;;119,1;-210,7;-1 562,9;4 048,8;4 546,5;7 661,9;8 010,6;10 870,7;9 363,0;8 103,6;8 845,5;9 831,0;10 471,4;-19 096,1;-17 493,9;;;;;;;;;;;;;;;;;;;;;;;;;;;;;;;;;;;;;
Деятельность домашних хозяйств;;;;;;;;;;;;;;;;;;;;0,3;0,0;0,0;0,0;0,0;0,0;0,0;;;;;;;;;;;;;;;;;;;;;;;;;;;;;;;;;;;;;
Итого  по видам деятельности;;;;;;;;;;;;598 002,5;524 034,1;707 026,6;1 156 259,7;1 446 853,8;1 571 274,9;2 124 271,3;1 498 623,7;1 950 704,0;546 269,2;662 197,0;794 152,8;706 328,8;796 923,8;866 091,7;;;;;;;;;;;;;;;;;;;;;;;;;;;;;;;;;;;;;
В соответствии с Общероссийским классификатором видов экономической деятельности ОК 029-2014 (КДЕС Ред.2) ОКВЭД2;;;;;;;;;;;;;;;;;;;;;;;;;;;;;;;;;;;;;;;;;;;;;;;;;;;;;;;;;;;;;;;
Сельское, лесное хозяйство, охота, рыболовство и рыбоводство;;;;;;;;;;;;;;;;;;;;;-56 801,2;-50 850,3;-20 928,1;-77 385,0;-49 107,8;-42 218,4;21 490,7;39 292,2;66 490,7;22 293,9;31 642,7;…;…;…;;;;;;;;;;;;;;;;;;;;;;;;;;;;;
Добыча полезных ископаемых;;;;;;;;;;;;;;;;;;;;;65 267,3;64 676,2;79 733,7;76 724,1;91 906,9;98 731,1;110 066,9;130 896,4;106 555,3;12 558,6;121 692,9;…;…;…;;;;;;;;;;;;;;;;;;;;;;;;;;;;;
Обрабатывающие производства;;;;;;;;;;;;;;;;;;;;;80 830,6;92 072,4;108 272,5;82 969,6;78 362,7;77 046,7;78 999,1;61 551,9;7 876,2;-369 091,5;-1 121 355,8;…;…;…;;;;;;;;;;;;;;;;;;;;;;;;;;;;;
"Обеспечение электрической энергией, газом и паром; кондиционирование воздуха";;;;;;;;;;;;;;;;;;;;;51 200,8;53 665,4;63 105,3;63 171,5;71 440,5;77 965,4;85 729,9;102 196,4;80 390,4;3 601,5;63 586,6;…;…;…;;;;;;;;;;;;;;;;;;;;;;;;;;;;;
"Водоснабжение; воотведение, организация сбора и утилизации отходов, деятельность по ликвидации загрязнений";;;;;;;;;;;;;;;;;;;;;7 260,4;7 261,4;8 336,3;10 883,1;9 660,4;10 232,1;12 603,6;14 348,1;11 984,8;-4 412,9;15 759,6;…;…;…;;;;;;;;;;;;;;;;;;;;;;;;;;;;;
Строительство;;;;;;;;;;;;;;;;;;;;;16 976,9;18 800,3;19 653,1;20 333,0;19 859,4;22 302,7;23 210,6;24 594,0;21 113,4;6 280,9;5 090,0;…;…;…;;;;;;;;;;;;;;;;;;;;;;;;;;;;;
"Торговля оптовая и розничная; ремонт автотранспортных средств и мотоциклов";;;;;;;;;;;;;;;;;;;;;54 636,3;79 270,1;93 783,1;92 562,5;102 756,9;119 161,4;126 362,9;139 403,8;117 820,1;-12 163,8;-93 879,5;…;…;…;;;;;;;;;;;;;;;;;;;;;;;;;;;;;
Транспортировка и храние;;;;;;;;;;;;;;;;;;;;;59 857,6;78 235,1;90 500,7;65 408,6;103 484,4;116 789,0;130 747,6;169 374,0;123 882,3;-73 415,4;117 211,1;…;…;…;;;;;;;;;;;;;;;;;;;;;;;;;;;;;
Деятельность гостиниц и предприятий общественного питания;;;;;;;;;;;;;;;;;;;;;2 872,5;3 216,8;4 069,1;4 417,6;5 592,9;5 583,4;6 823,7;7 499,1;6 954,6;-19 301,9;6 434,2;…;…;…;;;;;;;;;;;;;;;;;;;;;;;;;;;;;
"Деятельность в области информации 
и связи";;;;;;;;;;;;;;;;;;;;;13 515,1;16 440,2;19 769,5;20 082,7;-9 776,0;-6 782,6;13 394,7;15 651,2;-57 995,5;-84 077,0;-64 439,9;…;…;…;;;;;;;;;;;;;;;;;;;;;;;;;;;;;
Деятельность финансовая и страховая;;;;;;;;;;;;;;;;;;;;;121 110,2;147 738,7;154 394,0;156 543,5;157 028,3;153 575,4;168 783,3;180 163,2;187 282,1;109 752,0;237 107,2;…;…;…;;;;;;;;;;;;;;;;;;;;;;;;;;;;;
"Деятельность по операциям 
с недвижимым имуществом";;;;;;;;;;;;;;;;;;;;;29 087,1;29 981,7;37 621,2;40 387,1;63 383,1;77 980,0;92 822,1;102 019,2;113 631,8;73 857,0;129 604,4;…;…;…;;;;;;;;;;;;;;;;;;;;;;;;;;;;;
Деятельность профессиональная, научная и техническая;;;;;;;;;;;;;;;;;;;;;19 410,6;21 873,0;28 841,2;29 635,8;30 273,5;31 575,7;29 910,1;35 110,4;18 300,8;-12 489,0;-7 459,1;…;…;…;;;;;;;;;;;;;;;;;;;;;;;;;;;;;
"Деятельность административная 
и сопутствующие дополнительные услуги";;;;;;;;;;;;;;;;;;;;;4 058,0;6 523,8;7 201,2;8 851,3;8 921,3;5 585,6;4 793,9;5 683,4;19 964,5;5 816,1;21 468,7;…;…;…;;;;;;;;;;;;;;;;;;;;;;;;;;;;;
"Государственное управление 
и обеспечение военной безопасности;  социальное отрахование";;;;;;;;;;;;;;;;;;;;;19 699,6;26 885,3;26 830,8;32 295,8;32 376,4;33 893,2;35 364,7;36 077,5;42 950,4;44 011,7;40 646,9;…;…;…;;;;;;;;;;;;;;;;;;;;;;;;;;;;;
Образование;;;;;;;;;;;;;;;;;;;;;32 253,6;37 462,2;40 860,0;44 633,7;44 787,8;46 894,1;47 319,3;49 902,8;62 811,6;58 449,2;74 846,8;…;…;…;;;;;;;;;;;;;;;;;;;;;;;;;;;;;
Деятельность в области здравоохранения и социальных услуг;;;;;;;;;;;;;;;;;;;;;19 740,9;22 913,9;25 224,4;27 515,0;27 926,1;29 274,6;29 681,9;31 532,9;29 464,0;22 903,5;33 368,6;…;…;…;;;;;;;;;;;;;;;;;;;;;;;;;;;;;
"Деятельность в области культуры, спорта, организации досуга 
и развлечений";;;;;;;;;;;;;;;;;;;;;3 934,0;4 496,7;5 132,7;5 548,6;5 840,6;6 202,9;6 694,4;9 376,6;13 217,9;7 282,5;17 285,7;…;…;…;;;;;;;;;;;;;;;;;;;;;;;;;;;;;
Предоставление прочих видов услуг;;;;;;;;;;;;;;;;;;;;;1 359,1;1 534,3;1 752,1;1 750,2;2 206,0;2 299,2;2 503,0;2 668,4;2 213,4;-3 344,9;2 833,8;…;…;…;;;;;;;;;;;;;;;;;;;;;;;;;;;;;
"Деятельность домашних хозяйств 
как работодателей; недифференцированная деятельность частных домашних хозяйств 
по производству товаров и оказанию услуг для собственного потребления ";;;;;;;;;;;;;;;;;;;;;0,0;0,0;0,0;0,0;0,0;0,0;0,0;0,0;0,0;0,0;0,0;…;…;…;;;;;;;;;;;;;;;;;;;;;;;;;;;;;
Итого  по видам деятельности;;;;;;;;;;;;;;;;;;;;;546 269,2;662 197,2;794 152,8;706 328,8;796 923,4;866 091,7;1 027 302,4;1 157 341,5;974 908,8;-211 489,5;-368 555,1;-2 446 712,1;-2 172 837,8;-2 657 528,7;;;;;;;;;;;;;;;;;;;;;;;;;;;;;
"Валовая прибыль экономики 
(в текущих ценах; миллионов рублей)";;;;;;;;;;;;;;;;;;;;;;;;;;;;;;;;;;;;;;;;;;;;;;;;;;;;;;;;;;;;;;;
В соответствии с Общероссийским классификатором видов экономической деятельности  ОК 029-2007 (Кдес Ред.1.1) ОКВЭД;;;;;;;;;;;;;;;;;;;;;;;;;;;;;;;;;;;;;;;;;;;;;;;;;;;;;;;;;;;;;;;
Сельское хозяйство, охота и лесное хозяйство;;;;;;;;;;;;409 041,4;479 859,9;563 142,4;668 963,1;758 698,3;927 551,9;1 159 499,8;1 201 848,9;1 134 629,6;1 434 830,7;1 488 594,4;1 595 595,9;2 037 856,1;2 441 221,1;2 421 701,5;;;;;;;;;;;;;;;;;;;;;;;;;;;;;;;;;;;;;
Рыболовство, рыбоводство;;;;;;;;;;;;20 363,6;49 197,2;49 144,9;39 200,1;40 255,0;34 254,8;32 029,5;45 758,7;62 154,1;59 223,3;64 657,9;65 318,3;82 879,3;135 023,5;149 809,8;;;;;;;;;;;;;;;;;;;;;;;;;;;;;;;;;;;;;
Добыча полезных ископаемых;;;;;;;;;;;;100 988,7;155 391,8;559 953,9;801 630,8;981 282,3;1 354 829,0;1 279 134,9;1 423 937,9;2 031 347,0;4 160 066,5;4 681 299,2;4 923 532,9;5 193 127,8;6 118 735,2;6 159 509,5;;;;;;;;;;;;;;;;;;;;;;;;;;;;;;;;;;;;;
Обрабатывающие производства;;;;;;;;;;;;757 573,8;855 601,7;1 368 212,3;2 087 015,7;2 530 397,8;2 856 173,9;3 474 136,0;2 609 204,3;3 227 017,9;4 064 362,2;4 600 365,0;4 525 022,8;5 251 396,2;6 355 445,2;5 885 734,9;;;;;;;;;;;;;;;;;;;;;;;;;;;;;;;;;;;;;
Производство и распределение электроэнергии, газа и воды;;;;;;;;;;;;142 174,6;176 563,4;267 981,8;271 253,6;326 794,0;353 691,6;440 663,9;711 113,5;783 552,4;872 555,9;858 300,4;913 994,3;889 702,6;1 067 924,9;1 192 407,3;;;;;;;;;;;;;;;;;;;;;;;;;;;;;;;;;;;;;
Строительство;;;;;;;;;;;;188 309,7;412 898,0;463 917,8;503 869,8;651 161,5;851 170,1;1 159 269,8;1 119 794,5;1 497 299,5;2 491 840,5;2 875 441,9;2 799 877,5;2 979 761,8;2 872 174,3;2 881 419,0;;;;;;;;;;;;;;;;;;;;;;;;;;;;;;;;;;;;;
"Оптовая и розничная торговля; ремонт автотранспортных средств, мотоциклов, бытовых изделий и предметов личного пользования";;;;;;;;;;;;1 952 648,6;2 251 031,1;2 546 912,9;3 020 930,1;3 902 979,7;4 553 483,5;5 320 574,0;4 584 817,3;5 878 770,7;6 184 356,9;6 829 993,0;7 212 118,4;7 670 779,0;8 096 831,9;7 359 250,3;;;;;;;;;;;;;;;;;;;;;;;;;;;;;;;;;;;;;
Гостиницы и рестораны;;;;;;;;;;;;51 725,0;57 922,4;90 811,4;116 914,0;139 078,5;192 480,1;231 690,9;216 775,5;231 306,2;280 424,8;318 498,9;323 295,7;352 159,2;387 128,6;396 211,8;;;;;;;;;;;;;;;;;;;;;;;;;;;;;;;;;;;;;
Транспорт и связь;;;;;;;;;;;;534 633,7;683 291,6;934 043,2;1 062 785,6;1 287 188,3;1 632 785,1;1 873 877,7;1 789 581,1;2 217 016,6;2 033 387,5;2 373 026,8;2 746 154,5;3 003 953,4;3 446 344,2;3 941 957,7;;;;;;;;;;;;;;;;;;;;;;;;;;;;;;;;;;;;;
Финансовая деятельность ;;;;;;;;;;;;116 992,2;186 682,0;243 085,7;365 733,8;521 433,4;644 705,8;768 681,9;989 833,3;929 833,0;909 600,7;1 248 793,0;1 537 463,4;1 684 313,2;1 264 471,4;1 895 664,1;;;;;;;;;;;;;;;;;;;;;;;;;;;;;;;;;;;;;
Операции с недвижимым имуществом, аренда и предоставление услуг;;;;;;;;;;;;717 551,8;852 579,0;953 966,3;1 174 204,6;1 465 021,7;1 974 021,9;2 421 304,7;2 530 878,9;3 203 029,2;7 018 152,9;8 156 816,6;8 716 550,0;9 201 560,5;9 909 398,4;10 321 988,9;;;;;;;;;;;;;;;;;;;;;;;;;;;;;;;;;;;;;
"Государственное управление 
и обеспечение военной безопасности; социальное страхование";;;;;;;;;;;;21 615,1;31 718,4;33 453,4;38 476,5;42 279,3;51 513,7;65 374,7;70 421,6;70 190,9;1 043 685,0;1 293 923,6;1 526 599,7;1 630 974,4;1 793 187,3;2 066 394,5;;;;;;;;;;;;;;;;;;;;;;;;;;;;;;;;;;;;;
Образование;;;;;;;;;;;;27 698,4;30 497,7;52 992,7;58 518,5;62 696,1;76 803,4;91 844,6;87 999,7;92 588,0;107 113,0;147 698,6;146 692,8;162 000,9;191 195,4;216 857,9;;;;;;;;;;;;;;;;;;;;;;;;;;;;;;;;;;;;;
Здравоохрание и предоставление социальных услуг;;;;;;;;;;;;48 306,6;63 466,6;69 989,7;86 325,7;96 910,7;100 605,7;125 329,2;137 210,0;145 508,9;167 554,8;160 886,1;176 274,4;207 123,5;246 225,2;254 507,3;;;;;;;;;;;;;;;;;;;;;;;;;;;;;;;;;;;;;
Предоставление прочих коммунальных, социальных и персональных услуг;;;;;;;;;;;;77 567,2;74 027,4;104 195,3;142 317,2;188 407,7;233 011,2;255 254,3;191 910,7;221 464,4;285 058,2;319 006,0;351 538,6;364 015,8;466 356,6;516 176,2;;;;;;;;;;;;;;;;;;;;;;;;;;;;;;;;;;;;;
Деятельность домашних хозяйств;;;;;;;;;;;;;;;;;;;;29,0;56,0;0,0;0,2;0,0;0,0;0,0;;;;;;;;;;;;;;;;;;;;;;;;;;;;;;;;;;;;;
Итого  по видам деятельности;;;;;;;;;;;;5 167 190,4;6 360 728,2;8 301 803,7;10 438 139,1;12 994 584,3;15 837 081,7;18 698 665,9;17 711 085,7;21 725 737,5;31 112 268,9;35 417 301,3;37 560 029,2;40 711 603,7;44 791 663,2;45 659 590,6;;;;;;;;;;;;;;;;;;;;;;;;;;;;;;;;;;;;;
"Кроме того, оплата труда  и смешанные доходы, не наблюдаемые прямыми статистическими методами, рассчитанные на основе баланса (без распределения 
по видам экономической деятельности)";;;;;;;;;;;;-1 249 000,0;-1 496 400,0;-1 995 100,0;-2 551 000,0;-3 450 000,0;-4 450 000,0;-5 200 000,0;-5 790 000,0;-6 632 000,0;-6 128 000,0;-7 331 000,0;-8 433 000,0;-10 119 000,0;-10 717 000,0;-10 686 000,0;;;;;;;;;;;;;;;;;;;;;;;;;;;;;;;;;;;;;
" Всего, включая оплату труда 
и смешанные доходы, не наблюдаемые прямыми статистическими методами ";;;;;;;;;;;;3 918 190,4;4 864 328,2;6 306 703,7;7 887 139,1;9 544 584,3;11 387 081,7;13 498 665,9;11 921 085,7;15 093 737,5;24 984 268,9;28 086 301,3;29 127 029,2;30 592 603,7;34 074 663,2;34 973 590,6;;;;;;;;;;;;;;;;;;;;;;;;;;;;;;;;;;;;;
В соответствии с Общероссийским классификатором видов экономической деятельности ОК 029-2014 (КДЕС Ред.2) ОКВЭД2;;;;;;;;;;;;;;;;;;;;;;;;;;;;;;;;;;;;;;;;;;;;;;;;;;;;;;;;;;;;;;;
Сельское, лесное хозяйство, охота, рыболовство и рыбоводство;;;;;;;;;;;;;;;;;;;;;1 494 053,7;1 553 251,1;1 660 912,6;2 120 734,3;2 576 242,6;2 578 532,8;2 459 129,3;2 643 132,1;2 882 713,7;3 458 076,3;3 965 573,0;…;…;…;;;;;;;;;;;;;;;;;;;;;;;;;;;;;
Добыча полезных ископаемых;;;;;;;;;;;;;;;;;;;;;4 155 760,8;4 678 508,2;4 916 512,4;5 184 553,1;6 108 305,6;6 147 742,4;7 608 902,3;10 875 915,9;10 998 275,0;7 562 583,1;14 111 459,5;…;…;…;;;;;;;;;;;;;;;;;;;;;;;;;;;;;
Обрабатывающие производства;;;;;;;;;;;;;;;;;;;;;4 027 300,7;4 554 456,3;4 468 774,6;5 189 340,2;6 252 162,8;5 809 934,7;6 795 612,6;8 461 134,7;9 061 851,2;9 334 618,3;12 673 513,1;…;…;…;;;;;;;;;;;;;;;;;;;;;;;;;;;;;
"Обеспечение электрической энергией, газом и паром; кондиционирование воздуха";;;;;;;;;;;;;;;;;;;;;844 334,5;818 232,9;874 448,9;851 712,2;1 020 197,5;1 137 718,0;1 216 638,0;1 133 932,6;1 225 964,4;1 261 850,5;1 386 993,1;…;…;…;;;;;;;;;;;;;;;;;;;;;;;;;;;;;
"Водоснабжение; воотведение, организация сбора и утилизации отходов, деятельность по ликвидации загрязнений";;;;;;;;;;;;;;;;;;;;;77 700,5;87 692,2;102 088,6;115 273,6;150 555,7;134 771,3;162 950,6;177 140,2;188 539,5;184 399,0;293 187,5;…;…;…;;;;;;;;;;;;;;;;;;;;;;;;;;;;;
Строительство;;;;;;;;;;;;;;;;;;;;;2 491 840,4;2 875 442,0;2 799 877,6;2 979 761,7;2 872 174,5;2 881 419,3;2 933 081,6;2 805 770,5;3 028 957,7;3 226 561,3;3 357 280,8;…;…;…;;;;;;;;;;;;;;;;;;;;;;;;;;;;;
"Торговля оптовая и розничная; ремонт автотранспортных средств и мотоциклов";;;;;;;;;;;;;;;;;;;;;6 164 853,3;6 804 963,1;7 181 766,7;7 639 910,0;8 063 128,5;7 323 817,1;7 126 942,1;7 825 826,1;7 794 966,1;7 859 839,5;11 639 359,1;…;…;…;;;;;;;;;;;;;;;;;;;;;;;;;;;;;
Транспортировка и храние;;;;;;;;;;;;;;;;;;;;;1 414 926,6;1 628 412,6;2 025 437,7;2 229 098,3;2 744 869,5;3 300 543,2;3 300 877,1;3 455 591,5;3 816 012,4;3 491 805,3;4 222 918,1;…;…;…;;;;;;;;;;;;;;;;;;;;;;;;;;;;;
Деятельность гостиниц и предприятий общественного питания;;;;;;;;;;;;;;;;;;;;;280 424,8;318 454,3;323 254,3;352 122,0;387 089,1;396 273,1;413 391,8;479 600,4;530 329,5;382 458,3;560 471,5;…;…;…;;;;;;;;;;;;;;;;;;;;;;;;;;;;;
"Деятельность в области информации 
и связи";;;;;;;;;;;;;;;;;;;;;850 549,3;1 024 139,7;999 466,8;975 414,6;1 025 903,7;1 068 930,2;1 206 517,6;1 204 472,4;1 318 717,7;1 437 862,4;1 693 338,7;…;…;…;;;;;;;;;;;;;;;;;;;;;;;;;;;;;
Деятельность финансовая и страховая;;;;;;;;;;;;;;;;;;;;;909 600,7;1 248 793,0;1 537 463,4;1 684 313,2;1 264 471,4;1 895 664,2;2 021 945,5;2 331 751,3;2 388 358,2;3 204 460,0;4 147 906,6;…;…;…;;;;;;;;;;;;;;;;;;;;;;;;;;;;;
"Деятельность по операциям 
с недвижимым имуществом";;;;;;;;;;;;;;;;;;;;;5 351 318,8;6 273 388,6;6 410 237,3;6 665 732,7;6 865 804,5;7 143 297,1;7 537 650,5;8 025 769,4;8 729 590,6;9 227 967,5;11 709 742,9;…;…;…;;;;;;;;;;;;;;;;;;;;;;;;;;;;;
Деятельность профессиональная, научная и техническая;;;;;;;;;;;;;;;;;;;;;940 162,2;1 028 183,3;1 276 857,1;1 484 906,1;1 586 354,3;1 592 904,3;1 854 267,0;1 870 467,3;2 171 883,9;2 338 037,3;2 158 617,7;…;…;…;;;;;;;;;;;;;;;;;;;;;;;;;;;;;
"Деятельность административная 
и сопутствующие дополнительные услуги";;;;;;;;;;;;;;;;;;;;;611 463,8;685 729,4;869 258,9;941 758,9;1 249 197,5;1 296 628,4;1 392 987,9;1 303 764,7;1 290 876,1;1 300 786,6;1 638 151,7;…;…;…;;;;;;;;;;;;;;;;;;;;;;;;;;;;;
"Государственное управление 
и обеспечение военной безопасности;  социальное отрахование";;;;;;;;;;;;;;;;;;;;;1 043 685,0;1 293 923,7;1 526 599,8;1 630 974,4;1 811 712,0;2 066 394,5;2 243 452,2;2 406 479,4;2 622 205,5;2 871 154,3;2 987 458,0;…;…;…;;;;;;;;;;;;;;;;;;;;;;;;;;;;;
Образование;;;;;;;;;;;;;;;;;;;;;107 364,1;147 705,9;146 986,5;162 431,3;191 600,1;217 402,9;238 689,3;209 399,9;298 527,7;288 896,6;201 432,4;…;…;…;;;;;;;;;;;;;;;;;;;;;;;;;;;;;
Деятельность в области здравоохранения и социальных услуг;;;;;;;;;;;;;;;;;;;;;160 819,2;158 667,4;168 935,9;202 076,4;237 352,8;240 060,7;354 381,6;378 647,6;426 425,0;485 407,5;620 700,6;…;…;…;;;;;;;;;;;;;;;;;;;;;;;;;;;;;
"Деятельность в области культуры, спорта, организации досуга 
и развлечений";;;;;;;;;;;;;;;;;;;;;102 251,9;114 109,2;115 280,1;143 802,5;182 499,8;189 813,5;256 580,9;271 536,1;320 603,3;237 778,4;338 980,0;…;…;…;;;;;;;;;;;;;;;;;;;;;;;;;;;;;
Предоставление прочих видов услуг;;;;;;;;;;;;;;;;;;;;;83 802,2;123 248,3;155 870,3;157 688,2;202 042,2;237 743,0;268 557,6;275 359,1;304 406,3;256 336,3;330 928,8;…;…;…;;;;;;;;;;;;;;;;;;;;;;;;;;;;;
"Деятельность домашних хозяйств 
как работодателей; недифференцированная деятельность частных домашних хозяйств 
по производству товаров и оказанию услуг для собственного потребления ";;;;;;;;;;;;;;;;;;;;;56,0;0,0;0,2;0,0;0,0;0,0;0,0;0,0;0,0;0,0;0,0;…;…;…;;;;;;;;;;;;;;;;;;;;;;;;;;;;;
Итого  по видам деятельности;;;;;;;;;;;;;;;;;;;;;31 112 268,6;35 417 301,2;37 560 029,7;40 711 603,5;44 791 663,5;45 659 590,8;49 392 555,5;56 135 691,2;59 399 203,8;58 410 878,5;78 038 013,1;94 677 025,9;103 132 821,0;114 854 710,8;;;;;;;;;;;;;;;;;;;;;;;;;;;;;
"Кроме того, оплата труда  и смешанные доходы, не наблюдаемые прямыми статистическими методами, рассчитанные на основе баланса (без распределения 
по видам экономической деятельности)";;;;;;;;;;;;;;;;;;;;;-6 128 000,0;-7 331 000,0;-8 433 000,0;-10 119 000,0;-10 717 000,0;-10 686 000,0;-11 420 000,0;-10 880 000,0;-10 270 000,0;-9 900 000,0;-11 750 000,0;-13 470 000,0;-15 580 000,0;-17 450 000,0;;;;;;;;;;;;;;;;;;;;;;;;;;;;;
" Всего, включая оплату труда 
и смешанные доходы, не наблюдаемые прямыми статистическими методами ";;;;;;;;;;;;;;;;;;;;;24 984 268,6;28 086 301,2;29 127 029,7;30 592 603,5;34 074 663,5;34 973 590,8;37 972 555,6;45 255 691,2;49 129 203,8;48 510 878,5;66 288 013,1;81 207 025,9;87 552 821,0;97 404 710,9;;;;;;;;;;;;;;;;;;;;;;;;;;;;;
"Использование валового внутреннего продукта (в текущих рыночных ценах; миллионов рублей)";;;;;;;;;;;;;;;;;;;;;;;;;;;;;;;;;;;;;;;;;;;;;;;;;;;;;;;;;;;;;;;
Валовой внутренний продукт;;;;;;;;;;;;10 830 535,1;13 208 233,8;17 027 190,9;21 609 765,5;26 917 201,4;33 247 513,2;41 276 849,2;38 807 218,6;46 308 541,2;60 114 000,8;68 103 449,6;72 985 701,1;79 030 040,1;83 087 360,1;85 616 083,8;91 843 154,2;103 861 651,1;109 608 305,7;107 658 131,0;134 727 467,4;156 940 923,2;176 413 587,1;201 152 092,2;;;;;;;;;;;;;;;;;;;;;;;;;;;;;
в том числе:;;;;;;;;;;;;;;;;;;;;;;;;;;;;;;;;;;;;;;;;;;;;;;;;;;;;;;;;;;;;;;;
расходы на конечное потребление;;;;;;;;;;;;7 484 115,5;9 058 687,6;11 477 849,6;14 438 149,2;17 809 740,7;21 968 579,5;27 543 511,4;29 269 625,1;32 514 673,2;40 883 862,9;47 273 436,1;52 433 659,7;56 735 901,6;58 531 125,9;61 398 518,2;65 289 518,7;70 705 213,0;76 397 446,2;76 939 703,0;91 038 120,7;101 793 553,2;118 581 326,6;136 628 076,3;;;;;;;;;;;;;;;;;;;;;;;;;;;;;
домашних хозяйств;;;;;;;;;;;;5 409 157,7;6 537 401,5;8 438 484,1;10 652 857,8;12 974 743,4;16 031 739,8;19 966 954,7;20 985 936,1;23 617 623,3;30 062 605,9;34 788 524,4;38 544 309,6;42 198 664,3;43 456 179,5;45 244 514,6;48 178 030,2;51 883 723,3;56 109 663,1;54 752 096,0;67 008 657,9;74 288 382,6;86 105 563,6;98 341 325,2;;;;;;;;;;;;;;;;;;;;;;;;;;;;;
государственного управления;;;;;;;;;;;;1 942 441,8;2 366 368,7;2 889 814,5;3 645 918,5;4 680 409,7;5 750 964,1;7 359 844,2;8 066 692,6;8 671 323,7;10 595 420,8;12 236 319,4;13 630 354,2;14 247 046,0;14 760 859,4;15 809 774,2;16 730 910,0;18 394 324,1;19 840 656,0;21 500 403,4;23 243 024,3;26 824 658,6;31 680 728,0;37 320 459,8;;;;;;;;;;;;;;;;;;;;;;;;;;;;;
из них:;;;;;;;;;;;;;;;;;;;;;;;;;;;;;;;;;;;;;;;;;;;;;;;;;;;;;;;;;;;;;;;
"на индивидуальные товары 
и услуги";;;;;;;;;;;;858 159,1;1 015 496,4;1 260 365,8;1 662 905,0;2 154 301,6;2 710 005,7;3 500 155,7;3 836 009,6;4 118 622,8;4 904 682,5;5 225 597,1;5 726 917,4;6 177 117,6;6 407 611,4;6 565 091,8;6 802 024,1;7 792 609,8;8 901 747,7;9 713 850,1;10 637 042,5;…;…;…;;;;;;;;;;;;;;;;;;;;;;;;;;;;;
на коллективные услуги;;;;;;;;;;;;1 084 282,7;1 350 872,3;1 629 448,7;1 983 013,5;2 526 108,1;3 040 958,4;3 859 688,5;4 230 683,0;4 552 700,9;5 690 738,3;7 010 722,3;7 903 436,8;8 069 928,4;8 353 248,0;9 244 682,4;9 928 885,9;10 601 714,3;10 938 908,3;11 786 553,3;12 605 981,8;…;…;…;;;;;;;;;;;;;;;;;;;;;;;;;;;;;
некоммерческих организаций, обслуживающих домашние хозяйства;;;;;;;;;;;;132 516,0;154 917,4;149 551,0;139 372,9;154 587,6;185 875,6;216 712,5;216 996,4;225 726,2;225 836,2;248 592,3;258 995,9;290 191,3;314 087,0;344 229,4;380 578,5;427 165,6;447 127,1;687 203,6;786 438,5;680 512,0;795 035,0;966 291,3;;;;;;;;;;;;;;;;;;;;;;;;;;;;;
валовое накопление;;;;;;;;;;;;2 169 313,7;2 755 048,5;3 558 951,4;4 338 730,5;5 698 727,3;8 034 098,2;10 526 116,1;7 344 756,5;10 472 630,0;14 584 067,5;16 721 898,6;16 985 025,9;17 695 485,3;18 402 773,4;19 773 399,8;21 681 180,5;22 764 479,2;24 838 854,0;25 252 069,1;30 999 930,8;36 414 801,4;47 645 149,4;52 900 650,1;;;;;;;;;;;;;;;;;;;;;;;;;;;;;
"валовое накопление основного капитала2);3)";;;;;;;;;;;;1 939 314,4;2 432 252,0;3 130 523,6;3 836 895,9;4 980 573,3;6 980 359,1;9 200 768,9;8 535 671,5;10 014 340,1;12 817 253,5;14 683 886,2;16 013 227,0;16 926 030,2;17 125 612,2;18 733 924,0;20 189 066,4;21 452 076,3;22 910 697,8;23 210 960,9;26 023 011,7;32 718 164,5;38 810 092,4;44 520 799,6;;;;;;;;;;;;;;;;;;;;;;;;;;;;;
изменение запасов материальных оборотных средств;;;;;;;;;;;;229 999,3;322 796,5;428 427,8;501 834,6;718 154,0;1 053 739,1;1 325 347,2;-1 190 915,0;458 289,9;1 766 814,0;2 038 012,4;971 798,9;769 455,1;1 277 161,2;1 039 475,8;1 492 114,1;1 312 402,9;1 928 156,2;2 041 108,2;4 976 919,1;3 696 636,9;8 835 057,0;8 379 850,5;;;;;;;;;;;;;;;;;;;;;;;;;;;;;
чистый экспорт ;;;;;;;;;;;;1 167 490,5;1 501 960,1;2 086 533,4;2 958 981,1;3 425 912,8;2 866 551,3;3 812 567,2;2 887 699,1;3 739 696,9;4 854 435,3;4 537 900,6;3 943 749,4;5 074 399,1;6 686 408,3;4 444 165,8;4 872 455,0;10 391 959,8;8 372 005,5;5 466 358,9;12 689 415,9;19 865 325,5;7 323 136,0;8 699 935,4;;;;;;;;;;;;;;;;;;;;;;;;;;;;;
    экспорт;;;;;;;;;;;;3 813 694,6;4 655 880,3;5 860 396,9;7 607 256,5;9 079 332,7;10 028 762,1;12 923 553,7;10 842 026,2;13 529 310,9;16 865 192,2;18 324 772,3;18 863 370,2;21 425 934,6;23 848 895,9;22 135 545,1;23 962 659,4;31 982 372,8;31 165 401,6;27 476 753,5;40 421 469,3;43 504 561,4;39 680 225,8;44 085 744,0;;;;;;;;;;;;;;;;;;;;;;;;;;;;;
    импорт;;;;;;;;;;;;2 646 204,1;3 153 920,2;3 773 863,5;4 648 275,4;5 653 419,9;7 162 210,8;9 110 986,5;7 954 327,1;9 789 614,0;12 010 756,9;13 786 871,7;14 919 620,8;16 351 535,5;17 162 487,6;17 691 379,3;19 090 204,4;21 590 413,0;22 793 396,1;22 010 394,6;27 732 053,4;23 639 235,9;32 357 089,8;35 385 808,6;;;;;;;;;;;;;;;;;;;;;;;;;;;;;
статистическое расхождение;;;;;;;;;;;;9 615,4;-107 462,4;-96 143,5;-126 095,3;-17 179,4;378 284,2;-605 345,5;-694 862,1;-418 458,9;-208 364,9;-429 785,7;-376 733,9;-475 745,9;-532 947,5;0,0;0,0;-0,9;0,0;0,0;0,0;-1 132 756,9;2 863 975,1;2 923 430,4;;;;;;;;;;;;;;;;;;;;;;;;;;;;;
"Структура использования валового внутреннего продукта (в текущих рыночных ценах; в процентах к итогу)";;;;;;;;;;;;;;;;;;;;;;;;;;;;;;;;;;;;;;;;;;;;;;;;;;;;;;;;;;;;;;;
Валовой внутренний продукт;;;;;;;;;;;;100,0;100,0;100,0;100,0;100,0;100,0;100,0;100,0;100,0;100,0;100,0;100,0;100,0;100,0;100,0;100,0;100,0;100,0;100,0;100,0;100,0;100,0;100,0;;;;;;;;;;;;;;;;;;;;;;;;;;;;;
в том числе:;;;;;;;;;;;;;;;;;;;;;;;;;;;;;;;;;;;;;;;;;;;;;;;;;;;;;;;;;;;;;;;
расходы на конечное потребление;;;;;;;;;;;;69,2;68,2;67,0;66,3;66,1;66,8;65,9;74,1;69,6;67,9;69,1;71,6;71,5;70,1;71,8;71,0;68,1;69,7;71,5;67,7;64,4;68,4;69,0;;;;;;;;;;;;;;;;;;;;;;;;;;;;;
домашних хозяйств;;;;;;;;;;;;50,0;49,2;49,3;49,0;48,2;48,8;47,8;53,1;50,5;49,9;50,9;52,6;53,1;52,1;52,9;52,4;50,0;51,2;50,8;49,8;47,1;49,6;49,6;;;;;;;;;;;;;;;;;;;;;;;;;;;;;
государственного управления;;;;;;;;;;;;18,0;17,8;16,9;16,7;17,4;17,5;17,6;20,4;18,5;17,6;17,8;18,6;18,0;17,6;18,5;18,2;17,7;18,1;20,1;17,3;16,9;18,3;18,9;;;;;;;;;;;;;;;;;;;;;;;;;;;;;
из них:;;;;;;;;;;;;;;;;;;;;;;;;;;;;;;;;;;;;;;;;;;;;;;;;;;;;;;;;;;;;;;;
"на индивидуальные товары 
и услуги";;;;;;;;;;;;8,0;7,6;7,4;7,6;8,0;8,2;8,4;9,7;8,8;8,2;7,6;7,8;7,8;7,6;7,7;7,4;7,5;8,1;9,1;7,9;7,1;7,1;7,2;;;;;;;;;;;;;;;;;;;;;;;;;;;;;
на коллективные услуги;;;;;;;;;;;;10,0;10,2;9,5;9,1;9,4;9,3;9,2;10,7;9,7;9,4;10,2;10,8;10,2;10,0;10,8;10,8;10,2;10,0;11,0;9,4;9,8;10,9;11,7;;;;;;;;;;;;;;;;;;;;;;;;;;;;;
некоммерческих организаций, обслуживающих домашние хозяйства;;;;;;;;;;;;1,2;1,2;0,8;0,6;0,5;0,5;0,5;0,6;0,6;0,4;0,4;0,4;0,4;0,4;0,4;0,4;0,4;0,4;0,6;0,6;0,4;0,5;0,5;;;;;;;;;;;;;;;;;;;;;;;;;;;;;
валовое накопление;;;;;;;;;;;;20,0;20,6;20,9;20,1;21,2;24,4;25,1;18,6;22,4;24,2;24,4;23,0;22,2;21,9;23,1;23,6;21,8;22,6;23,4;22,8;23,0;27,4;26,6;;;;;;;;;;;;;;;;;;;;;;;;;;;;;
валовое накопление основного капитала2);;;;;;;;;;;;17,9;18,2;18,4;17,7;18,5;21,2;22,0;21,7;21,4;21,3;21,4;21,7;21,3;20,5;21,9;22,0;20,6;20,9;21,5;19,2;20,7;22,3;22,4;;;;;;;;;;;;;;;;;;;;;;;;;;;;;
изменение запасов материальных оборотных средств;;;;;;;;;;;;2,1;2,4;2,5;2,4;2,7;3,2;3,1;-3,1;1,1;2,9;3,0;1,3;0,9;1,4;1,2;1,6;1,2;1,7;1,9;3,6;2,3;5,1;4,2;;;;;;;;;;;;;;;;;;;;;;;;;;;;;
чистый экспорт ;;;;;;;;;;;;10,8;11,2;12,1;13,6;12,7;8,8;9,0;7,3;7,9;7,9;6,5;5,4;6,3;8,0;5,1;5,4;10,1;7,7;5,1;9,5;12,6;4,2;4,4;;;;;;;;;;;;;;;;;;;;;;;;;;;;;
    экспорт;;;;;;;;;;;;35,2;34,9;34,2;35,0;33,7;30,6;30,8;27,4;28,9;27,9;26,7;25,7;26,9;28,6;25,8;26,1;30,8;28,5;25,5;30,0;27,5;22,9;22,3;;;;;;;;;;;;;;;;;;;;;;;;;;;;;
    импорт;;;;;;;;;;;;24,4;23,7;22,1;21,4;21,0;21,8;21,8;20,1;21,0;20,0;20,2;20,3;20,6;20,6;20,7;20,7;20,7;20,8;20,4;20,5;14,9;18,7;17,9;;;;;;;;;;;;;;;;;;;;;;;;;;;;;
Индексы физического объема элементов использования валового внутреннего продукта (в процентах к предыдущему год);;;;;;;;;;;;;;;;;;;;;;;;;;;;;;;;;;;;;;;;;;;;;;;;;;;;;;;;;;;;;;;
Валовой внутренний продукт ;;;;;;;;;;;;104,7;107,3;107,2;106,4;108,2;108,5;105,2;92,2;104,5;104,3;104,0;101,8;100,7;98,0;100,2;101,8;102,8;102,2;97,3;105,9;98,8;104,1;104,3;;;;;;;;;;;;;;;;;;;;;;;;;;;;;
расходы на конечное потребление;;;;;;;;;;;;107,0;106,1;109,4;109,1;109,5;111,2;108,6;96,1;103,5;105,3;106,2;103,8;100,9;92,0;98,5;103,4;103,5;103,4;96,1;107,8;100,1;106,5;105,2;;;;;;;;;;;;;;;;;;;;;;;;;;;;;
домашних хозяйств;;;;;;;;;;;;108,5;107,7;112,5;112,2;112,2;114,3;110,6;94,9;105,5;106,8;107,6;105,1;102,1;90,5;97,4;103,7;104,3;103,8;94,1;109,8;99,4;107,5;105,4;;;;;;;;;;;;;;;;;;;;;;;;;;;;;
государственного управления;;;;;;;;;;;;102,6;102,4;102,1;101,4;102,3;102,7;103,4;99,4;98,5;101,4;102,2;100,1;97,5;96,4;101,4;102,5;101,3;102,4;101,9;102,9;102,0;103,8;104,8;;;;;;;;;;;;;;;;;;;;;;;;;;;;;
некоммерческих организаций, обслуживающих домашние хозяйства;;;;;;;;;;;;100,8;100,1;88,9;81,7;98,3;102,7;98,6;92,0;99,5;95,1;98,9;98,1;99,8;97,1;101,0;100,5;98,3;99,8;96,5;106,8;100,7;100,1;104,8;;;;;;;;;;;;;;;;;;;;;;;;;;;;;
валовое накопление;;;;;;;;;;;;97,4;114,3;112,2;109,5;117,7;122,0;110,5;59,0;128,5;121,0;105,5;94,8;93,6;88,3;99,4;106,4;98,4;102,3;95,7;115,1;101,4;119,8;102,1;;;;;;;;;;;;;;;;;;;;;;;;;;;;;
"валовое накопление основного капитала2);3)";;;;;;;;;;;;102,8;113,9;112,6;110,6;118,0;121,0;110,6;85,6;105,9;109,1;106,2;101,9;97,9;89,4;101,3;104,7;100,6;101,0;96,0;109,3;107,4;107,8;106,0;;;;;;;;;;;;;;;;;;;;;;;;;;;;;
изменение запасов материальных оборотных средств4);;;;;;;;;;;;…;…;…;…;…;…;…;…;…;… ;… ;… ;…;…;…;…;…;…;…;…;…;…;…;;;;;;;;;;;;;;;;;;;;;;;;;;;;;
экспорт;;;;;;;;;;;;110,3;112,6;111,8;106,5;107,3;106,3;100,6;95,3;107,0;100,3;101,4;104,6;100,5;103,7;103,2;105,0;105,6;100,7;95,8;103,2;…;…;…;;;;;;;;;;;;;;;;;;;;;;;;;;;;;
импорт;;;;;;;;;;;;114,6;117,3;123,3;116,6;121,3;126,2;114,8;69,6;125,8;120,3;109,7;103,5;92,7;75,0;96,3;117,3;102,7;103,1;88,1;119,1;…;…;…;;;;;;;;;;;;;;;;;;;;;;;;;;;;;
_____________;;;;;;;;;;;;;;;;;;;;;;;;;;;;;;;;;;;;;;;;;;;;;;;;;;;;;;;;;;;;;;;
1) Здесь и далее показатели раздела в составе ресурсов или использования со знаком (-) уменьшают значение итога.;;;;;;;;;;;;;;;;;;;;;;;;;;;;;;;;;;;;;;;;;;;;;;;;;;;;;;;;;;;;;;;
2) Включая приобретение за вычетом выбытия ценностей.;;;;;;;;;;;;;;;;;;;;;;;;;;;;;;;;;;;;;;;;;;;;;;;;;;;;;;;;;;;;;;;
"3) Начиная с 2011 г. с учетом повышения лимита стоимости активов, относящихся к материально-производственным запасам, с 20 тыс. руб. до 40 тыс. руб., в соответствии с Приказом Министерства финансов Российской Федерации от 24 декабря 2010 г. № 186Н ""О внесении изменений в нормативные правовые акты по бухгалтерскому учету и признании утратившим силу приказа Министерства финансов Российской Федерации от 15 января 1997 г. № 3"".";;;;;;;;;;;;;;;;;;;;;;;;;;;;;;;;;;;;;;;;;;;;;;;;;;;;;;;;;;;;;;;
4) Показатель не имеет экономического смысла.;;;;;;;;;;;;;;;;;;;;;;;;;;;;;;;;;;;;;;;;;;;;;;;;;;;;;;;;;;;;;;;
"__________
*)   Показатели системы национальных счетов начиная с 2011 года содержат изменения, связанные с внедрением международной методологии оценки жилищных услуг, производимых и потребляемых собственниками жилья; оценкой потребления основного капитала исходя из его текущей рыночной стоимости; согласованием  данных об экспорте и импорте  с данными платежного баланса; актуализацией данных по итогам разработки базовых таблиц ""Затраты-выпуск"" 
за 2011, 2016, 2021 годы, а также по итогам Всероссийской сельскохозяйственной переписи 2016 года; включением оценки услуг домашних работников (домашней прислуги), а также  внедрением положений СНС 2008 года относительно учета результатов научных исследований и разработок и систем вооружения и относительно учета использования косвенных услуг Центрального банка. ";;;;;;;;;;;;;;;;;;;;;;;;;;;;;;;;;;;;;;;;;;;;;;;;;;;;;;;;;;;;;;;
